grid_lat,grid_lon,date,fire_count,frp_sum,frp_mean,frp_max,fire_occurred
29.0,73.125,2023-04-16,1,10.44,10.44,10.44,1
29.0,73.125,2023-04-20,1,3.31,3.31,3.31,1
29.0,73.125,2023-04-21,1,7.34,7.34,7.34,1
29.0,73.125,2023-04-24,1,4.89,4.89,4.89,1
29.0,73.125,2023-04-27,2,5.550000000000001,2.7750000000000004,3.16,1
29.0,73.125,2023-05-04,3,14.780000000000001,4.926666666666667,5.3,1
29.0,73.125,2023-05-05,2,4.48,2.24,3.4,1
29.0,73.125,2023-05-16,1,2.19,2.19,2.19,1
29.0,73.125,2023-06-03,1,4.36,4.36,4.36,1
29.0,73.125,2023-06-05,1,3.66,3.66,3.66,1
29.0,73.125,2023-11-05,1,2.42,2.42,2.42,1
29.0,73.125,2023-11-06,1,4.68,4.68,4.68,1
29.0,73.125,2023-11-07,2,21.2,10.6,11.43,1
29.0,73.125,2023-11-10,4,21.37,5.3425,7.7,1
29.0,73.125,2023-11-13,3,11.31,3.77,6.11,1
29.0,73.125,2023-12-06,1,4.72,4.72,4.72,1
29.0,73.125,2024-04-23,2,11.24,5.62,5.88,1
29.0,73.125,2024-04-29,1,4.27,4.27,4.27,1
29.0,73.125,2024-05-01,1,5.4,5.4,5.4,1
29.0,73.125,2024-05-02,1,4.25,4.25,4.25,1
29.0,73.125,2024-05-04,2,18.1,9.05,9.73,1
29.0,73.125,2024-05-06,1,15.22,15.22,15.22,1
29.0,73.125,2024-05-12,1,1.18,1.18,1.18,1
29.0,73.125,2024-05-13,1,2.14,2.14,2.14,1
29.0,73.125,2024-05-18,1,7.5,7.5,7.5,1
29.0,73.125,2024-07-09,1,2.02,2.02,2.02,1
29.0,73.125,2024-10-14,2,6.8100000000000005,3.4050000000000002,4.2,1
29.0,73.125,2024-11-02,1,4.36,4.36,4.36,1
29.0,73.125,2024-11-07,2,4.13,2.065,2.72,1
29.0,73.125,2024-11-08,5,32.3,6.459999999999999,11.26,1
29.0,73.125,2024-11-11,3,15.84,5.28,8.76,1
29.0,73.125,2024-11-14,4,17.07,4.2675,5.69,1
29.0,73.125,2024-11-15,1,3.42,3.42,3.42,1
29.0,73.125,2024-11-16,2,13.719999999999999,6.859999999999999,8.28,1
29.0,73.125,2024-11-17,3,10.83,3.61,4.26,1
29.0,73.125,2024-11-18,3,11.780000000000001,3.926666666666667,4.94,1
29.0,73.125,2024-11-19,1,3.58,3.58,3.58,1
29.0,73.125,2024-11-20,5,85.35,17.07,28.96,1
29.0,73.125,2024-11-21,3,7.790000000000001,2.596666666666667,2.87,1
29.0,73.125,2024-11-22,3,10.08,3.36,3.86,1
29.0,73.125,2024-11-23,5,19.21,3.842,5.71,1
29.0,73.125,2024-11-24,4,25.14,6.285,16.94,1
29.0,73.125,2024-11-26,1,6.24,6.24,6.24,1
29.0,73.125,2024-11-27,4,11.809999999999999,2.9524999999999997,4.76,1
29.0,73.125,2024-11-29,2,4.47,2.235,2.34,1
29.0,73.125,2024-12-03,2,4.47,2.235,2.42,1
29.0,73.125,2024-12-04,1,1.85,1.85,1.85,1
29.0,73.125,2025-04-26,1,22.69,22.69,22.69,1
29.0,73.125,2025-04-28,1,2.54,2.54,2.54,1
29.0,73.125,2025-04-30,3,8.09,2.6966666666666668,4.58,1
29.0,73.125,2025-05-01,1,1.95,1.95,1.95,1
29.0,73.125,2025-05-02,1,2.07,2.07,2.07,1
29.0,73.125,2025-06-01,1,3.41,3.41,3.41,1
29.0,73.125,2025-09-29,1,3.15,3.15,3.15,1
29.0,73.125,2025-10-05,1,1.22,1.22,1.22,1
29.0,73.125,2025-10-15,1,2.55,2.55,2.55,1
29.0,73.125,2025-10-26,1,3.02,3.02,3.02,1
29.0,73.125,2025-11-02,1,1.77,1.77,1.77,1
29.0,73.125,2025-11-03,1,5.77,5.77,5.77,1
29.0,73.125,2025-11-05,4,54.739999999999995,13.684999999999999,26.93,1
29.0,73.125,2025-11-06,1,1.37,1.37,1.37,1
29.0,73.125,2025-11-08,3,8.32,2.7733333333333334,4.27,1
29.0,73.125,2025-11-09,5,53.68000000000001,10.736,19.07,1
29.0,73.125,2025-11-10,7,24.35,3.4785714285714286,6.25,1
29.0,73.125,2025-11-11,8,50.65,6.33125,10.9,1
29.0,73.125,2025-11-13,7,63.36,9.051428571428572,14.61,1
29.0,73.125,2025-11-14,1,4.65,4.65,4.65,1
29.0,73.125,2025-11-15,8,43.68,5.46,11.34,1
29.0,73.125,2025-11-16,1,16.39,16.39,16.39,1
29.0,73.125,2025-11-18,1,4.79,4.79,4.79,1
29.0,73.125,2025-11-19,1,5.92,5.92,5.92,1
29.0,73.125,2025-11-20,1,3.48,3.48,3.48,1
29.0,73.125,2025-11-21,1,1.75,1.75,1.75,1
29.0,73.125,2025-11-24,2,12.46,6.23,7.74,1
29.0,73.75,2023-02-09,1,6.32,6.32,6.32,1
29.0,73.75,2023-04-24,1,2.08,2.08,2.08,1
29.0,73.75,2023-04-26,1,4.72,4.72,4.72,1
29.0,73.75,2023-04-27,1,7.37,7.37,7.37,1
29.0,73.75,2023-05-20,1,3.35,3.35,3.35,1
29.0,73.75,2023-11-03,3,17.46,5.82,8.61,1
29.0,73.75,2023-11-05,1,6.18,6.18,6.18,1
29.0,73.75,2023-11-06,2,8.370000000000001,4.1850000000000005,5.5,1
29.0,73.75,2023-11-07,4,29.82,7.455,13.59,1
29.0,73.75,2023-11-11,1,2.84,2.84,2.84,1
29.0,73.75,2023-11-15,4,12.84,3.21,5.08,1
29.0,73.75,2023-11-20,1,5.59,5.59,5.59,1
29.0,73.75,2023-11-22,2,5.54,2.77,3.46,1
29.0,73.75,2024-03-25,1,4.83,4.83,4.83,1
29.0,73.75,2024-04-27,1,4.25,4.25,4.25,1
29.0,73.75,2024-05-02,1,6.51,6.51,6.51,1
29.0,73.75,2024-05-04,2,5.3,2.65,3.25,1
29.0,73.75,2024-05-07,1,14.22,14.22,14.22,1
29.0,73.75,2024-05-14,1,1.59,1.59,1.59,1
29.0,73.75,2024-05-22,1,1.15,1.15,1.15,1
29.0,73.75,2024-10-26,1,2.35,2.35,2.35,1
29.0,73.75,2024-11-01,2,8.76,4.38,4.38,1
29.0,73.75,2024-11-07,11,60.14,5.467272727272728,10.33,1
29.0,73.75,2024-11-08,5,12.59,2.518,2.86,1
29.0,73.75,2024-11-09,1,8.04,8.04,8.04,1
29.0,73.75,2024-11-10,1,6.58,6.58,6.58,1
29.0,73.75,2024-11-11,4,30.919999999999998,7.7299999999999995,18.18,1
29.0,73.75,2024-11-12,2,7.76,3.88,3.88,1
29.0,73.75,2024-11-14,2,15.45,7.725,10.75,1
29.0,73.75,2024-11-15,1,11.38,11.38,11.38,1
29.0,73.75,2024-11-16,2,13.190000000000001,6.595000000000001,9.24,1
29.0,73.75,2024-11-17,4,15.739999999999998,3.9349999999999996,4.64,1
29.0,73.75,2024-11-18,7,26.25,3.75,6.64,1
29.0,73.75,2024-11-19,4,16.04,4.01,6.61,1
29.0,73.75,2024-11-22,1,11.05,11.05,11.05,1
29.0,73.75,2024-11-24,1,15.24,15.24,15.24,1
29.0,73.75,2024-11-28,1,1.31,1.31,1.31,1
29.0,73.75,2024-12-02,1,2.65,2.65,2.65,1
29.0,73.75,2025-01-26,1,2.23,2.23,2.23,1
29.0,73.75,2025-04-12,1,13.41,13.41,13.41,1
29.0,73.75,2025-04-29,2,9.33,4.665,6.26,1
29.0,73.75,2025-04-30,3,18.52,6.173333333333333,8.12,1
29.0,73.75,2025-05-04,2,1.04,0.52,0.61,1
29.0,73.75,2025-05-10,2,12.13,6.065,6.19,1
29.0,73.75,2025-09-11,1,4.12,4.12,4.12,1
29.0,73.75,2025-10-30,1,3.74,3.74,3.74,1
29.0,73.75,2025-10-31,1,1.22,1.22,1.22,1
29.0,73.75,2025-11-02,2,7.1,3.55,3.55,1
29.0,73.75,2025-11-03,2,12.95,6.475,6.94,1
29.0,73.75,2025-11-04,3,18.89,6.296666666666667,12.08,1
29.0,73.75,2025-11-05,8,92.68,11.585,30.26,1
29.0,73.75,2025-11-06,3,26.68,8.893333333333333,15.01,1
29.0,73.75,2025-11-07,3,27.89,9.296666666666667,16.77,1
29.0,73.75,2025-11-08,2,11.48,5.74,9.48,1
29.0,73.75,2025-11-10,6,42.57,7.095,19.15,1
29.0,73.75,2025-11-11,2,11.32,5.66,5.79,1
29.0,73.75,2025-11-13,6,37.6,6.266666666666667,8.4,1
29.0,73.75,2025-11-14,5,22.66,4.532,7.57,1
29.0,73.75,2025-11-15,3,44.42,14.806666666666667,37.28,1
29.0,73.75,2025-11-16,4,61.19,15.2975,28.45,1
29.0,73.75,2025-11-17,1,10.78,10.78,10.78,1
29.0,73.75,2025-11-18,3,36.05,12.016666666666666,17.91,1
29.0,73.75,2025-11-20,1,3.41,3.41,3.41,1
29.0,73.75,2025-11-22,3,10.76,3.5866666666666664,5.49,1
29.0,73.75,2025-11-24,3,21.84,7.28,10.51,1
29.0,73.75,2025-12-21,1,1.97,1.97,1.97,1
29.0,74.375,2023-04-20,1,3.7,3.7,3.7,1
29.0,74.375,2023-04-24,2,26.46,13.23,18.93,1
29.0,74.375,2023-05-10,1,7.78,7.78,7.78,1
29.0,74.375,2023-06-03,1,7.04,7.04,7.04,1
29.0,74.375,2023-10-11,1,13.95,13.95,13.95,1
29.0,74.375,2023-12-17,1,3.15,3.15,3.15,1
29.0,74.375,2024-03-20,1,5.53,5.53,5.53,1
29.0,74.375,2024-05-06,1,16.64,16.64,16.64,1
29.0,74.375,2024-09-23,1,2.4,2.4,2.4,1
29.0,74.375,2025-04-18,1,1.96,1.96,1.96,1
29.0,74.375,2025-04-23,1,2.4,2.4,2.4,1
29.0,74.375,2025-04-24,3,9.55,3.1833333333333336,5.98,1
29.0,74.375,2025-09-16,1,1.31,1.31,1.31,1
29.0,74.375,2025-10-30,1,1.87,1.87,1.87,1
29.0,74.375,2025-11-10,1,2.8,2.8,2.8,1
29.0,74.375,2025-11-11,2,6.77,3.385,3.91,1
29.0,74.375,2025-11-16,1,1.59,1.59,1.59,1
29.0,74.375,2025-11-17,1,2.28,2.28,2.28,1
29.0,74.375,2025-11-19,1,3.9,3.9,3.9,1
29.0,74.375,2025-11-21,1,2.35,2.35,2.35,1
29.0,75.0,2023-02-07,1,2.72,2.72,2.72,1
29.0,75.0,2023-11-23,1,2.14,2.14,2.14,1
29.0,75.0,2023-12-17,1,2.76,2.76,2.76,1
29.0,75.0,2024-02-19,4,98.44999999999999,24.612499999999997,49.79,1
29.0,75.0,2025-02-13,2,24.28,12.14,12.14,1
29.0,75.0,2025-03-08,1,0.6,0.6,0.6,1
29.0,75.0,2025-04-27,1,0.69,0.69,0.69,1
29.0,75.0,2025-04-30,1,2.88,2.88,2.88,1
29.0,75.625,2023-01-12,1,6.5,6.5,6.5,1
29.0,75.625,2023-01-14,1,1.06,1.06,1.06,1
29.0,75.625,2023-01-16,1,4.94,4.94,4.94,1
29.0,75.625,2023-01-17,1,3.04,3.04,3.04,1
29.0,75.625,2023-01-20,2,2.3,1.15,1.16,1
29.0,75.625,2023-01-22,2,13.17,6.585,9.18,1
29.0,75.625,2023-02-02,3,3.08,1.0266666666666666,1.75,1
29.0,75.625,2023-02-04,2,6.57,3.285,3.89,1
29.0,75.625,2023-02-05,1,0.58,0.58,0.58,1
29.0,75.625,2023-02-06,1,0.42,0.42,0.42,1
29.0,75.625,2023-02-07,3,6.43,2.143333333333333,3.77,1
29.0,75.625,2023-02-08,1,4.09,4.09,4.09,1
29.0,75.625,2023-02-10,1,0.56,0.56,0.56,1
29.0,75.625,2023-02-12,4,10.06,2.515,5.95,1
29.0,75.625,2023-02-13,3,20.759999999999998,6.919999999999999,10.12,1
29.0,75.625,2023-02-14,1,2.7,2.7,2.7,1
29.0,75.625,2023-02-20,1,1.37,1.37,1.37,1
29.0,75.625,2023-02-23,2,14.87,7.435,10.86,1
29.0,75.625,2023-03-05,2,1.13,0.565,0.77,1
29.0,75.625,2023-03-10,2,1.51,0.755,1.07,1
29.0,75.625,2023-03-14,1,1.41,1.41,1.41,1
29.0,75.625,2023-04-01,1,0.68,0.68,0.68,1
29.0,75.625,2023-04-06,2,1.68,0.84,0.94,1
29.0,75.625,2023-04-07,1,1.37,1.37,1.37,1
29.0,75.625,2023-04-10,2,5.4799999999999995,2.7399999999999998,4.64,1
29.0,75.625,2023-04-13,1,4.53,4.53,4.53,1
29.0,75.625,2023-04-14,1,5.64,5.64,5.64,1
29.0,75.625,2023-04-17,1,6.91,6.91,6.91,1
29.0,75.625,2023-04-20,1,3.35,3.35,3.35,1
29.0,75.625,2023-04-21,1,1.08,1.08,1.08,1
29.0,75.625,2023-04-22,3,13.83,4.61,5.89,1
29.0,75.625,2023-04-24,1,2.81,2.81,2.81,1
29.0,75.625,2023-04-27,6,65.35000000000001,10.891666666666667,27.37,1
29.0,75.625,2023-05-01,1,1.13,1.13,1.13,1
29.0,75.625,2023-05-02,1,3.84,3.84,3.84,1
29.0,75.625,2023-05-04,6,21.17,3.5283333333333338,4.37,1
29.0,75.625,2023-05-05,10,40.57,4.057,6.25,1
29.0,75.625,2023-05-06,6,18.560000000000002,3.0933333333333337,4.11,1
29.0,75.625,2023-05-07,4,21.97,5.4925,10.91,1
29.0,75.625,2023-05-08,3,23.2,7.733333333333333,9.61,1
29.0,75.625,2023-05-09,1,0.59,0.59,0.59,1
29.0,75.625,2023-05-12,1,25.78,25.78,25.78,1
29.0,75.625,2023-05-13,2,10.420000000000002,5.210000000000001,5.98,1
29.0,75.625,2023-05-15,1,7.25,7.25,7.25,1
29.0,75.625,2023-05-18,1,1.02,1.02,1.02,1
29.0,75.625,2023-05-19,2,2.2800000000000002,1.1400000000000001,1.19,1
29.0,75.625,2023-05-21,1,6.91,6.91,6.91,1
29.0,75.625,2023-05-24,1,7.48,7.48,7.48,1
29.0,75.625,2023-06-03,1,0.77,0.77,0.77,1
29.0,75.625,2023-06-06,1,0.55,0.55,0.55,1
29.0,75.625,2023-06-07,1,2.32,2.32,2.32,1
29.0,75.625,2023-06-14,1,1.46,1.46,1.46,1
29.0,75.625,2023-06-29,2,3.92,1.96,2.16,1
29.0,75.625,2023-08-04,1,0.59,0.59,0.59,1
29.0,75.625,2023-08-11,1,0.63,0.63,0.63,1
29.0,75.625,2023-08-12,1,1.19,1.19,1.19,1
29.0,75.625,2023-08-17,1,1.39,1.39,1.39,1
29.0,75.625,2023-08-28,3,7.45,2.4833333333333334,2.87,1
29.0,75.625,2023-08-29,1,1.38,1.38,1.38,1
29.0,75.625,2023-09-02,2,4.14,2.07,2.86,1
29.0,75.625,2023-09-08,1,1.83,1.83,1.83,1
29.0,75.625,2023-09-09,1,7.29,7.29,7.29,1
29.0,75.625,2023-09-12,1,1.26,1.26,1.26,1
29.0,75.625,2023-09-13,2,3.2699999999999996,1.6349999999999998,2.13,1
29.0,75.625,2023-09-15,1,10.25,10.25,10.25,1
29.0,75.625,2023-09-21,1,1.53,1.53,1.53,1
29.0,75.625,2023-09-23,2,6.470000000000001,3.2350000000000003,5.16,1
29.0,75.625,2023-09-24,1,0.92,0.92,0.92,1
29.0,75.625,2023-09-27,1,2.99,2.99,2.99,1
29.0,75.625,2023-09-28,2,2.7800000000000002,1.3900000000000001,1.5,1
29.0,75.625,2023-09-29,1,0.89,0.89,0.89,1
29.0,75.625,2023-10-08,2,6.99,3.495,5.16,1
29.0,75.625,2023-10-09,1,2.2,2.2,2.2,1
29.0,75.625,2023-10-10,1,1.47,1.47,1.47,1
29.0,75.625,2023-10-12,1,0.68,0.68,0.68,1
29.0,75.625,2023-10-13,1,1.13,1.13,1.13,1
29.0,75.625,2023-10-14,1,1.05,1.05,1.05,1
29.0,75.625,2023-10-15,2,5.2,2.6,3.99,1
29.0,75.625,2023-10-16,2,1.52,0.76,0.76,1
29.0,75.625,2023-10-19,2,5.26,2.63,4.06,1
29.0,75.625,2023-10-22,1,0.49,0.49,0.49,1
29.0,75.625,2023-10-24,1,0.88,0.88,0.88,1
29.0,75.625,2023-10-25,1,1.32,1.32,1.32,1
29.0,75.625,2023-10-26,1,1.42,1.42,1.42,1
29.0,75.625,2023-10-28,1,0.97,0.97,0.97,1
29.0,75.625,2023-10-29,1,4.64,4.64,4.64,1
29.0,75.625,2023-10-30,1,0.93,0.93,0.93,1
29.0,75.625,2023-10-31,1,0.98,0.98,0.98,1
29.0,75.625,2023-11-01,2,4.92,2.46,3.0,1
29.0,75.625,2023-11-03,1,0.81,0.81,0.81,1
29.0,75.625,2023-11-04,1,1.07,1.07,1.07,1
29.0,75.625,2023-11-05,1,2.61,2.61,2.61,1
29.0,75.625,2023-11-06,1,3.14,3.14,3.14,1
29.0,75.625,2023-11-14,2,6.76,3.38,5.58,1
29.0,75.625,2023-11-15,2,1.75,0.875,0.92,1
29.0,75.625,2023-11-17,1,1.29,1.29,1.29,1
29.0,75.625,2023-11-22,1,1.85,1.85,1.85,1
29.0,75.625,2023-11-23,2,6.949999999999999,3.4749999999999996,3.69,1
29.0,75.625,2023-11-27,1,0.92,0.92,0.92,1
29.0,75.625,2023-11-28,2,2.2399999999999998,1.1199999999999999,1.42,1
29.0,75.625,2023-12-01,1,0.41,0.41,0.41,1
29.0,75.625,2023-12-02,2,2.5,1.25,1.44,1
29.0,75.625,2023-12-03,1,1.09,1.09,1.09,1
29.0,75.625,2023-12-06,1,1.17,1.17,1.17,1
29.0,75.625,2023-12-07,1,7.88,7.88,7.88,1
29.0,75.625,2023-12-09,1,0.85,0.85,0.85,1
29.0,75.625,2023-12-11,1,4.71,4.71,4.71,1
29.0,75.625,2023-12-12,1,0.71,0.71,0.71,1
29.0,75.625,2023-12-17,1,1.14,1.14,1.14,1
29.0,75.625,2023-12-23,1,1.06,1.06,1.06,1
29.0,75.625,2024-02-07,2,3.5199999999999996,1.7599999999999998,2.28,1
29.0,75.625,2024-02-08,1,1.0,1.0,1.0,1
29.0,75.625,2024-02-09,2,2.24,1.12,1.57,1
29.0,75.625,2024-02-10,1,0.45,0.45,0.45,1
29.0,75.625,2024-02-11,2,1.88,0.94,0.95,1
29.0,75.625,2024-02-12,1,1.11,1.11,1.11,1
29.0,75.625,2024-02-13,1,0.98,0.98,0.98,1
29.0,75.625,2024-02-15,1,1.78,1.78,1.78,1
29.0,75.625,2024-02-16,1,1.0,1.0,1.0,1
29.0,75.625,2024-02-19,2,2.1500000000000004,1.0750000000000002,1.6,1
29.0,75.625,2024-02-22,1,0.46,0.46,0.46,1
29.0,75.625,2024-02-24,1,1.06,1.06,1.06,1
29.0,75.625,2024-02-28,3,6.21,2.07,2.37,1
29.0,75.625,2024-03-02,2,1.54,0.77,1.15,1
29.0,75.625,2024-03-06,1,0.74,0.74,0.74,1
29.0,75.625,2024-03-07,3,9.280000000000001,3.0933333333333337,6.32,1
29.0,75.625,2024-03-08,1,1.39,1.39,1.39,1
29.0,75.625,2024-03-12,1,1.03,1.03,1.03,1
29.0,75.625,2024-03-16,2,0.98,0.49,0.49,1
29.0,75.625,2024-03-17,2,1.44,0.72,0.95,1
29.0,75.625,2024-03-28,2,0.96,0.48,0.76,1
29.0,75.625,2024-03-29,1,0.55,0.55,0.55,1
29.0,75.625,2024-03-31,1,1.25,1.25,1.25,1
29.0,75.625,2024-04-01,1,0.57,0.57,0.57,1
29.0,75.625,2024-04-06,1,1.19,1.19,1.19,1
29.0,75.625,2024-04-07,1,1.24,1.24,1.24,1
29.0,75.625,2024-04-08,1,1.21,1.21,1.21,1
29.0,75.625,2024-04-18,1,1.04,1.04,1.04,1
29.0,75.625,2024-04-19,1,1.04,1.04,1.04,1
29.0,75.625,2024-04-22,1,1.04,1.04,1.04,1
29.0,75.625,2024-04-23,1,1.35,1.35,1.35,1
29.0,75.625,2024-04-25,1,2.4,2.4,2.4,1
29.0,75.625,2024-04-28,1,5.7,5.7,5.7,1
29.0,75.625,2024-04-29,1,1.22,1.22,1.22,1
29.0,75.625,2024-04-30,1,0.73,0.73,0.73,1
29.0,75.625,2024-05-01,3,9.68,3.2266666666666666,3.79,1
29.0,75.625,2024-05-02,4,28.650000000000002,7.1625000000000005,11.21,1
29.0,75.625,2024-05-03,1,4.56,4.56,4.56,1
29.0,75.625,2024-05-04,2,6.609999999999999,3.3049999999999997,5.31,1
29.0,75.625,2024-05-05,2,9.51,4.755,7.53,1
29.0,75.625,2024-05-06,1,7.97,7.97,7.97,1
29.0,75.625,2024-05-07,5,49.83,9.966,16.99,1
29.0,75.625,2024-05-08,5,21.28,4.256,5.32,1
29.0,75.625,2024-05-09,5,26.59,5.318,6.36,1
29.0,75.625,2024-05-10,5,19.9,3.9799999999999995,5.84,1
29.0,75.625,2024-05-12,4,18.73,4.6825,8.72,1
29.0,75.625,2024-05-13,4,33.010000000000005,8.252500000000001,17.26,1
29.0,75.625,2024-05-14,5,55.97,11.193999999999999,19.78,1
29.0,75.625,2024-05-15,7,30.91,4.4157142857142855,10.99,1
29.0,75.625,2024-05-16,2,8.19,4.095,4.18,1
29.0,75.625,2024-05-17,1,8.65,8.65,8.65,1
29.0,75.625,2024-05-18,1,5.82,5.82,5.82,1
29.0,75.625,2024-05-19,1,10.78,10.78,10.78,1
29.0,75.625,2024-05-22,1,6.95,6.95,6.95,1
29.0,75.625,2024-05-23,1,5.32,5.32,5.32,1
29.0,75.625,2024-05-24,1,6.1,6.1,6.1,1
29.0,75.625,2024-05-26,1,1.36,1.36,1.36,1
29.0,75.625,2024-06-10,2,5.63,2.815,3.13,1
29.0,75.625,2024-06-11,1,2.79,2.79,2.79,1
29.0,75.625,2024-06-14,1,3.49,3.49,3.49,1
29.0,75.625,2024-06-15,1,2.32,2.32,2.32,1
29.0,75.625,2024-06-16,2,2.8899999999999997,1.4449999999999998,1.46,1
29.0,75.625,2024-07-04,1,0.5,0.5,0.5,1
29.0,75.625,2024-08-03,1,0.67,0.67,0.67,1
29.0,75.625,2024-08-13,1,3.92,3.92,3.92,1
29.0,75.625,2024-09-07,1,1.49,1.49,1.49,1
29.0,75.625,2024-09-19,1,1.54,1.54,1.54,1
29.0,75.625,2024-09-24,1,0.99,0.99,0.99,1
29.0,75.625,2024-09-30,1,1.89,1.89,1.89,1
29.0,75.625,2024-10-01,1,1.14,1.14,1.14,1
29.0,75.625,2024-10-05,1,1.17,1.17,1.17,1
29.0,75.625,2024-10-06,1,0.72,0.72,0.72,1
29.0,75.625,2024-10-08,1,0.8,0.8,0.8,1
29.0,75.625,2024-10-10,1,1.31,1.31,1.31,1
29.0,75.625,2024-10-12,1,3.37,3.37,3.37,1
29.0,75.625,2024-10-16,2,0.78,0.39,0.51,1
29.0,75.625,2024-10-17,1,1.5,1.5,1.5,1
29.0,75.625,2024-10-19,1,9.52,9.52,9.52,1
29.0,75.625,2024-10-21,1,1.45,1.45,1.45,1
29.0,75.625,2024-10-25,3,8.959999999999999,2.9866666666666664,6.81,1
29.0,75.625,2024-10-27,1,0.84,0.84,0.84,1
29.0,75.625,2024-10-28,2,7.79,3.895,3.95,1
29.0,75.625,2024-10-29,1,1.74,1.74,1.74,1
29.0,75.625,2024-10-31,1,4.66,4.66,4.66,1
29.0,75.625,2024-11-01,3,57.07,19.023333333333333,49.32,1
29.0,75.625,2024-11-02,2,5.8100000000000005,2.9050000000000002,3.02,1
29.0,75.625,2024-11-07,3,9.19,3.063333333333333,3.21,1
29.0,75.625,2024-11-08,1,3.92,3.92,3.92,1
29.0,75.625,2024-11-17,2,1.38,0.69,1.0,1
29.0,75.625,2024-11-18,1,1.28,1.28,1.28,1
29.0,75.625,2024-11-20,2,5.5600000000000005,2.7800000000000002,4.75,1
29.0,75.625,2024-11-23,5,11.629999999999999,2.3259999999999996,4.01,1
29.0,75.625,2024-11-24,2,2.49,1.245,1.26,1
29.0,75.625,2024-11-25,1,4.79,4.79,4.79,1
29.0,75.625,2024-11-28,1,3.31,3.31,3.31,1
29.0,75.625,2024-11-29,2,1.42,0.71,0.78,1
29.0,75.625,2024-11-30,1,1.04,1.04,1.04,1
29.0,75.625,2024-12-01,1,3.97,3.97,3.97,1
29.0,75.625,2024-12-03,1,4.2,4.2,4.2,1
29.0,75.625,2024-12-04,4,12.02,3.005,4.5,1
29.0,75.625,2024-12-05,2,4.41,2.205,3.48,1
29.0,75.625,2024-12-07,1,6.54,6.54,6.54,1
29.0,75.625,2024-12-08,1,19.8,19.8,19.8,1
29.0,75.625,2024-12-09,1,0.86,0.86,0.86,1
29.0,75.625,2024-12-10,2,5.87,2.935,4.69,1
29.0,75.625,2024-12-11,3,18.29,6.096666666666667,16.9,1
29.0,75.625,2024-12-12,2,1.1,0.55,0.6,1
29.0,75.625,2024-12-14,1,1.45,1.45,1.45,1
29.0,75.625,2024-12-15,1,0.71,0.71,0.71,1
29.0,75.625,2024-12-20,1,1.08,1.08,1.08,1
29.0,75.625,2024-12-25,1,0.85,0.85,0.85,1
29.0,75.625,2024-12-26,2,4.52,2.26,2.37,1
29.0,75.625,2025-01-07,1,1.16,1.16,1.16,1
29.0,75.625,2025-01-13,2,1.5699999999999998,0.7849999999999999,1.13,1
29.0,75.625,2025-01-20,1,2.66,2.66,2.66,1
29.0,75.625,2025-01-23,1,1.24,1.24,1.24,1
29.0,75.625,2025-01-25,1,0.85,0.85,0.85,1
29.0,75.625,2025-01-26,2,4.7,2.35,3.59,1
29.0,75.625,2025-01-27,1,4.73,4.73,4.73,1
29.0,75.625,2025-01-28,3,6.1899999999999995,2.063333333333333,4.0,1
29.0,75.625,2025-01-30,1,1.43,1.43,1.43,1
29.0,75.625,2025-02-06,1,0.8,0.8,0.8,1
29.0,75.625,2025-02-07,1,1.0,1.0,1.0,1
29.0,75.625,2025-02-11,1,0.87,0.87,0.87,1
29.0,75.625,2025-02-12,1,1.4,1.4,1.4,1
29.0,75.625,2025-02-13,1,2.21,2.21,2.21,1
29.0,75.625,2025-02-15,1,1.26,1.26,1.26,1
29.0,75.625,2025-02-16,2,1.93,0.965,1.24,1
29.0,75.625,2025-02-18,1,0.84,0.84,0.84,1
29.0,75.625,2025-02-20,1,1.08,1.08,1.08,1
29.0,75.625,2025-02-21,2,1.3,0.65,0.75,1
29.0,75.625,2025-03-01,1,0.63,0.63,0.63,1
29.0,75.625,2025-03-02,1,0.79,0.79,0.79,1
29.0,75.625,2025-03-06,1,1.06,1.06,1.06,1
29.0,75.625,2025-03-10,1,0.85,0.85,0.85,1
29.0,75.625,2025-03-11,1,0.89,0.89,0.89,1
29.0,75.625,2025-03-15,1,0.9,0.9,0.9,1
29.0,75.625,2025-03-16,2,4.470000000000001,2.2350000000000003,2.95,1
29.0,75.625,2025-03-17,1,0.6,0.6,0.6,1
29.0,75.625,2025-03-19,1,0.75,0.75,0.75,1
29.0,75.625,2025-03-20,1,0.99,0.99,0.99,1
29.0,75.625,2025-03-22,1,1.64,1.64,1.64,1
29.0,75.625,2025-03-25,1,0.81,0.81,0.81,1
29.0,75.625,2025-03-26,1,0.87,0.87,0.87,1
29.0,75.625,2025-03-28,2,1.73,0.865,0.88,1
29.0,75.625,2025-03-30,1,0.88,0.88,0.88,1
29.0,75.625,2025-03-31,1,0.63,0.63,0.63,1
29.0,75.625,2025-04-02,1,0.72,0.72,0.72,1
29.0,75.625,2025-04-04,1,0.97,0.97,0.97,1
29.0,75.625,2025-04-05,1,0.18,0.18,0.18,1
29.0,75.625,2025-04-06,2,3.5700000000000003,1.7850000000000001,2.31,1
29.0,75.625,2025-04-10,1,0.31,0.31,0.31,1
29.0,75.625,2025-04-15,1,2.59,2.59,2.59,1
29.0,75.625,2025-04-16,1,0.89,0.89,0.89,1
29.0,75.625,2025-04-19,2,1.0699999999999998,0.5349999999999999,0.57,1
29.0,75.625,2025-04-20,1,1.01,1.01,1.01,1
29.0,75.625,2025-04-22,1,2.32,2.32,2.32,1
29.0,75.625,2025-04-24,4,16.57,4.1425,5.8,1
29.0,75.625,2025-04-25,3,27.16,9.053333333333333,10.83,1
29.0,75.625,2025-04-26,1,1.15,1.15,1.15,1
29.0,75.625,2025-04-27,1,10.87,10.87,10.87,1
29.0,75.625,2025-04-30,4,12.33,3.0825,4.93,1
29.0,75.625,2025-05-04,2,4.9399999999999995,2.4699999999999998,2.68,1
29.0,75.625,2025-05-05,1,0.86,0.86,0.86,1
29.0,75.625,2025-05-06,1,0.58,0.58,0.58,1
29.0,75.625,2025-05-07,3,19.11,6.37,9.17,1
29.0,75.625,2025-05-08,1,2.01,2.01,2.01,1
29.0,75.625,2025-05-10,1,7.82,7.82,7.82,1
29.0,75.625,2025-05-11,5,26.08,5.215999999999999,7.31,1
29.0,75.625,2025-05-12,6,28.07,4.678333333333334,5.98,1
29.0,75.625,2025-05-13,5,18.4,3.6799999999999997,4.84,1
29.0,75.625,2025-05-16,1,2.47,2.47,2.47,1
29.0,75.625,2025-05-17,5,48.68,9.736,13.1,1
29.0,75.625,2025-05-18,1,12.88,12.88,12.88,1
29.0,75.625,2025-05-20,2,7.62,3.81,6.11,1
29.0,75.625,2025-05-21,2,7.17,3.585,3.72,1
29.0,75.625,2025-05-22,2,14.93,7.465,10.95,1
29.0,75.625,2025-05-23,1,1.3,1.3,1.3,1
29.0,75.625,2025-05-27,2,5.25,2.625,3.13,1
29.0,75.625,2025-05-29,1,4.79,4.79,4.79,1
29.0,75.625,2025-06-06,1,0.85,0.85,0.85,1
29.0,75.625,2025-06-18,1,1.21,1.21,1.21,1
29.0,75.625,2025-06-19,1,0.57,0.57,0.57,1
29.0,75.625,2025-06-26,1,3.94,3.94,3.94,1
29.0,75.625,2025-07-20,1,2.32,2.32,2.32,1
29.0,75.625,2025-08-03,1,1.45,1.45,1.45,1
29.0,75.625,2025-08-05,1,0.77,0.77,0.77,1
29.0,75.625,2025-08-10,1,1.27,1.27,1.27,1
29.0,75.625,2025-08-26,1,1.19,1.19,1.19,1
29.0,75.625,2025-09-08,1,4.4,4.4,4.4,1
29.0,75.625,2025-10-03,1,2.12,2.12,2.12,1
29.0,75.625,2025-10-08,1,0.87,0.87,0.87,1
29.0,75.625,2025-10-10,1,1.53,1.53,1.53,1
29.0,75.625,2025-10-13,1,0.68,0.68,0.68,1
29.0,75.625,2025-10-14,1,1.41,1.41,1.41,1
29.0,75.625,2025-10-19,1,0.93,0.93,0.93,1
29.0,75.625,2025-10-20,1,4.45,4.45,4.45,1
29.0,75.625,2025-10-25,1,0.4,0.4,0.4,1
29.0,75.625,2025-10-26,4,12.15,3.0375,6.1,1
29.0,75.625,2025-10-27,1,0.85,0.85,0.85,1
29.0,75.625,2025-10-30,1,7.71,7.71,7.71,1
29.0,75.625,2025-10-31,2,4.61,2.305,3.49,1
29.0,75.625,2025-11-01,1,1.24,1.24,1.24,1
29.0,75.625,2025-11-03,2,12.399999999999999,6.199999999999999,8.37,1
29.0,75.625,2025-11-04,4,12.48,3.12,4.82,1
29.0,75.625,2025-11-06,2,1.51,0.755,0.9,1
29.0,75.625,2025-11-07,1,0.95,0.95,0.95,1
29.0,75.625,2025-11-10,3,10.370000000000001,3.456666666666667,7.04,1
29.0,75.625,2025-11-11,1,4.12,4.12,4.12,1
29.0,75.625,2025-11-13,3,19.41,6.47,8.64,1
29.0,75.625,2025-11-14,1,0.8,0.8,0.8,1
29.0,75.625,2025-11-15,3,9.309999999999999,3.103333333333333,6.51,1
29.0,75.625,2025-11-18,1,2.52,2.52,2.52,1
29.0,75.625,2025-11-20,2,2.26,1.13,1.45,1
29.0,75.625,2025-11-21,1,0.63,0.63,0.63,1
29.0,75.625,2025-11-22,1,1.93,1.93,1.93,1
29.0,75.625,2025-11-24,2,6.1,3.05,3.65,1
29.0,75.625,2025-11-25,1,0.9,0.9,0.9,1
29.0,75.625,2025-11-26,1,0.87,0.87,0.87,1
29.0,75.625,2025-11-30,1,2.76,2.76,2.76,1
29.0,75.625,2025-12-04,2,2.29,1.145,1.41,1
29.0,75.625,2025-12-07,1,1.2,1.2,1.2,1
29.0,75.625,2025-12-09,3,16.65,5.55,8.17,1
29.0,75.625,2025-12-11,1,1.24,1.24,1.24,1
29.0,75.625,2025-12-15,1,0.83,0.83,0.83,1
29.0,75.625,2025-12-16,1,1.21,1.21,1.21,1
29.0,75.625,2025-12-17,2,0.7,0.35,0.35,1
29.0,75.625,2025-12-23,1,0.43,0.43,0.43,1
29.0,75.625,2025-12-27,1,1.04,1.04,1.04,1
29.0,75.625,2025-12-28,1,1.69,1.69,1.69,1
29.0,75.625,2025-12-29,1,4.77,4.77,4.77,1
29.0,76.25,2023-01-01,1,2.91,2.91,2.91,1
29.0,76.25,2023-01-04,1,1.78,1.78,1.78,1
29.0,76.25,2023-01-18,1,4.71,4.71,4.71,1
29.0,76.25,2023-01-19,2,7.15,3.575,4.37,1
29.0,76.25,2023-01-21,1,2.16,2.16,2.16,1
29.0,76.25,2023-01-26,1,0.64,0.64,0.64,1
29.0,76.25,2023-01-27,1,1.05,1.05,1.05,1
29.0,76.25,2023-02-06,4,18.53,4.6325,6.29,1
29.0,76.25,2023-02-07,3,15.799999999999999,5.266666666666667,7.22,1
29.0,76.25,2023-02-10,1,3.22,3.22,3.22,1
29.0,76.25,2023-02-12,1,2.16,2.16,2.16,1
29.0,76.25,2023-02-13,1,3.51,3.51,3.51,1
29.0,76.25,2023-02-23,2,10.0,5.0,6.42,1
29.0,76.25,2023-02-24,1,2.7,2.7,2.7,1
29.0,76.25,2023-02-25,1,4.56,4.56,4.56,1
29.0,76.25,2023-03-01,1,6.47,6.47,6.47,1
29.0,76.25,2023-03-17,1,6.49,6.49,6.49,1
29.0,76.25,2023-04-20,1,6.9,6.9,6.9,1
29.0,76.25,2023-04-22,1,1.18,1.18,1.18,1
29.0,76.25,2023-04-27,10,57.33,5.733,8.69,1
29.0,76.25,2023-05-03,5,16.53,3.306,4.65,1
29.0,76.25,2023-05-04,6,32.11,5.351666666666667,9.66,1
29.0,76.25,2023-05-05,15,123.53999999999999,8.235999999999999,15.4,1
29.0,76.25,2023-05-06,17,90.38,5.316470588235294,10.2,1
29.0,76.25,2023-05-07,43,213.85,4.973255813953489,10.44,1
29.0,76.25,2023-05-08,33,255.65,7.746969696969697,15.81,1
29.0,76.25,2023-05-09,13,84.31,6.485384615384616,12.91,1
29.0,76.25,2023-05-10,15,96.03999999999999,6.402666666666666,15.51,1
29.0,76.25,2023-05-11,30,190.85,6.361666666666666,14.63,1
29.0,76.25,2023-05-12,7,88.47999999999999,12.639999999999999,20.84,1
29.0,76.25,2023-05-13,13,61.1,4.7,12.33,1
29.0,76.25,2023-05-15,3,20.39,6.796666666666667,8.22,1
29.0,76.25,2023-05-16,1,4.07,4.07,4.07,1
29.0,76.25,2023-10-04,2,6.9399999999999995,3.4699999999999998,3.56,1
29.0,76.25,2023-10-05,1,5.99,5.99,5.99,1
29.0,76.25,2023-10-07,1,4.8,4.8,4.8,1
29.0,76.25,2023-10-08,1,3.16,3.16,3.16,1
29.0,76.25,2023-10-10,1,1.13,1.13,1.13,1
29.0,76.25,2023-10-14,2,6.04,3.02,3.22,1
29.0,76.25,2023-10-15,6,18.95,3.158333333333333,3.75,1
29.0,76.25,2023-10-19,1,3.09,3.09,3.09,1
29.0,76.25,2023-10-20,2,7.55,3.775,4.8,1
29.0,76.25,2023-10-21,2,10.03,5.015,5.35,1
29.0,76.25,2023-10-24,2,8.46,4.23,4.38,1
29.0,76.25,2023-10-25,1,8.06,8.06,8.06,1
29.0,76.25,2023-10-26,2,4.61,2.305,2.66,1
29.0,76.25,2023-10-27,2,5.27,2.635,3.2,1
29.0,76.25,2023-10-31,3,7.26,2.42,3.15,1
29.0,76.25,2023-11-01,1,3.46,3.46,3.46,1
29.0,76.25,2023-11-03,1,4.02,4.02,4.02,1
29.0,76.25,2023-11-05,7,25.11,3.587142857142857,6.07,1
29.0,76.25,2023-11-06,3,6.369999999999999,2.123333333333333,2.21,1
29.0,76.25,2023-11-07,6,21.330000000000002,3.555,4.62,1
29.0,76.25,2023-11-08,1,4.86,4.86,4.86,1
29.0,76.25,2023-11-09,1,3.27,3.27,3.27,1
29.0,76.25,2023-11-12,5,17.62,3.524,6.15,1
29.0,76.25,2023-11-13,1,4.59,4.59,4.59,1
29.0,76.25,2023-11-14,4,23.18,5.795,8.94,1
29.0,76.25,2023-11-15,4,42.379999999999995,10.594999999999999,15.54,1
29.0,76.25,2023-11-16,4,11.91,2.9775,5.65,1
29.0,76.25,2023-11-17,3,11.35,3.783333333333333,5.85,1
29.0,76.25,2023-11-18,3,6.2299999999999995,2.0766666666666667,4.21,1
29.0,76.25,2023-11-19,3,8.64,2.8800000000000003,3.11,1
29.0,76.25,2023-11-21,4,17.009999999999998,4.2524999999999995,5.84,1
29.0,76.25,2023-11-22,10,42.730000000000004,4.273000000000001,7.11,1
29.0,76.25,2023-11-23,3,10.649999999999999,3.5499999999999994,4.39,1
29.0,76.25,2023-12-02,4,7.609999999999999,1.9024999999999999,2.7,1
29.0,76.25,2023-12-03,1,3.32,3.32,3.32,1
29.0,76.25,2023-12-06,1,5.52,5.52,5.52,1
29.0,76.25,2023-12-13,2,8.690000000000001,4.345000000000001,5.65,1
29.0,76.25,2023-12-16,1,1.31,1.31,1.31,1
29.0,76.25,2023-12-19,2,3.54,1.77,1.77,1
29.0,76.25,2023-12-20,1,4.57,4.57,4.57,1
29.0,76.25,2023-12-22,1,3.8,3.8,3.8,1
29.0,76.25,2023-12-23,2,5.2299999999999995,2.6149999999999998,3.34,1
29.0,76.25,2024-01-22,2,9.29,4.645,5.8,1
29.0,76.25,2024-01-25,1,3.05,3.05,3.05,1
29.0,76.25,2024-01-26,1,2.87,2.87,2.87,1
29.0,76.25,2024-02-06,1,2.44,2.44,2.44,1
29.0,76.25,2024-02-09,1,6.02,6.02,6.02,1
29.0,76.25,2024-02-10,1,1.99,1.99,1.99,1
29.0,76.25,2024-02-11,4,28.05,7.0125,15.62,1
29.0,76.25,2024-02-15,1,2.59,2.59,2.59,1
29.0,76.25,2024-02-16,1,3.58,3.58,3.58,1
29.0,76.25,2024-02-20,1,5.26,5.26,5.26,1
29.0,76.25,2024-02-28,2,11.059999999999999,5.529999999999999,5.54,1
29.0,76.25,2024-03-06,1,4.26,4.26,4.26,1
29.0,76.25,2024-03-14,1,2.03,2.03,2.03,1
29.0,76.25,2024-03-17,3,6.3100000000000005,2.1033333333333335,4.95,1
29.0,76.25,2024-04-24,1,19.56,19.56,19.56,1
29.0,76.25,2024-04-29,9,180.26,20.028888888888886,33.73,1
29.0,76.25,2024-04-30,1,12.21,12.21,12.21,1
29.0,76.25,2024-05-01,6,27.8,4.633333333333334,7.58,1
29.0,76.25,2024-05-02,28,173.77,6.206071428571429,29.37,1
29.0,76.25,2024-05-03,4,24.91,6.2275,9.05,1
29.0,76.25,2024-05-04,17,179.1,10.535294117647059,24.07,1
29.0,76.25,2024-05-05,26,125.64,4.832307692307692,12.12,1
29.0,76.25,2024-05-06,42,280.46,6.677619047619047,30.95,1
29.0,76.25,2024-05-07,62,567.15,9.14758064516129,25.06,1
29.0,76.25,2024-05-08,41,194.76,4.750243902439024,12.41,1
29.0,76.25,2024-05-09,49,241.33,4.925102040816327,12.25,1
29.0,76.25,2024-05-10,47,290.76,6.186382978723404,25.12,1
29.0,76.25,2024-05-11,7,33.72,4.817142857142857,6.06,1
29.0,76.25,2024-05-12,44,234.21,5.322954545454546,16.81,1
29.0,76.25,2024-05-13,46,234.27,5.092826086956522,14.52,1
29.0,76.25,2024-05-14,19,274.12,14.427368421052632,66.91,1
29.0,76.25,2024-05-15,13,69.3,5.3307692307692305,11.97,1
29.0,76.25,2024-05-16,4,16.689999999999998,4.172499999999999,6.09,1
29.0,76.25,2024-05-17,2,22.04,11.02,11.02,1
29.0,76.25,2024-05-18,6,23.48,3.9133333333333336,5.83,1
29.0,76.25,2024-05-21,1,2.82,2.82,2.82,1
29.0,76.25,2024-05-22,1,3.51,3.51,3.51,1
29.0,76.25,2024-05-23,1,2.67,2.67,2.67,1
29.0,76.25,2024-05-25,1,1.64,1.64,1.64,1
29.0,76.25,2024-05-28,4,15.07,3.7675,6.76,1
29.0,76.25,2024-10-08,1,3.11,3.11,3.11,1
29.0,76.25,2024-10-20,2,8.219999999999999,4.109999999999999,5.18,1
29.0,76.25,2024-10-31,4,14.25,3.5625,4.89,1
29.0,76.25,2024-11-01,1,1.61,1.61,1.61,1
29.0,76.25,2024-11-02,1,3.66,3.66,3.66,1
29.0,76.25,2024-11-08,2,6.8,3.4,5.43,1
29.0,76.25,2024-11-09,4,15.42,3.855,9.33,1
29.0,76.25,2024-11-11,1,4.32,4.32,4.32,1
29.0,76.25,2024-11-12,4,17.810000000000002,4.452500000000001,6.11,1
29.0,76.25,2024-11-16,3,13.54,4.513333333333333,5.47,1
29.0,76.25,2024-11-19,1,2.99,2.99,2.99,1
29.0,76.25,2024-11-20,5,26.54,5.308,10.75,1
29.0,76.25,2024-11-21,4,65.28,16.32,23.8,1
29.0,76.25,2024-11-22,2,13.870000000000001,6.9350000000000005,8.41,1
29.0,76.25,2024-11-23,12,46.16,3.8466666666666662,9.57,1
29.0,76.25,2024-11-24,14,46.32,3.3085714285714287,7.76,1
29.0,76.25,2024-11-25,4,8.21,2.0525,2.96,1
29.0,76.25,2024-11-26,2,4.53,2.265,3.04,1
29.0,76.25,2024-11-27,1,5.36,5.36,5.36,1
29.0,76.25,2024-11-29,2,4.390000000000001,2.1950000000000003,2.7,1
29.0,76.25,2024-11-30,6,24.84,4.14,8.77,1
29.0,76.25,2024-12-01,1,4.81,4.81,4.81,1
29.0,76.25,2024-12-03,1,3.98,3.98,3.98,1
29.0,76.25,2024-12-04,3,6.720000000000001,2.24,2.74,1
29.0,76.25,2024-12-05,3,13.04,4.346666666666667,6.79,1
29.0,76.25,2024-12-08,1,0.77,0.77,0.77,1
29.0,76.25,2024-12-11,1,4.41,4.41,4.41,1
29.0,76.25,2024-12-12,1,1.82,1.82,1.82,1
29.0,76.25,2024-12-15,1,2.96,2.96,2.96,1
29.0,76.25,2024-12-19,1,1.84,1.84,1.84,1
29.0,76.25,2024-12-21,4,11.94,2.985,5.93,1
29.0,76.25,2024-12-22,1,4.74,4.74,4.74,1
29.0,76.25,2024-12-25,4,14.669999999999998,3.6674999999999995,4.79,1
29.0,76.25,2024-12-26,3,11.0,3.6666666666666665,4.31,1
29.0,76.25,2025-01-08,3,11.040000000000001,3.68,5.15,1
29.0,76.25,2025-01-16,1,2.21,2.21,2.21,1
29.0,76.25,2025-01-23,1,3.78,3.78,3.78,1
29.0,76.25,2025-01-25,2,4.09,2.045,2.91,1
29.0,76.25,2025-01-28,1,2.51,2.51,2.51,1
29.0,76.25,2025-01-29,1,1.66,1.66,1.66,1
29.0,76.25,2025-01-31,1,0.59,0.59,0.59,1
29.0,76.25,2025-02-01,1,2.17,2.17,2.17,1
29.0,76.25,2025-02-02,1,3.32,3.32,3.32,1
29.0,76.25,2025-02-03,1,3.81,3.81,3.81,1
29.0,76.25,2025-02-06,1,2.9,2.9,2.9,1
29.0,76.25,2025-03-20,1,3.41,3.41,3.41,1
29.0,76.25,2025-04-16,2,2.74,1.37,1.37,1
29.0,76.25,2025-04-19,1,9.41,9.41,9.41,1
29.0,76.25,2025-04-21,1,0.6,0.6,0.6,1
29.0,76.25,2025-04-22,4,39.730000000000004,9.932500000000001,17.17,1
29.0,76.25,2025-04-23,3,60.379999999999995,20.126666666666665,35.26,1
29.0,76.25,2025-04-24,3,34.480000000000004,11.493333333333334,19.62,1
29.0,76.25,2025-04-25,19,185.1,9.742105263157894,25.97,1
29.0,76.25,2025-04-26,4,34.05,8.5125,11.95,1
29.0,76.25,2025-04-27,38,314.94,8.287894736842105,21.73,1
29.0,76.25,2025-04-28,10,142.08,14.208000000000002,40.56,1
29.0,76.25,2025-04-29,23,87.32,3.7965217391304344,15.07,1
29.0,76.25,2025-04-30,24,100.12,4.171666666666667,6.94,1
29.0,76.25,2025-05-01,29,177.03,6.10448275862069,17.32,1
29.0,76.25,2025-05-03,1,2.89,2.89,2.89,1
29.0,76.25,2025-05-04,57,300.57,5.273157894736842,19.03,1
29.0,76.25,2025-05-05,1,2.14,2.14,2.14,1
29.0,76.25,2025-05-06,14,49.25,3.517857142857143,6.52,1
29.0,76.25,2025-05-09,1,6.5,6.5,6.5,1
29.0,76.25,2025-05-10,1,10.75,10.75,10.75,1
29.0,76.25,2025-05-11,24,123.23,5.1345833333333335,10.36,1
29.0,76.25,2025-05-12,17,81.9,4.81764705882353,9.72,1
29.0,76.25,2025-05-13,16,152.29,9.518125,34.21,1
29.0,76.25,2025-05-14,1,8.01,8.01,8.01,1
29.0,76.25,2025-05-15,8,40.71,5.08875,7.75,1
29.0,76.25,2025-05-16,6,24.71,4.118333333333333,9.14,1
29.0,76.25,2025-05-17,3,23.39,7.796666666666667,11.89,1
29.0,76.25,2025-05-18,1,7.87,7.87,7.87,1
29.0,76.25,2025-05-21,1,1.78,1.78,1.78,1
29.0,76.25,2025-05-22,1,0.71,0.71,0.71,1
29.0,76.25,2025-05-29,1,2.34,2.34,2.34,1
29.0,76.25,2025-10-19,1,3.42,3.42,3.42,1
29.0,76.25,2025-10-20,4,13.45,3.3625,4.52,1
29.0,76.25,2025-10-24,1,8.67,8.67,8.67,1
29.0,76.25,2025-10-26,2,1.45,0.725,0.74,1
29.0,76.25,2025-10-27,1,3.35,3.35,3.35,1
29.0,76.25,2025-10-30,2,11.96,5.98,6.31,1
29.0,76.25,2025-11-01,1,3.41,3.41,3.41,1
29.0,76.25,2025-11-02,1,4.39,4.39,4.39,1
29.0,76.25,2025-11-03,1,3.45,3.45,3.45,1
29.0,76.25,2025-11-04,1,2.32,2.32,2.32,1
29.0,76.25,2025-11-05,4,13.17,3.2925,4.39,1
29.0,76.25,2025-11-06,4,12.7,3.175,6.04,1
29.0,76.25,2025-11-07,9,39.94,4.437777777777778,6.92,1
29.0,76.25,2025-11-08,7,37.21,5.315714285714286,12.11,1
29.0,76.25,2025-11-09,11,73.13,6.6481818181818175,14.37,1
29.0,76.25,2025-11-10,7,23.31,3.3299999999999996,4.67,1
29.0,76.25,2025-11-11,14,45.4,3.242857142857143,10.12,1
29.0,76.25,2025-11-13,2,7.26,3.63,4.49,1
29.0,76.25,2025-11-14,8,26.59,3.32375,4.83,1
29.0,76.25,2025-11-15,9,31.17,3.4633333333333334,5.34,1
29.0,76.25,2025-11-16,6,10.58,1.7633333333333334,3.2,1
29.0,76.25,2025-11-17,2,8.059999999999999,4.029999999999999,4.76,1
29.0,76.25,2025-11-18,1,7.73,7.73,7.73,1
29.0,76.25,2025-11-19,2,6.84,3.42,3.43,1
29.0,76.25,2025-11-20,4,7.03,1.7575,2.71,1
29.0,76.25,2025-11-21,5,14.870000000000001,2.974,6.12,1
29.0,76.25,2025-11-22,6,14.44,2.4066666666666667,2.95,1
29.0,76.25,2025-11-25,2,7.59,3.795,4.33,1
29.0,76.25,2025-11-26,2,12.67,6.335,9.39,1
29.0,76.25,2025-12-08,3,3.86,1.2866666666666666,1.99,1
29.0,76.25,2025-12-11,1,4.26,4.26,4.26,1
29.0,76.25,2025-12-12,1,1.52,1.52,1.52,1
29.0,76.25,2025-12-16,1,2.66,2.66,2.66,1
29.0,76.25,2025-12-17,1,3.48,3.48,3.48,1
29.0,76.25,2025-12-22,1,2.83,2.83,2.83,1
29.0,76.25,2025-12-23,1,7.09,7.09,7.09,1
29.0,76.25,2025-12-26,4,9.04,2.26,2.62,1
29.0,76.875,2023-01-01,1,6.24,6.24,6.24,1
29.0,76.875,2023-01-10,2,6.46,3.23,3.3,1
29.0,76.875,2023-01-11,1,2.16,2.16,2.16,1
29.0,76.875,2023-01-12,1,3.55,3.55,3.55,1
29.0,76.875,2023-01-15,1,2.2,2.2,2.2,1
29.0,76.875,2023-01-21,2,10.55,5.275,6.45,1
29.0,76.875,2023-01-27,1,2.09,2.09,2.09,1
29.0,76.875,2023-02-05,2,7.45,3.725,4.37,1
29.0,76.875,2023-02-06,1,6.52,6.52,6.52,1
29.0,76.875,2023-02-07,2,8.01,4.005,5.44,1
29.0,76.875,2023-02-09,5,18.88,3.776,8.32,1
29.0,76.875,2023-02-12,1,2.85,2.85,2.85,1
29.0,76.875,2023-02-18,1,7.26,7.26,7.26,1
29.0,76.875,2023-02-19,2,5.94,2.97,3.72,1
29.0,76.875,2023-02-21,1,9.99,9.99,9.99,1
29.0,76.875,2023-02-22,2,6.22,3.11,3.9,1
29.0,76.875,2023-03-11,1,13.61,13.61,13.61,1
29.0,76.875,2023-04-20,2,9.5,4.75,4.96,1
29.0,76.875,2023-04-23,1,1.58,1.58,1.58,1
29.0,76.875,2023-04-25,3,12.35,4.116666666666666,6.39,1
29.0,76.875,2023-04-26,2,2.19,1.095,1.27,1
29.0,76.875,2023-04-27,9,33.74,3.748888888888889,5.78,1
29.0,76.875,2023-04-28,1,0.57,0.57,0.57,1
29.0,76.875,2023-05-04,4,12.91,3.2275,3.79,1
29.0,76.875,2023-05-05,10,67.25999999999999,6.725999999999999,14.37,1
29.0,76.875,2023-05-06,10,35.26,3.526,7.07,1
29.0,76.875,2023-05-07,11,51.769999999999996,4.706363636363636,8.29,1
29.0,76.875,2023-05-08,35,220.59,6.3025714285714285,43.89,1
29.0,76.875,2023-05-09,12,106.16,8.846666666666666,27.44,1
29.0,76.875,2023-05-10,20,125.92999999999999,6.2965,11.24,1
29.0,76.875,2023-05-11,36,180.39,5.010833333333333,10.23,1
29.0,76.875,2023-05-12,7,44.33,6.332857142857143,8.7,1
29.0,76.875,2023-05-13,16,94.8,5.925,13.09,1
29.0,76.875,2023-05-14,3,20.97,6.989999999999999,12.81,1
29.0,76.875,2023-05-15,4,21.4,5.35,5.58,1
29.0,76.875,2023-05-16,3,9.600000000000001,3.2000000000000006,3.95,1
29.0,76.875,2023-05-17,4,12.24,3.06,4.36,1
29.0,76.875,2023-05-18,2,6.69,3.345,3.45,1
29.0,76.875,2023-05-19,2,4.92,2.46,3.08,1
29.0,76.875,2023-05-21,1,4.73,4.73,4.73,1
29.0,76.875,2023-09-21,1,2.18,2.18,2.18,1
29.0,76.875,2023-09-29,1,3.33,3.33,3.33,1
29.0,76.875,2023-09-30,1,2.62,2.62,2.62,1
29.0,76.875,2023-10-01,2,5.02,2.51,2.9,1
29.0,76.875,2023-10-04,2,12.07,6.035,7.33,1
29.0,76.875,2023-10-05,1,1.14,1.14,1.14,1
29.0,76.875,2023-10-06,1,2.22,2.22,2.22,1
29.0,76.875,2023-10-09,1,1.82,1.82,1.82,1
29.0,76.875,2023-10-10,1,1.45,1.45,1.45,1
29.0,76.875,2023-10-11,4,11.870000000000001,2.9675000000000002,4.46,1
29.0,76.875,2023-10-13,1,3.36,3.36,3.36,1
29.0,76.875,2023-10-15,4,15.18,3.795,5.6,1
29.0,76.875,2023-10-17,1,0.38,0.38,0.38,1
29.0,76.875,2023-10-20,2,4.4399999999999995,2.2199999999999998,3.84,1
29.0,76.875,2023-10-21,1,2.39,2.39,2.39,1
29.0,76.875,2023-10-24,2,4.0600000000000005,2.0300000000000002,2.49,1
29.0,76.875,2023-10-25,2,5.74,2.87,3.01,1
29.0,76.875,2023-10-26,5,16.87,3.374,6.7,1
29.0,76.875,2023-10-27,2,7.62,3.81,3.87,1
29.0,76.875,2023-10-31,1,4.27,4.27,4.27,1
29.0,76.875,2023-11-01,1,2.71,2.71,2.71,1
29.0,76.875,2023-11-05,2,5.04,2.52,2.52,1
29.0,76.875,2023-11-12,2,5.050000000000001,2.5250000000000004,2.56,1
29.0,76.875,2023-11-15,1,3.73,3.73,3.73,1
29.0,76.875,2023-11-16,2,6.619999999999999,3.3099999999999996,3.32,1
29.0,76.875,2023-11-20,1,3.98,3.98,3.98,1
29.0,76.875,2023-11-27,1,2.37,2.37,2.37,1
29.0,76.875,2023-12-08,3,9.35,3.1166666666666667,4.75,1
29.0,76.875,2023-12-09,1,0.94,0.94,0.94,1
29.0,76.875,2023-12-10,2,5.13,2.565,3.7,1
29.0,76.875,2023-12-12,1,2.94,2.94,2.94,1
29.0,76.875,2023-12-13,1,4.77,4.77,4.77,1
29.0,76.875,2023-12-14,1,5.07,5.07,5.07,1
29.0,76.875,2023-12-16,1,9.24,9.24,9.24,1
29.0,76.875,2023-12-18,5,22.98,4.596,8.01,1
29.0,76.875,2023-12-19,3,11.5,3.8333333333333335,5.52,1
29.0,76.875,2023-12-20,1,8.63,8.63,8.63,1
29.0,76.875,2023-12-23,7,22.35,3.192857142857143,7.17,1
29.0,76.875,2023-12-25,3,8.719999999999999,2.9066666666666663,3.96,1
29.0,76.875,2024-01-11,1,3.35,3.35,3.35,1
29.0,76.875,2024-01-14,2,3.4000000000000004,1.7000000000000002,2.06,1
29.0,76.875,2024-01-26,1,2.97,2.97,2.97,1
29.0,76.875,2024-01-29,1,2.25,2.25,2.25,1
29.0,76.875,2024-02-06,1,1.62,1.62,1.62,1
29.0,76.875,2024-02-07,1,1.7,1.7,1.7,1
29.0,76.875,2024-02-09,1,3.91,3.91,3.91,1
29.0,76.875,2024-02-14,1,2.29,2.29,2.29,1
29.0,76.875,2024-02-16,2,6.52,3.26,3.84,1
29.0,76.875,2024-02-17,1,5.81,5.81,5.81,1
29.0,76.875,2024-02-23,2,12.3,6.15,7.74,1
29.0,76.875,2024-02-24,1,15.08,15.08,15.08,1
29.0,76.875,2024-02-26,1,7.66,7.66,7.66,1
29.0,76.875,2024-02-28,2,5.58,2.79,4.07,1
29.0,76.875,2024-03-04,2,26.42,13.21,13.21,1
29.0,76.875,2024-03-08,1,2.54,2.54,2.54,1
29.0,76.875,2024-03-09,1,8.5,8.5,8.5,1
29.0,76.875,2024-03-13,1,3.18,3.18,3.18,1
29.0,76.875,2024-03-14,1,4.11,4.11,4.11,1
29.0,76.875,2024-03-29,1,5.75,5.75,5.75,1
29.0,76.875,2024-04-24,1,19.56,19.56,19.56,1
29.0,76.875,2024-04-26,1,3.52,3.52,3.52,1
29.0,76.875,2024-04-28,1,2.31,2.31,2.31,1
29.0,76.875,2024-05-01,3,43.83,14.61,34.75,1
29.0,76.875,2024-05-02,9,32.48,3.6088888888888886,5.03,1
29.0,76.875,2024-05-04,5,270.96,54.19199999999999,137.92,1
29.0,76.875,2024-05-05,39,321.31,8.238717948717948,24.72,1
29.0,76.875,2024-05-06,8,87.85,10.98125,16.68,1
29.0,76.875,2024-05-07,37,184.64,4.99027027027027,14.09,1
29.0,76.875,2024-05-08,15,60.97,4.064666666666667,6.02,1
29.0,76.875,2024-05-09,28,114.63,4.093928571428571,9.15,1
29.0,76.875,2024-05-10,43,211.45,4.917441860465116,13.09,1
29.0,76.875,2024-05-12,18,79.45,4.413888888888889,9.99,1
29.0,76.875,2024-05-13,27,156.42,5.793333333333333,11.33,1
29.0,76.875,2024-05-14,6,34.61,5.7683333333333335,10.1,1
29.0,76.875,2024-05-15,15,75.9,5.0600000000000005,10.32,1
29.0,76.875,2024-05-16,5,19.81,3.9619999999999997,4.97,1
29.0,76.875,2024-05-17,3,35.4,11.799999999999999,15.07,1
29.0,76.875,2024-05-18,20,81.66,4.083,13.56,1
29.0,76.875,2024-05-19,3,7.57,2.5233333333333334,3.3,1
29.0,76.875,2024-05-23,1,1.86,1.86,1.86,1
29.0,76.875,2024-05-28,1,4.69,4.69,4.69,1
29.0,76.875,2024-06-10,3,18.18,6.06,9.67,1
29.0,76.875,2024-06-13,1,2.7,2.7,2.7,1
29.0,76.875,2024-09-30,2,10.65,5.325,5.65,1
29.0,76.875,2024-10-01,1,2.05,2.05,2.05,1
29.0,76.875,2024-10-08,1,3.47,3.47,3.47,1
29.0,76.875,2024-10-10,3,8.370000000000001,2.7900000000000005,3.1,1
29.0,76.875,2024-10-11,3,12.129999999999999,4.043333333333333,5.25,1
29.0,76.875,2024-10-12,5,13.219999999999999,2.6439999999999997,5.12,1
29.0,76.875,2024-10-23,1,2.67,2.67,2.67,1
29.0,76.875,2024-10-26,3,10.4,3.466666666666667,5.04,1
29.0,76.875,2024-10-31,3,11.3,3.766666666666667,4.45,1
29.0,76.875,2024-11-01,2,8.120000000000001,4.0600000000000005,4.17,1
29.0,76.875,2024-11-02,1,3.85,3.85,3.85,1
29.0,76.875,2024-11-07,1,0.87,0.87,0.87,1
29.0,76.875,2024-11-09,1,2.03,2.03,2.03,1
29.0,76.875,2024-11-15,1,1.23,1.23,1.23,1
29.0,76.875,2024-11-17,1,1.52,1.52,1.52,1
29.0,76.875,2024-11-19,1,3.27,3.27,3.27,1
29.0,76.875,2024-11-20,1,1.12,1.12,1.12,1
29.0,76.875,2024-11-22,1,4.29,4.29,4.29,1
29.0,76.875,2024-11-23,2,6.199999999999999,3.0999999999999996,4.02,1
29.0,76.875,2024-11-24,2,3.3499999999999996,1.6749999999999998,2.13,1
29.0,76.875,2024-11-30,1,3.92,3.92,3.92,1
29.0,76.875,2024-12-03,1,0.6,0.6,0.6,1
29.0,76.875,2024-12-06,1,8.38,8.38,8.38,1
29.0,76.875,2024-12-07,2,11.1,5.55,5.93,1
29.0,76.875,2024-12-09,1,3.93,3.93,3.93,1
29.0,76.875,2024-12-11,2,6.54,3.27,3.44,1
29.0,76.875,2024-12-16,2,5.8999999999999995,2.9499999999999997,4.1,1
29.0,76.875,2024-12-17,1,2.82,2.82,2.82,1
29.0,76.875,2024-12-18,1,2.66,2.66,2.66,1
29.0,76.875,2024-12-20,4,10.370000000000001,2.5925000000000002,4.98,1
29.0,76.875,2024-12-21,1,1.06,1.06,1.06,1
29.0,76.875,2024-12-24,1,3.6,3.6,3.6,1
29.0,76.875,2024-12-25,1,1.29,1.29,1.29,1
29.0,76.875,2024-12-26,3,5.51,1.8366666666666667,2.26,1
29.0,76.875,2025-01-08,2,6.5,3.25,4.46,1
29.0,76.875,2025-01-20,1,3.17,3.17,3.17,1
29.0,76.875,2025-01-21,3,13.77,4.59,5.94,1
29.0,76.875,2025-01-30,1,7.04,7.04,7.04,1
29.0,76.875,2025-02-05,3,60.41,20.136666666666667,27.54,1
29.0,76.875,2025-02-11,4,17.31,4.3275,6.1,1
29.0,76.875,2025-02-13,2,8.36,4.18,5.3,1
29.0,76.875,2025-02-15,3,11.03,3.6766666666666663,5.84,1
29.0,76.875,2025-02-22,1,6.48,6.48,6.48,1
29.0,76.875,2025-02-23,1,5.25,5.25,5.25,1
29.0,76.875,2025-02-24,2,8.71,4.355,4.92,1
29.0,76.875,2025-03-13,1,0.79,0.79,0.79,1
29.0,76.875,2025-04-21,1,1.92,1.92,1.92,1
29.0,76.875,2025-04-24,2,11.350000000000001,5.675000000000001,6.24,1
29.0,76.875,2025-04-25,27,249.36,9.235555555555557,24.41,1
29.0,76.875,2025-04-26,2,13.120000000000001,6.5600000000000005,7.33,1
29.0,76.875,2025-04-27,15,88.21000000000001,5.880666666666667,30.19,1
29.0,76.875,2025-04-28,2,8.67,4.335,5.18,1
29.0,76.875,2025-04-29,18,85.3,4.738888888888889,16.89,1
29.0,76.875,2025-04-30,9,32.58,3.6199999999999997,6.36,1
29.0,76.875,2025-05-01,1,7.05,7.05,7.05,1
29.0,76.875,2025-05-03,2,2.8200000000000003,1.4100000000000001,2.24,1
29.0,76.875,2025-05-04,11,74.24,6.749090909090909,17.61,1
29.0,76.875,2025-05-06,10,57.39,5.739,16.11,1
29.0,76.875,2025-05-07,8,66.47,8.30875,17.06,1
29.0,76.875,2025-05-08,33,165.77,5.023333333333333,9.4,1
29.0,76.875,2025-05-09,9,69.8,7.7555555555555555,15.72,1
29.0,76.875,2025-05-11,47,200.41,4.264042553191489,10.01,1
29.0,76.875,2025-05-12,27,157.51,5.833703703703703,11.52,1
29.0,76.875,2025-05-13,25,173.49,6.9396,10.6,1
29.0,76.875,2025-05-14,3,24.08,8.026666666666666,8.78,1
29.0,76.875,2025-05-15,13,60.13,4.625384615384616,11.91,1
29.0,76.875,2025-05-16,19,61.72,3.248421052631579,5.95,1
29.0,76.875,2025-05-17,1,11.49,11.49,11.49,1
29.0,76.875,2025-05-18,15,87.07,5.804666666666666,9.63,1
29.0,76.875,2025-05-20,6,55.12,9.186666666666666,17.56,1
29.0,76.875,2025-05-21,4,8.11,2.0275,3.83,1
29.0,76.875,2025-05-22,2,4.35,2.175,3.5,1
29.0,76.875,2025-05-23,4,13.55,3.3875,6.77,1
29.0,76.875,2025-05-24,5,18.03,3.6060000000000003,4.11,1
29.0,76.875,2025-05-27,1,2.05,2.05,2.05,1
29.0,76.875,2025-05-29,1,3.97,3.97,3.97,1
29.0,76.875,2025-05-31,2,6.46,3.23,3.23,1
29.0,76.875,2025-06-02,2,20.09,10.045,12.68,1
29.0,76.875,2025-10-12,1,3.19,3.19,3.19,1
29.0,76.875,2025-10-22,1,1.71,1.71,1.71,1
29.0,76.875,2025-11-04,2,6.65,3.325,3.77,1
29.0,76.875,2025-11-06,2,5.72,2.86,2.86,1
29.0,76.875,2025-11-07,2,11.59,5.795,7.26,1
29.0,76.875,2025-11-09,3,17.130000000000003,5.710000000000001,6.79,1
29.0,76.875,2025-11-10,2,4.63,2.315,2.85,1
29.0,76.875,2025-11-11,6,14.53,2.4216666666666664,3.81,1
29.0,76.875,2025-11-14,6,26.74,4.456666666666666,8.28,1
29.0,76.875,2025-11-15,3,6.8100000000000005,2.27,3.16,1
29.0,76.875,2025-11-16,5,16.52,3.304,4.98,1
29.0,76.875,2025-11-17,4,17.3,4.325,6.8,1
29.0,76.875,2025-11-18,1,3.68,3.68,3.68,1
29.0,76.875,2025-11-21,1,2.24,2.24,2.24,1
29.0,76.875,2025-11-22,1,4.19,4.19,4.19,1
29.0,76.875,2025-11-26,4,17.11,4.2775,6.29,1
29.0,76.875,2025-11-27,1,2.04,2.04,2.04,1
29.0,76.875,2025-11-29,2,6.88,3.44,4.22,1
29.0,76.875,2025-12-02,1,4.33,4.33,4.33,1
29.0,76.875,2025-12-03,1,3.94,3.94,3.94,1
29.0,76.875,2025-12-09,2,5.130000000000001,2.5650000000000004,2.97,1
29.0,76.875,2025-12-12,1,5.79,5.79,5.79,1
29.0,76.875,2025-12-16,1,3.13,3.13,3.13,1
29.0,76.875,2025-12-17,1,3.33,3.33,3.33,1
29.0,76.875,2025-12-22,1,4.65,4.65,4.65,1
29.0,76.875,2025-12-23,2,4.98,2.49,3.71,1
29.0,76.875,2025-12-24,1,3.71,3.71,3.71,1
29.0,76.875,2025-12-26,1,2.24,2.24,2.24,1
29.0,76.875,2025-12-28,3,6.699999999999999,2.233333333333333,2.46,1
29.5,73.125,2023-02-27,1,4.77,4.77,4.77,1
29.5,73.125,2023-04-11,1,6.81,6.81,6.81,1
29.5,73.125,2023-04-13,2,7.960000000000001,3.9800000000000004,4.03,1
29.5,73.125,2023-04-14,3,17.560000000000002,5.853333333333334,7.75,1
29.5,73.125,2023-04-15,2,11.53,5.765,6.27,1
29.5,73.125,2023-04-17,1,5.14,5.14,5.14,1
29.5,73.125,2023-04-18,2,6.09,3.045,4.24,1
29.5,73.125,2023-04-20,3,14.73,4.91,6.27,1
29.5,73.125,2023-04-21,2,4.92,2.46,4.55,1
29.5,73.125,2023-04-22,1,2.35,2.35,2.35,1
29.5,73.125,2023-04-23,5,25.5,5.1,10.88,1
29.5,73.125,2023-04-24,5,17.29,3.4579999999999997,6.36,1
29.5,73.125,2023-04-26,3,11.42,3.8066666666666666,5.2,1
29.5,73.125,2023-04-27,5,32.88,6.5760000000000005,8.36,1
29.5,73.125,2023-05-04,2,10.41,5.205,6.2,1
29.5,73.125,2023-05-06,3,18.21,6.07,8.33,1
29.5,73.125,2023-05-07,1,2.67,2.67,2.67,1
29.5,73.125,2023-05-10,2,6.58,3.29,3.34,1
29.5,73.125,2023-07-12,1,3.13,3.13,3.13,1
29.5,73.125,2023-09-07,1,5.23,5.23,5.23,1
29.5,73.125,2023-11-10,1,1.63,1.63,1.63,1
29.5,73.125,2023-11-16,1,1.35,1.35,1.35,1
29.5,73.125,2023-11-21,4,10.629999999999999,2.6574999999999998,3.79,1
29.5,73.125,2023-12-28,1,1.49,1.49,1.49,1
29.5,73.125,2024-03-06,1,5.5,5.5,5.5,1
29.5,73.125,2024-03-07,1,13.75,13.75,13.75,1
29.5,73.125,2024-04-21,3,22.46,7.486666666666667,11.47,1
29.5,73.125,2024-04-22,1,8.53,8.53,8.53,1
29.5,73.125,2024-04-23,6,48.53,8.088333333333333,11.84,1
29.5,73.125,2024-04-26,3,8.48,2.8266666666666667,3.51,1
29.5,73.125,2024-04-27,2,4.92,2.46,2.46,1
29.5,73.125,2024-04-29,4,20.94,5.235,8.06,1
29.5,73.125,2024-04-30,1,12.75,12.75,12.75,1
29.5,73.125,2024-05-01,2,8.620000000000001,4.3100000000000005,4.44,1
29.5,73.125,2024-05-02,1,6.64,6.64,6.64,1
29.5,73.125,2024-05-04,2,14.24,7.12,10.34,1
29.5,73.125,2024-05-06,1,17.07,17.07,17.07,1
29.5,73.125,2024-05-07,2,16.259999999999998,8.129999999999999,9.35,1
29.5,73.125,2024-05-09,1,2.78,2.78,2.78,1
29.5,73.125,2024-05-13,3,18.310000000000002,6.103333333333334,7.83,1
29.5,73.125,2024-05-17,1,10.66,10.66,10.66,1
29.5,73.125,2024-05-20,2,28.13,14.065,15.2,1
29.5,73.125,2024-08-20,1,2.3,2.3,2.3,1
29.5,73.125,2024-08-24,1,2.33,2.33,2.33,1
29.5,73.125,2024-09-19,1,2.07,2.07,2.07,1
29.5,73.125,2024-10-18,1,4.38,4.38,4.38,1
29.5,73.125,2024-10-22,1,1.67,1.67,1.67,1
29.5,73.125,2024-10-25,2,13.65,6.825,7.2,1
29.5,73.125,2024-10-26,1,2.94,2.94,2.94,1
29.5,73.125,2024-10-29,2,7.470000000000001,3.7350000000000003,5.11,1
29.5,73.125,2024-11-19,1,1.21,1.21,1.21,1
29.5,73.125,2025-01-28,2,30.78,15.39,16.37,1
29.5,73.125,2025-02-01,1,1.98,1.98,1.98,1
29.5,73.125,2025-04-04,1,4.36,4.36,4.36,1
29.5,73.125,2025-04-05,2,2.88,1.44,2.33,1
29.5,73.125,2025-04-09,1,1.03,1.03,1.03,1
29.5,73.125,2025-04-12,1,5.92,5.92,5.92,1
29.5,73.125,2025-04-13,1,1.24,1.24,1.24,1
29.5,73.125,2025-04-14,1,3.34,3.34,3.34,1
29.5,73.125,2025-04-15,1,3.18,3.18,3.18,1
29.5,73.125,2025-04-20,2,13.61,6.805,11.0,1
29.5,73.125,2025-04-21,1,0.75,0.75,0.75,1
29.5,73.125,2025-04-23,6,43.72,7.286666666666666,9.79,1
29.5,73.125,2025-04-24,7,54.01,7.715714285714285,11.87,1
29.5,73.125,2025-04-25,2,19.5,9.75,9.75,1
29.5,73.125,2025-04-28,5,39.16,7.831999999999999,9.7,1
29.5,73.125,2025-04-29,3,10.31,3.436666666666667,6.43,1
29.5,73.125,2025-04-30,3,13.43,4.476666666666667,7.62,1
29.5,73.125,2025-05-07,2,4.8100000000000005,2.4050000000000002,2.81,1
29.5,73.125,2025-08-10,3,16.38,5.46,6.87,1
29.5,73.125,2025-10-25,1,1.57,1.57,1.57,1
29.5,73.125,2025-10-30,1,2.78,2.78,2.78,1
29.5,73.125,2025-11-04,2,8.59,4.295,5.33,1
29.5,73.125,2025-11-05,1,1.79,1.79,1.79,1
29.5,73.125,2025-11-06,1,2.33,2.33,2.33,1
29.5,73.125,2025-11-07,2,5.66,2.83,3.55,1
29.5,73.125,2025-11-10,2,5.24,2.62,2.62,1
29.5,73.125,2025-11-14,1,2.87,2.87,2.87,1
29.5,73.125,2025-11-15,2,26.11,13.055,24.19,1
29.5,73.125,2025-11-16,2,10.56,5.28,9.26,1
29.5,73.75,2023-01-26,1,4.5,4.5,4.5,1
29.5,73.75,2023-02-12,2,5.98,2.99,3.78,1
29.5,73.75,2023-04-09,1,6.55,6.55,6.55,1
29.5,73.75,2023-04-14,1,2.75,2.75,2.75,1
29.5,73.75,2023-04-19,2,6.28,3.14,5.15,1
29.5,73.75,2023-04-20,4,15.73,3.9325,5.77,1
29.5,73.75,2023-04-21,2,19.48,9.74,15.33,1
29.5,73.75,2023-04-22,1,1.29,1.29,1.29,1
29.5,73.75,2023-04-24,5,22.669999999999998,4.534,5.46,1
29.5,73.75,2023-04-27,3,21.68,7.226666666666667,10.1,1
29.5,73.75,2023-05-04,1,1.91,1.91,1.91,1
29.5,73.75,2023-05-06,2,6.390000000000001,3.1950000000000003,3.27,1
29.5,73.75,2023-05-07,7,43.16,6.1657142857142855,9.49,1
29.5,73.75,2023-05-09,2,14.49,7.245,9.39,1
29.5,73.75,2023-05-11,4,29.060000000000002,7.265000000000001,9.92,1
29.5,73.75,2023-05-12,1,1.95,1.95,1.95,1
29.5,73.75,2023-05-13,4,24.14,6.035,14.49,1
29.5,73.75,2023-05-16,5,18.07,3.614,6.34,1
29.5,73.75,2023-05-20,1,6.43,6.43,6.43,1
29.5,73.75,2023-06-13,2,5.1,2.55,2.59,1
29.5,73.75,2023-10-04,1,5.91,5.91,5.91,1
29.5,73.75,2023-10-06,1,3.18,3.18,3.18,1
29.5,73.75,2023-10-15,1,2.57,2.57,2.57,1
29.5,73.75,2023-10-20,1,1.56,1.56,1.56,1
29.5,73.75,2023-10-26,42,286.55,6.822619047619048,11.94,1
29.5,73.75,2023-10-30,1,5.53,5.53,5.53,1
29.5,73.75,2023-11-03,7,45.19,6.4557142857142855,11.5,1
29.5,73.75,2023-11-04,9,46.68,5.1866666666666665,6.99,1
29.5,73.75,2023-11-05,6,36.09,6.015000000000001,11.81,1
29.5,73.75,2023-11-06,5,30.140000000000004,6.0280000000000005,17.35,1
29.5,73.75,2023-11-08,3,13.26,4.42,5.16,1
29.5,73.75,2023-11-10,6,55.61,9.268333333333333,14.7,1
29.5,73.75,2023-11-11,8,30.55,3.81875,14.91,1
29.5,73.75,2023-11-12,2,18.24,9.12,15.26,1
29.5,73.75,2023-11-13,8,44.96,5.62,9.86,1
29.5,73.75,2023-11-14,11,82.42,7.492727272727273,18.14,1
29.5,73.75,2023-11-15,17,139.6,8.211764705882352,36.21,1
29.5,73.75,2023-11-16,7,42.85,6.121428571428572,10.84,1
29.5,73.75,2023-11-17,7,38.9,5.557142857142857,8.49,1
29.5,73.75,2023-11-19,5,29.32,5.864,9.3,1
29.5,73.75,2023-11-20,5,11.68,2.336,2.66,1
29.5,73.75,2023-11-21,20,117.62,5.881,24.03,1
29.5,73.75,2023-11-22,14,69.48,4.9628571428571435,10.58,1
29.5,73.75,2023-11-23,10,54.99,5.4990000000000006,10.06,1
29.5,73.75,2023-11-24,1,5.09,5.09,5.09,1
29.5,73.75,2023-11-25,3,13.58,4.526666666666666,5.44,1
29.5,73.75,2023-11-29,1,3.97,3.97,3.97,1
29.5,73.75,2023-12-01,2,31.16,15.58,17.18,1
29.5,73.75,2023-12-02,2,14.16,7.08,7.11,1
29.5,73.75,2023-12-03,1,3.63,3.63,3.63,1
29.5,73.75,2023-12-08,1,1.91,1.91,1.91,1
29.5,73.75,2023-12-10,1,2.82,2.82,2.82,1
29.5,73.75,2023-12-17,1,3.33,3.33,3.33,1
29.5,73.75,2023-12-22,1,2.46,2.46,2.46,1
29.5,73.75,2024-02-15,3,10.940000000000001,3.646666666666667,4.24,1
29.5,73.75,2024-04-26,1,2.98,2.98,2.98,1
29.5,73.75,2024-04-27,9,28.39,3.1544444444444446,6.36,1
29.5,73.75,2024-04-29,4,18.5,4.625,6.66,1
29.5,73.75,2024-05-01,7,27.990000000000002,3.9985714285714287,7.75,1
29.5,73.75,2024-05-02,5,31.78,6.356,8.55,1
29.5,73.75,2024-05-04,9,57.76,6.417777777777777,11.43,1
29.5,73.75,2024-05-06,6,60.69,10.115,14.88,1
29.5,73.75,2024-05-07,1,9.94,9.94,9.94,1
29.5,73.75,2024-05-08,6,62.040000000000006,10.340000000000002,11.91,1
29.5,73.75,2024-05-09,3,38.84,12.946666666666667,19.71,1
29.5,73.75,2024-05-10,1,5.36,5.36,5.36,1
29.5,73.75,2024-05-12,11,40.39,3.671818181818182,6.95,1
29.5,73.75,2024-05-13,7,32.39,4.627142857142857,6.98,1
29.5,73.75,2024-05-14,2,6.42,3.21,3.68,1
29.5,73.75,2024-05-17,1,4.24,4.24,4.24,1
29.5,73.75,2024-05-20,3,5.390000000000001,1.7966666666666669,2.2,1
29.5,73.75,2024-05-28,1,2.01,2.01,2.01,1
29.5,73.75,2024-06-17,1,1.24,1.24,1.24,1
29.5,73.75,2024-08-21,2,13.96,6.98,6.98,1
29.5,73.75,2024-09-20,1,3.99,3.99,3.99,1
29.5,73.75,2024-09-30,1,1.07,1.07,1.07,1
29.5,73.75,2024-10-05,1,4.04,4.04,4.04,1
29.5,73.75,2024-10-14,1,2.4,2.4,2.4,1
29.5,73.75,2024-10-17,1,3.38,3.38,3.38,1
29.5,73.75,2024-10-25,1,1.72,1.72,1.72,1
29.5,73.75,2024-10-26,1,10.63,10.63,10.63,1
29.5,73.75,2024-10-27,3,11.74,3.9133333333333336,7.56,1
29.5,73.75,2024-10-28,35,325.7,9.305714285714286,21.08,1
29.5,73.75,2024-10-29,4,21.01,5.2525,9.9,1
29.5,73.75,2024-10-31,3,12.42,4.14,4.93,1
29.5,73.75,2024-11-01,3,15.379999999999999,5.126666666666666,6.59,1
29.5,73.75,2024-11-02,4,52.239999999999995,13.059999999999999,40.76,1
29.5,73.75,2024-11-07,9,37.18,4.131111111111111,12.52,1
29.5,73.75,2024-11-08,13,88.97,6.843846153846154,22.95,1
29.5,73.75,2024-11-09,3,15.23,5.076666666666667,5.31,1
29.5,73.75,2024-11-10,15,132.63,8.842,29.88,1
29.5,73.75,2024-11-11,18,130.52,7.251111111111111,16.44,1
29.5,73.75,2024-11-12,9,100.99,11.22111111111111,46.33,1
29.5,73.75,2024-11-13,5,26.07,5.214,7.4,1
29.5,73.75,2024-11-14,6,27.53,4.588333333333334,8.91,1
29.5,73.75,2024-11-15,7,44.19,6.312857142857142,14.8,1
29.5,73.75,2024-11-16,6,77.00999999999999,12.834999999999999,28.05,1
29.5,73.75,2024-11-17,18,126.73,7.040555555555556,13.42,1
29.5,73.75,2024-11-18,17,64.21000000000001,3.777058823529412,12.56,1
29.5,73.75,2024-11-19,14,159.37,11.383571428571429,45.02,1
29.5,73.75,2024-11-20,19,216.12,11.374736842105264,26.58,1
29.5,73.75,2024-11-21,18,87.36,4.8533333333333335,7.85,1
29.5,73.75,2024-11-22,9,104.28999999999999,11.587777777777777,24.27,1
29.5,73.75,2024-11-23,26,209.26,8.048461538461538,35.37,1
29.5,73.75,2024-11-24,2,7.42,3.71,5.47,1
29.5,73.75,2024-11-25,1,7.78,7.78,7.78,1
29.5,73.75,2024-11-26,1,3.45,3.45,3.45,1
29.5,73.75,2024-11-27,1,3.89,3.89,3.89,1
29.5,73.75,2024-11-28,1,4.65,4.65,4.65,1
29.5,73.75,2024-11-29,1,4.76,4.76,4.76,1
29.5,73.75,2024-11-30,1,4.77,4.77,4.77,1
29.5,73.75,2024-12-09,2,3.2,1.6,2.09,1
29.5,73.75,2025-02-17,4,17.23,4.3075,6.02,1
29.5,73.75,2025-03-07,1,2.8,2.8,2.8,1
29.5,73.75,2025-03-10,1,9.13,9.13,9.13,1
29.5,73.75,2025-04-14,1,1.86,1.86,1.86,1
29.5,73.75,2025-04-18,2,26.130000000000003,13.065000000000001,13.48,1
29.5,73.75,2025-04-20,1,11.34,11.34,11.34,1
29.5,73.75,2025-04-21,1,12.52,12.52,12.52,1
29.5,73.75,2025-04-23,2,4.71,2.355,2.79,1
29.5,73.75,2025-04-25,2,23.39,11.695,16.09,1
29.5,73.75,2025-04-29,3,16.14,5.38,9.17,1
29.5,73.75,2025-04-30,9,38.01,4.223333333333333,7.08,1
29.5,73.75,2025-05-01,1,3.21,3.21,3.21,1
29.5,73.75,2025-05-02,4,11.25,2.8125,3.78,1
29.5,73.75,2025-05-04,3,16.38,5.46,6.23,1
29.5,73.75,2025-05-06,1,5.47,5.47,5.47,1
29.5,73.75,2025-05-07,5,39.2,7.840000000000001,10.18,1
29.5,73.75,2025-05-09,2,8.01,4.005,5.86,1
29.5,73.75,2025-05-11,2,16.91,8.455,14.19,1
29.5,73.75,2025-05-15,1,8.44,8.44,8.44,1
29.5,73.75,2025-05-16,1,4.81,4.81,4.81,1
29.5,73.75,2025-05-17,1,4.01,4.01,4.01,1
29.5,73.75,2025-05-18,2,8.73,4.365,4.88,1
29.5,73.75,2025-05-21,1,4.64,4.64,4.64,1
29.5,73.75,2025-06-11,1,3.38,3.38,3.38,1
29.5,73.75,2025-08-22,4,24.09,6.0225,9.09,1
29.5,73.75,2025-10-14,3,7.779999999999999,2.5933333333333333,4.64,1
29.5,73.75,2025-10-19,4,33.15,8.2875,11.42,1
29.5,73.75,2025-10-20,2,9.74,4.87,4.87,1
29.5,73.75,2025-10-22,2,9.0,4.5,7.31,1
29.5,73.75,2025-10-24,1,2.92,2.92,2.92,1
29.5,73.75,2025-10-25,2,5.91,2.955,3.56,1
29.5,73.75,2025-10-26,1,3.41,3.41,3.41,1
29.5,73.75,2025-10-27,5,30.74,6.148,9.09,1
29.5,73.75,2025-10-28,1,2.5,2.5,2.5,1
29.5,73.75,2025-10-30,3,6.4399999999999995,2.1466666666666665,2.96,1
29.5,73.75,2025-10-31,20,74.75999999999999,3.7379999999999995,16.83,1
29.5,73.75,2025-11-01,6,24.28,4.046666666666667,6.14,1
29.5,73.75,2025-11-02,8,36.730000000000004,4.5912500000000005,13.88,1
29.5,73.75,2025-11-03,8,52.55,6.56875,17.32,1
29.5,73.75,2025-11-04,14,116.46999999999998,8.319285714285714,33.16,1
29.5,73.75,2025-11-05,20,112.52000000000001,5.626,22.69,1
29.5,73.75,2025-11-06,17,145.11,8.535882352941178,36.3,1
29.5,73.75,2025-11-07,17,85.47,5.027647058823529,17.45,1
29.5,73.75,2025-11-08,29,179.15,6.177586206896552,28.34,1
29.5,73.75,2025-11-09,24,136.48,5.6866666666666665,13.52,1
29.5,73.75,2025-11-10,23,112.64,4.897391304347826,20.13,1
29.5,73.75,2025-11-11,19,137.64000000000001,7.24421052631579,27.68,1
29.5,73.75,2025-11-13,15,102.78999999999999,6.852666666666666,18.81,1
29.5,73.75,2025-11-14,26,307.69,11.83423076923077,36.45,1
29.5,73.75,2025-11-15,23,145.01,6.3047826086956515,16.45,1
29.5,73.75,2025-11-16,20,109.05,5.4525,30.8,1
29.5,73.75,2025-11-17,11,48.0,4.363636363636363,17.17,1
29.5,73.75,2025-11-18,11,114.88000000000001,10.443636363636365,19.55,1
29.5,73.75,2025-11-19,9,70.45,7.827777777777778,13.6,1
29.5,73.75,2025-11-20,6,38.55,6.425,10.91,1
29.5,73.75,2025-11-21,12,59.449999999999996,4.954166666666667,9.8,1
29.5,73.75,2025-11-22,6,32.02,5.336666666666667,10.12,1
29.5,73.75,2025-11-23,4,25.03,6.2575,7.08,1
29.5,73.75,2025-11-24,9,35.589999999999996,3.954444444444444,8.43,1
29.5,73.75,2025-11-26,4,6.9,1.725,1.97,1
29.5,73.75,2025-11-29,1,5.31,5.31,5.31,1
29.5,73.75,2025-11-30,1,3.58,3.58,3.58,1
29.5,73.75,2025-12-12,1,2.09,2.09,2.09,1
29.5,73.75,2025-12-26,3,21.26,7.086666666666667,8.56,1
29.5,74.375,2023-02-12,1,1.72,1.72,1.72,1
29.5,74.375,2023-03-05,1,3.25,3.25,3.25,1
29.5,74.375,2023-04-19,1,5.89,5.89,5.89,1
29.5,74.375,2023-04-21,3,17.0,5.666666666666667,6.43,1
29.5,74.375,2023-04-22,1,4.72,4.72,4.72,1
29.5,74.375,2023-04-24,8,19.98,2.4975,5.57,1
29.5,74.375,2023-04-25,1,5.48,5.48,5.48,1
29.5,74.375,2023-04-27,4,49.66,12.415,20.18,1
29.5,74.375,2023-04-30,1,3.29,3.29,3.29,1
29.5,74.375,2023-05-01,1,0.0,0.0,0.0,1
29.5,74.375,2023-05-02,13,75.29,5.791538461538462,12.52,1
29.5,74.375,2023-05-04,19,61.11,3.216315789473684,6.25,1
29.5,74.375,2023-05-05,23,83.32,3.6226086956521737,11.7,1
29.5,74.375,2023-05-06,7,19.29,2.755714285714286,3.63,1
29.5,74.375,2023-05-07,13,121.16,9.32,34.81,1
29.5,74.375,2023-05-08,1,42.46,42.46,42.46,1
29.5,74.375,2023-05-09,8,83.44,10.43,16.98,1
29.5,74.375,2023-05-10,43,437.78,10.180930232558138,42.37,1
29.5,74.375,2023-05-11,39,445.27,11.417179487179487,41.15,1
29.5,74.375,2023-05-12,25,179.25,7.17,13.59,1
29.5,74.375,2023-05-13,19,126.64,6.665263157894737,23.01,1
29.5,74.375,2023-05-14,1,32.05,32.05,32.05,1
29.5,74.375,2023-05-15,6,43.7,7.283333333333334,9.1,1
29.5,74.375,2023-05-16,4,10.4,2.6,4.68,1
29.5,74.375,2023-05-17,1,7.71,7.71,7.71,1
29.5,74.375,2023-05-21,1,17.53,17.53,17.53,1
29.5,74.375,2023-05-23,4,30.62,7.655,9.89,1
29.5,74.375,2023-10-03,1,1.36,1.36,1.36,1
29.5,74.375,2023-10-04,4,26.16,6.54,13.73,1
29.5,74.375,2023-10-06,1,3.08,3.08,3.08,1
29.5,74.375,2023-10-07,4,17.9,4.475,6.64,1
29.5,74.375,2023-10-08,3,26.599999999999998,8.866666666666665,10.26,1
29.5,74.375,2023-10-09,3,31.33,10.443333333333333,12.19,1
29.5,74.375,2023-10-10,1,5.52,5.52,5.52,1
29.5,74.375,2023-10-11,1,2.79,2.79,2.79,1
29.5,74.375,2023-10-12,4,27.38,6.845,7.77,1
29.5,74.375,2023-10-13,6,33.839999999999996,5.64,10.04,1
29.5,74.375,2023-10-14,5,36.67,7.3340000000000005,15.77,1
29.5,74.375,2023-10-15,2,4.6,2.3,2.88,1
29.5,74.375,2023-10-18,1,3.73,3.73,3.73,1
29.5,74.375,2023-10-20,2,6.18,3.09,3.93,1
29.5,74.375,2023-10-21,3,15.21,5.07,9.34,1
29.5,74.375,2023-10-23,3,26.07,8.69,13.35,1
29.5,74.375,2023-10-25,10,31.93,3.193,7.53,1
29.5,74.375,2023-10-26,10,28.15,2.815,4.55,1
29.5,74.375,2023-10-27,3,26.96,8.986666666666666,15.0,1
29.5,74.375,2023-10-29,14,60.73,4.337857142857143,7.44,1
29.5,74.375,2023-10-30,3,16.53,5.510000000000001,9.33,1
29.5,74.375,2023-10-31,7,30.59,4.37,9.51,1
29.5,74.375,2023-11-01,9,44.7,4.966666666666667,12.15,1
29.5,74.375,2023-11-03,1,8.23,8.23,8.23,1
29.5,74.375,2023-11-04,12,172.1,14.341666666666667,55.84,1
29.5,74.375,2023-11-05,22,162.43,7.383181818181819,20.91,1
29.5,74.375,2023-11-06,18,148.88,8.27111111111111,25.63,1
29.5,74.375,2023-11-07,12,74.04,6.170000000000001,10.5,1
29.5,74.375,2023-11-08,13,66.72,5.132307692307692,8.26,1
29.5,74.375,2023-11-09,3,14.61,4.87,6.24,1
29.5,74.375,2023-11-10,4,33.08,8.27,13.99,1
29.5,74.375,2023-11-11,3,15.07,5.023333333333333,8.0,1
29.5,74.375,2023-11-12,23,149.97,6.520434782608696,20.07,1
29.5,74.375,2023-11-13,29,213.55,7.363793103448276,24.92,1
29.5,74.375,2023-11-14,40,242.06,6.0515,14.14,1
29.5,74.375,2023-11-15,35,446.7,12.762857142857143,69.01,1
29.5,74.375,2023-11-16,11,104.59,9.508181818181818,30.66,1
29.5,74.375,2023-11-17,24,230.35,9.597916666666666,47.35,1
29.5,74.375,2023-11-18,11,131.66,11.969090909090909,27.21,1
29.5,74.375,2023-11-19,37,262.89,7.105135135135135,26.93,1
29.5,74.375,2023-11-20,17,74.9,4.405882352941177,9.22,1
29.5,74.375,2023-11-21,35,264.34,7.552571428571428,27.27,1
29.5,74.375,2023-11-22,22,147.34,6.697272727272727,28.95,1
29.5,74.375,2023-11-23,8,53.01,6.62625,12.85,1
29.5,74.375,2023-11-25,4,38.94,9.735,12.88,1
29.5,74.375,2023-11-28,2,5.43,2.715,3.06,1
29.5,74.375,2023-11-30,2,16.11,8.055,9.33,1
29.5,74.375,2023-12-01,3,42.45,14.15,20.9,1
29.5,74.375,2023-12-02,2,5.52,2.76,3.43,1
29.5,74.375,2023-12-03,1,2.26,2.26,2.26,1
29.5,74.375,2023-12-04,1,7.88,7.88,7.88,1
29.5,74.375,2023-12-05,1,2.91,2.91,2.91,1
29.5,74.375,2023-12-06,1,1.85,1.85,1.85,1
29.5,74.375,2023-12-09,3,21.53,7.176666666666667,13.4,1
29.5,74.375,2023-12-18,1,0.99,0.99,0.99,1
29.5,74.375,2024-01-26,2,2.2,1.1,1.12,1
29.5,74.375,2024-03-11,1,1.37,1.37,1.37,1
29.5,74.375,2024-04-21,1,2.84,2.84,2.84,1
29.5,74.375,2024-04-24,1,7.05,7.05,7.05,1
29.5,74.375,2024-04-26,9,38.93,4.325555555555556,10.25,1
29.5,74.375,2024-04-27,8,29.96,3.745,7.42,1
29.5,74.375,2024-04-28,1,2.62,2.62,2.62,1
29.5,74.375,2024-05-01,19,127.44,6.707368421052632,33.43,1
29.5,74.375,2024-05-02,41,295.12,7.198048780487805,24.03,1
29.5,74.375,2024-05-04,15,144.84,9.656,32.85,1
29.5,74.375,2024-05-06,27,180.84,6.697777777777778,12.57,1
29.5,74.375,2024-05-07,46,397.66,8.644782608695653,33.02,1
29.5,74.375,2024-05-08,30,168.81,5.627,12.83,1
29.5,74.375,2024-05-09,18,104.16,5.786666666666666,11.47,1
29.5,74.375,2024-05-10,6,60.55,10.091666666666667,25.22,1
29.5,74.375,2024-05-11,8,66.24,8.28,10.48,1
29.5,74.375,2024-05-12,14,126.92,9.065714285714286,15.07,1
29.5,74.375,2024-05-13,23,196.95,8.56304347826087,13.36,1
29.5,74.375,2024-05-14,14,112.59,8.042142857142858,13.26,1
29.5,74.375,2024-05-15,4,31.37,7.8425,10.21,1
29.5,74.375,2024-05-16,2,53.4,26.7,26.7,1
29.5,74.375,2024-05-17,2,31.32,15.66,18.03,1
29.5,74.375,2024-05-18,3,19.38,6.46,7.14,1
29.5,74.375,2024-05-19,3,34.44,11.479999999999999,13.34,1
29.5,74.375,2024-05-20,1,23.33,23.33,23.33,1
29.5,74.375,2024-05-23,1,3.66,3.66,3.66,1
29.5,74.375,2024-05-25,1,2.09,2.09,2.09,1
29.5,74.375,2024-06-28,1,16.45,16.45,16.45,1
29.5,74.375,2024-09-25,3,31.189999999999998,10.396666666666667,22.88,1
29.5,74.375,2024-09-30,2,23.18,11.59,11.59,1
29.5,74.375,2024-10-02,1,3.46,3.46,3.46,1
29.5,74.375,2024-10-05,1,7.52,7.52,7.52,1
29.5,74.375,2024-10-06,1,27.06,27.06,27.06,1
29.5,74.375,2024-10-07,2,7.95,3.975,6.63,1
29.5,74.375,2024-10-08,1,1.94,1.94,1.94,1
29.5,74.375,2024-10-11,1,4.35,4.35,4.35,1
29.5,74.375,2024-10-12,6,30.82,5.136666666666667,12.74,1
29.5,74.375,2024-10-13,2,7.779999999999999,3.8899999999999997,5.59,1
29.5,74.375,2024-10-14,10,93.42999999999999,9.343,31.29,1
29.5,74.375,2024-10-15,3,13.41,4.47,5.82,1
29.5,74.375,2024-10-16,1,2.95,2.95,2.95,1
29.5,74.375,2024-10-17,3,26.02,8.673333333333334,17.68,1
29.5,74.375,2024-10-18,8,46.46,5.8075,8.47,1
29.5,74.375,2024-10-19,7,42.93,6.132857142857143,14.07,1
29.5,74.375,2024-10-20,3,8.68,2.893333333333333,4.72,1
29.5,74.375,2024-10-21,10,48.01,4.801,11.01,1
29.5,74.375,2024-10-22,3,9.16,3.0533333333333332,4.68,1
29.5,74.375,2024-10-23,9,30.34,3.371111111111111,5.32,1
29.5,74.375,2024-10-24,6,55.06,9.176666666666668,20.8,1
29.5,74.375,2024-10-25,11,51.17,4.651818181818182,10.1,1
29.5,74.375,2024-10-26,7,25.9,3.6999999999999997,8.24,1
29.5,74.375,2024-10-27,14,49.93,3.5664285714285713,8.17,1
29.5,74.375,2024-10-28,16,98.54,6.15875,16.8,1
29.5,74.375,2024-10-29,12,80.08,6.673333333333333,22.95,1
29.5,74.375,2024-10-30,7,21.05,3.007142857142857,4.42,1
29.5,74.375,2024-10-31,16,85.5,5.34375,13.69,1
29.5,74.375,2024-11-01,12,59.010000000000005,4.9175,11.9,1
29.5,74.375,2024-11-02,29,151.51,5.224482758620689,13.01,1
29.5,74.375,2024-11-07,30,112.78999999999999,3.7596666666666665,8.67,1
29.5,74.375,2024-11-08,26,187.0,7.1923076923076925,33.67,1
29.5,74.375,2024-11-09,10,61.48,6.148,13.64,1
29.5,74.375,2024-11-10,12,70.35,5.8625,17.8,1
29.5,74.375,2024-11-11,26,253.1,9.734615384615385,30.41,1
29.5,74.375,2024-11-12,17,124.82,7.34235294117647,19.17,1
29.5,74.375,2024-11-13,9,39.69,4.41,7.93,1
29.5,74.375,2024-11-14,3,11.87,3.9566666666666666,5.5,1
29.5,74.375,2024-11-15,7,34.129999999999995,4.8757142857142854,6.81,1
29.5,74.375,2024-11-16,29,155.48,5.3613793103448275,10.99,1
29.5,74.375,2024-11-17,24,172.12,7.171666666666667,21.86,1
29.5,74.375,2024-11-18,64,391.74,6.1209375,20.99,1
29.5,74.375,2024-11-19,38,271.82,7.153157894736842,39.09,1
29.5,74.375,2024-11-20,32,421.13,13.1603125,69.82,1
29.5,74.375,2024-11-21,52,386.65,7.435576923076923,31.66,1
29.5,74.375,2024-11-22,66,566.62,8.585151515151516,51.73,1
29.5,74.375,2024-11-23,38,461.73,12.150789473684211,143.34,1
29.5,74.375,2024-11-24,31,234.76,7.572903225806451,46.89,1
29.5,74.375,2024-11-25,12,93.99,7.8325,20.04,1
29.5,74.375,2024-11-26,14,135.22,9.65857142857143,22.77,1
29.5,74.375,2024-11-27,19,105.75,5.565789473684211,12.89,1
29.5,74.375,2024-11-28,9,55.98,6.22,23.93,1
29.5,74.375,2024-11-29,6,20.909999999999997,3.4849999999999994,4.77,1
29.5,74.375,2024-11-30,6,33.58,5.596666666666667,10.52,1
29.5,74.375,2024-12-03,4,20.83,5.2075,6.43,1
29.5,74.375,2024-12-05,2,10.780000000000001,5.390000000000001,8.47,1
29.5,74.375,2024-12-06,7,22.25,3.1785714285714284,5.46,1
29.5,74.375,2024-12-07,6,42.03,7.005,15.88,1
29.5,74.375,2025-01-27,1,1.88,1.88,1.88,1
29.5,74.375,2025-02-08,2,2.19,1.095,1.6,1
29.5,74.375,2025-02-17,1,6.21,6.21,6.21,1
29.5,74.375,2025-03-05,1,2.15,2.15,2.15,1
29.5,74.375,2025-03-08,2,30.16,15.08,17.5,1
29.5,74.375,2025-03-16,1,4.96,4.96,4.96,1
29.5,74.375,2025-04-16,2,24.41,12.205,20.79,1
29.5,74.375,2025-04-19,1,2.14,2.14,2.14,1
29.5,74.375,2025-04-20,3,18.08,6.026666666666666,7.54,1
29.5,74.375,2025-04-21,5,101.47999999999999,20.296,32.19,1
29.5,74.375,2025-04-22,3,2.28,0.7599999999999999,0.94,1
29.5,74.375,2025-04-23,3,23.16,7.72,12.92,1
29.5,74.375,2025-04-24,28,132.82,4.743571428571428,9.88,1
29.5,74.375,2025-04-25,14,101.62,7.258571428571429,13.11,1
29.5,74.375,2025-04-26,5,29.22,5.843999999999999,19.15,1
29.5,74.375,2025-04-29,7,74.09,10.584285714285715,13.04,1
29.5,74.375,2025-04-30,30,109.85,3.6616666666666666,7.72,1
29.5,74.375,2025-05-01,22,137.72,6.26,16.91,1
29.5,74.375,2025-05-02,2,4.85,2.425,3.25,1
29.5,74.375,2025-05-04,3,19.009999999999998,6.336666666666666,7.88,1
29.5,74.375,2025-05-05,11,80.92,7.356363636363636,27.91,1
29.5,74.375,2025-05-06,9,46.61,5.178888888888888,11.07,1
29.5,74.375,2025-05-07,52,472.53,9.087115384615384,16.91,1
29.5,74.375,2025-05-08,1,5.11,5.11,5.11,1
29.5,74.375,2025-05-09,15,97.91,6.527333333333333,10.81,1
29.5,74.375,2025-05-10,20,114.35,5.717499999999999,16.69,1
29.5,74.375,2025-05-11,6,41.26,6.876666666666666,10.39,1
29.5,74.375,2025-05-12,13,163.52,12.57846153846154,20.64,1
29.5,74.375,2025-05-14,1,10.37,10.37,10.37,1
29.5,74.375,2025-05-15,1,8.58,8.58,8.58,1
29.5,74.375,2025-05-16,6,23.94,3.99,5.41,1
29.5,74.375,2025-05-17,8,115.30000000000001,14.412500000000001,31.53,1
29.5,74.375,2025-05-18,3,8.98,2.9933333333333336,5.61,1
29.5,74.375,2025-05-20,2,15.34,7.67,8.71,1
29.5,74.375,2025-05-22,1,3.06,3.06,3.06,1
29.5,74.375,2025-05-23,2,4.6,2.3,2.3,1
29.5,74.375,2025-05-26,1,4.03,4.03,4.03,1
29.5,74.375,2025-05-27,3,15.65,5.216666666666667,7.01,1
29.5,74.375,2025-06-08,1,12.8,12.8,12.8,1
29.5,74.375,2025-06-19,1,5.45,5.45,5.45,1
29.5,74.375,2025-09-29,1,2.38,2.38,2.38,1
29.5,74.375,2025-10-10,1,4.08,4.08,4.08,1
29.5,74.375,2025-10-13,2,8.91,4.455,4.93,1
29.5,74.375,2025-10-14,4,16.669999999999998,4.1674999999999995,6.67,1
29.5,74.375,2025-10-15,4,14.4,3.6,4.59,1
29.5,74.375,2025-10-16,8,41.06,5.1325,15.16,1
29.5,74.375,2025-10-17,4,17.42,4.355,5.45,1
29.5,74.375,2025-10-18,21,139.67,6.65095238095238,35.92,1
29.5,74.375,2025-10-19,16,93.73,5.858125,11.35,1
29.5,74.375,2025-10-20,20,129.45,6.472499999999999,21.54,1
29.5,74.375,2025-10-21,14,93.48,6.677142857142857,21.46,1
29.5,74.375,2025-10-22,12,55.99,4.6658333333333335,9.13,1
29.5,74.375,2025-10-23,14,67.75,4.839285714285714,8.93,1
29.5,74.375,2025-10-24,8,31.33,3.91625,6.97,1
29.5,74.375,2025-10-25,25,130.14,5.2056,18.06,1
29.5,74.375,2025-10-26,24,119.17,4.965416666666667,19.31,1
29.5,74.375,2025-10-27,12,74.54,6.211666666666667,13.94,1
29.5,74.375,2025-10-28,4,19.16,4.79,5.97,1
29.5,74.375,2025-10-29,24,139.16,5.798333333333333,23.98,1
29.5,74.375,2025-10-30,24,155.47,6.477916666666666,17.89,1
29.5,74.375,2025-10-31,11,35.06,3.1872727272727275,5.89,1
29.5,74.375,2025-11-01,22,101.49000000000001,4.613181818181818,16.01,1
29.5,74.375,2025-11-02,27,143.69,5.321851851851852,28.92,1
29.5,74.375,2025-11-03,25,128.13,5.1251999999999995,11.79,1
29.5,74.375,2025-11-04,9,65.69,7.2988888888888885,18.0,1
29.5,74.375,2025-11-05,19,110.74,5.828421052631579,16.54,1
29.5,74.375,2025-11-06,20,98.94,4.947,17.56,1
29.5,74.375,2025-11-07,23,249.68,10.855652173913043,62.19,1
29.5,74.375,2025-11-08,41,323.06,7.879512195121952,25.26,1
29.5,74.375,2025-11-09,38,369.57,9.725526315789473,68.43,1
29.5,74.375,2025-11-10,35,196.60999999999999,5.617428571428571,25.3,1
29.5,74.375,2025-11-11,26,174.33,6.705,25.6,1
29.5,74.375,2025-11-13,23,232.07,10.09,37.86,1
29.5,74.375,2025-11-14,33,376.1,11.396969696969698,77.88,1
29.5,74.375,2025-11-15,37,309.03000000000003,8.352162162162163,25.35,1
29.5,74.375,2025-11-16,36,227.45999999999998,6.3183333333333325,42.42,1
29.5,74.375,2025-11-17,11,91.39999999999999,8.309090909090909,21.15,1
29.5,74.375,2025-11-18,11,119.36,10.850909090909092,25.24,1
29.5,74.375,2025-11-19,21,110.94,5.282857142857143,14.76,1
29.5,74.375,2025-11-20,12,99.64,8.303333333333333,46.23,1
29.5,74.375,2025-11-21,17,153.21,9.012352941176472,63.67,1
29.5,74.375,2025-11-22,6,58.120000000000005,9.686666666666667,23.62,1
29.5,74.375,2025-11-23,3,20.74,6.913333333333333,11.26,1
29.5,74.375,2025-11-24,2,30.53,15.265,17.17,1
29.5,74.375,2025-11-25,3,13.43,4.476666666666667,8.72,1
29.5,74.375,2025-11-27,3,21.58,7.1933333333333325,8.62,1
29.5,75.0,2023-01-15,1,1.71,1.71,1.71,1
29.5,75.0,2023-02-28,5,20.26,4.0520000000000005,4.48,1
29.5,75.0,2023-03-06,3,8.94,2.98,3.91,1
29.5,75.0,2023-04-16,1,5.93,5.93,5.93,1
29.5,75.0,2023-04-18,5,15.16,3.032,3.52,1
29.5,75.0,2023-04-21,4,28.369999999999997,7.092499999999999,12.35,1
29.5,75.0,2023-04-22,3,13.17,4.39,8.01,1
29.5,75.0,2023-04-24,4,22.04,5.51,7.4,1
29.5,75.0,2023-04-25,6,29.299999999999997,4.883333333333333,6.72,1
29.5,75.0,2023-04-26,2,5.68,2.84,3.5,1
29.5,75.0,2023-04-27,3,36.09,12.030000000000001,15.96,1
29.5,75.0,2023-04-30,3,27.1,9.033333333333333,13.75,1
29.5,75.0,2023-05-01,1,0.0,0.0,0.0,1
29.5,75.0,2023-05-02,8,35.81,4.47625,6.31,1
29.5,75.0,2023-05-04,31,125.4,4.04516129032258,8.27,1
29.5,75.0,2023-05-05,71,207.86,2.927605633802817,8.99,1
29.5,75.0,2023-05-06,25,77.71,3.1083999999999996,6.81,1
29.5,75.0,2023-05-07,24,171.66,7.1525,24.91,1
29.5,75.0,2023-05-08,20,142.24,7.112,15.79,1
29.5,75.0,2023-05-09,6,80.95,13.491666666666667,30.72,1
29.5,75.0,2023-05-10,14,124.1,8.864285714285714,14.75,1
29.5,75.0,2023-05-11,9,73.6,8.177777777777777,16.74,1
29.5,75.0,2023-05-12,10,93.78999999999999,9.379,17.67,1
29.5,75.0,2023-05-13,9,52.33,5.814444444444444,11.14,1
29.5,75.0,2023-05-14,1,5.27,5.27,5.27,1
29.5,75.0,2023-05-15,4,23.39,5.8475,9.09,1
29.5,75.0,2023-05-16,2,7.18,3.59,3.88,1
29.5,75.0,2023-05-17,4,127.3,31.825,45.36,1
29.5,75.0,2023-05-18,4,11.36,2.84,4.65,1
29.5,75.0,2023-05-20,3,21.69,7.23,10.71,1
29.5,75.0,2023-05-21,2,11.76,5.88,6.81,1
29.5,75.0,2023-05-22,1,2.94,2.94,2.94,1
29.5,75.0,2023-06-07,2,6.49,3.245,4.18,1
29.5,75.0,2023-10-05,3,12.82,4.273333333333333,7.57,1
29.5,75.0,2023-10-06,1,1.62,1.62,1.62,1
29.5,75.0,2023-10-10,2,7.31,3.655,4.85,1
29.5,75.0,2023-10-11,1,3.99,3.99,3.99,1
29.5,75.0,2023-10-12,1,3.06,3.06,3.06,1
29.5,75.0,2023-10-13,4,22.79,5.6975,7.51,1
29.5,75.0,2023-10-14,5,35.57,7.114,21.78,1
29.5,75.0,2023-10-15,10,44.93,4.493,6.85,1
29.5,75.0,2023-10-17,1,5.38,5.38,5.38,1
29.5,75.0,2023-10-18,2,5.78,2.89,3.12,1
29.5,75.0,2023-10-19,4,17.39,4.3475,6.7,1
29.5,75.0,2023-10-20,7,34.5,4.928571428571429,11.56,1
29.5,75.0,2023-10-21,7,25.39,3.6271428571428572,6.41,1
29.5,75.0,2023-10-22,3,11.870000000000001,3.956666666666667,5.19,1
29.5,75.0,2023-10-23,3,12.26,4.086666666666667,7.56,1
29.5,75.0,2023-10-24,4,41.1,10.275,13.75,1
29.5,75.0,2023-10-25,1,7.38,7.38,7.38,1
29.5,75.0,2023-10-26,7,28.15,4.021428571428571,6.1,1
29.5,75.0,2023-10-27,4,36.92,9.23,25.14,1
29.5,75.0,2023-10-28,11,43.26,3.9327272727272726,8.71,1
29.5,75.0,2023-10-29,6,26.32,4.386666666666667,7.27,1
29.5,75.0,2023-10-30,9,29.08,3.231111111111111,7.04,1
29.5,75.0,2023-10-31,11,27.73,2.520909090909091,5.74,1
29.5,75.0,2023-11-01,4,11.81,2.9525,4.57,1
29.5,75.0,2023-11-04,2,14.05,7.025,10.25,1
29.5,75.0,2023-11-05,15,49.35,3.29,6.5,1
29.5,75.0,2023-11-06,13,80.37,6.182307692307693,17.6,1
29.5,75.0,2023-11-07,1,2.65,2.65,2.65,1
29.5,75.0,2023-11-08,1,7.58,7.58,7.58,1
29.5,75.0,2023-11-09,2,9.69,4.845,5.75,1
29.5,75.0,2023-11-11,7,22.59,3.2271428571428573,5.13,1
29.5,75.0,2023-11-12,23,124.92,5.431304347826087,12.23,1
29.5,75.0,2023-11-13,7,43.32,6.188571428571429,14.1,1
29.5,75.0,2023-11-14,2,8.64,4.32,6.66,1
29.5,75.0,2023-11-15,9,44.29,4.921111111111111,14.12,1
29.5,75.0,2023-11-16,10,58.18,5.818,8.55,1
29.5,75.0,2023-11-17,2,4.81,2.405,4.17,1
29.5,75.0,2023-11-18,2,1.32,0.66,0.67,1
29.5,75.0,2023-11-19,7,36.949999999999996,5.278571428571428,21.97,1
29.5,75.0,2023-11-20,4,27.26,6.815,12.42,1
29.5,75.0,2023-11-21,10,43.12,4.311999999999999,7.97,1
29.5,75.0,2023-11-22,7,31.05,4.435714285714286,6.57,1
29.5,75.0,2023-11-23,5,28.36,5.672,7.65,1
29.5,75.0,2023-11-24,2,6.67,3.335,3.73,1
29.5,75.0,2023-11-28,1,1.55,1.55,1.55,1
29.5,75.0,2023-12-01,1,5.34,5.34,5.34,1
29.5,75.0,2023-12-02,3,25.56,8.52,17.79,1
29.5,75.0,2023-12-03,3,8.74,2.9133333333333336,4.95,1
29.5,75.0,2023-12-05,1,2.58,2.58,2.58,1
29.5,75.0,2023-12-06,1,0.35,0.35,0.35,1
29.5,75.0,2023-12-08,18,137.91,7.661666666666666,23.72,1
29.5,75.0,2023-12-12,1,13.27,13.27,13.27,1
29.5,75.0,2023-12-16,1,0.37,0.37,0.37,1
29.5,75.0,2023-12-24,12,51.03,4.2525,8.64,1
29.5,75.0,2024-01-13,2,1.33,0.665,0.7,1
29.5,75.0,2024-03-18,1,3.14,3.14,3.14,1
29.5,75.0,2024-04-21,3,6.8100000000000005,2.27,3.23,1
29.5,75.0,2024-04-22,1,1.98,1.98,1.98,1
29.5,75.0,2024-04-24,2,9.88,4.94,7.32,1
29.5,75.0,2024-04-26,8,22.43,2.80375,5.76,1
29.5,75.0,2024-04-27,5,14.87,2.9739999999999998,3.7,1
29.5,75.0,2024-04-28,4,19.93,4.9825,7.75,1
29.5,75.0,2024-04-29,6,27.85,4.641666666666667,8.11,1
29.5,75.0,2024-05-01,29,123.59,4.261724137931035,13.21,1
29.5,75.0,2024-05-02,27,111.18,4.117777777777778,7.44,1
29.5,75.0,2024-05-04,7,88.55000000000001,12.650000000000002,26.94,1
29.5,75.0,2024-05-05,1,20.09,20.09,20.09,1
29.5,75.0,2024-05-06,6,90.42,15.07,23.63,1
29.5,75.0,2024-05-07,44,335.82,7.632272727272727,33.67,1
29.5,75.0,2024-05-08,32,183.01,5.7190625,13.06,1
29.5,75.0,2024-05-09,14,92.52,6.6085714285714285,13.36,1
29.5,75.0,2024-05-10,34,281.18,8.27,29.61,1
29.5,75.0,2024-05-11,1,4.29,4.29,4.29,1
29.5,75.0,2024-05-12,11,77.52000000000001,7.047272727272728,12.03,1
29.5,75.0,2024-05-13,16,75.42,4.71375,6.81,1
29.5,75.0,2024-05-14,11,79.17,7.197272727272727,9.6,1
29.5,75.0,2024-05-15,4,33.6,8.4,14.29,1
29.5,75.0,2024-05-16,2,24.619999999999997,12.309999999999999,21.86,1
29.5,75.0,2024-05-17,7,112.85,16.12142857142857,17.99,1
29.5,75.0,2024-05-18,3,40.59,13.530000000000001,18.6,1
29.5,75.0,2024-05-20,4,69.48,17.37,29.93,1
29.5,75.0,2024-05-23,2,14.42,7.21,11.16,1
29.5,75.0,2024-05-24,2,5.59,2.795,4.93,1
29.5,75.0,2024-06-05,1,3.13,3.13,3.13,1
29.5,75.0,2024-06-14,1,1.81,1.81,1.81,1
29.5,75.0,2024-06-15,1,1.06,1.06,1.06,1
29.5,75.0,2024-08-19,1,5.28,5.28,5.28,1
29.5,75.0,2024-09-15,1,3.2,3.2,3.2,1
29.5,75.0,2024-10-07,1,5.64,5.64,5.64,1
29.5,75.0,2024-10-10,4,28.25,7.0625,10.31,1
29.5,75.0,2024-10-11,2,3.8499999999999996,1.9249999999999998,2.34,1
29.5,75.0,2024-10-12,3,7.140000000000001,2.3800000000000003,3.41,1
29.5,75.0,2024-10-14,1,1.95,1.95,1.95,1
29.5,75.0,2024-10-16,1,7.81,7.81,7.81,1
29.5,75.0,2024-10-17,2,2.92,1.46,2.16,1
29.5,75.0,2024-10-18,2,16.14,8.07,8.29,1
29.5,75.0,2024-10-22,1,2.31,2.31,2.31,1
29.5,75.0,2024-10-23,9,37.24,4.137777777777778,9.34,1
29.5,75.0,2024-10-24,1,9.04,9.04,9.04,1
29.5,75.0,2024-10-27,5,8.34,1.668,2.92,1
29.5,75.0,2024-10-28,2,5.48,2.74,4.49,1
29.5,75.0,2024-10-29,1,1.53,1.53,1.53,1
29.5,75.0,2024-10-30,1,2.59,2.59,2.59,1
29.5,75.0,2024-10-31,11,38.91,3.537272727272727,9.3,1
29.5,75.0,2024-11-01,10,30.14,3.0140000000000002,5.19,1
29.5,75.0,2024-11-02,2,1.9,0.95,1.2,1
29.5,75.0,2024-11-06,4,3.45,0.8625,1.07,1
29.5,75.0,2024-11-07,10,19.13,1.9129999999999998,5.8,1
29.5,75.0,2024-11-08,5,9.77,1.954,4.4,1
29.5,75.0,2024-11-09,8,7.55,0.94375,2.56,1
29.5,75.0,2024-11-10,2,1.56,0.78,1.27,1
29.5,75.0,2024-11-13,6,12.95,2.158333333333333,5.84,1
29.5,75.0,2024-11-15,11,7.32,0.6654545454545455,1.09,1
29.5,75.0,2024-11-17,7,29.520000000000003,4.217142857142858,13.21,1
29.5,75.0,2024-11-18,31,68.86,2.221290322580645,11.22,1
29.5,75.0,2024-11-19,8,13.18,1.6475,2.78,1
29.5,75.0,2024-11-20,7,4.640000000000001,0.6628571428571429,1.27,1
29.5,75.0,2024-11-21,5,4.9,0.9800000000000001,1.05,1
29.5,75.0,2024-11-22,15,21.63,1.442,3.36,1
29.5,75.0,2024-11-23,27,91.75,3.3981481481481484,21.42,1
29.5,75.0,2024-11-24,23,47.84,2.08,10.5,1
29.5,75.0,2024-11-25,12,16.57,1.3808333333333334,2.81,1
29.5,75.0,2024-11-26,6,5.63,0.9383333333333334,1.69,1
29.5,75.0,2024-11-27,7,15.77,2.2528571428571427,5.14,1
29.5,75.0,2024-11-28,3,1.4,0.4666666666666666,0.58,1
29.5,75.0,2024-11-29,4,10.31,2.5775,6.0,1
29.5,75.0,2024-12-01,1,0.76,0.76,0.76,1
29.5,75.0,2024-12-02,1,0.57,0.57,0.57,1
29.5,75.0,2024-12-03,2,1.25,0.625,0.75,1
29.5,75.0,2024-12-04,2,1.23,0.615,0.87,1
29.5,75.0,2024-12-05,2,1.9700000000000002,0.9850000000000001,1.11,1
29.5,75.0,2024-12-07,2,7.140000000000001,3.5700000000000003,6.03,1
29.5,75.0,2024-12-08,1,0.65,0.65,0.65,1
29.5,75.0,2024-12-10,15,97.61,6.507333333333333,19.14,1
29.5,75.0,2024-12-11,1,3.22,3.22,3.22,1
29.5,75.0,2024-12-12,1,3.99,3.99,3.99,1
29.5,75.0,2024-12-13,1,1.01,1.01,1.01,1
29.5,75.0,2024-12-15,1,0.73,0.73,0.73,1
29.5,75.0,2024-12-16,1,0.31,0.31,0.31,1
29.5,75.0,2024-12-21,1,3.66,3.66,3.66,1
29.5,75.0,2024-12-26,16,95.64,5.9775,11.64,1
29.5,75.0,2025-01-27,3,14.16,4.72,5.5,1
29.5,75.0,2025-02-12,1,2.81,2.81,2.81,1
29.5,75.0,2025-03-21,1,2.23,2.23,2.23,1
29.5,75.0,2025-04-10,1,0.47,0.47,0.47,1
29.5,75.0,2025-04-18,4,9.35,2.3375,4.66,1
29.5,75.0,2025-04-19,1,14.26,14.26,14.26,1
29.5,75.0,2025-04-20,1,7.77,7.77,7.77,1
29.5,75.0,2025-04-21,3,15.059999999999999,5.02,5.02,1
29.5,75.0,2025-04-23,1,0.5,0.5,0.5,1
29.5,75.0,2025-04-24,20,64.04,3.2020000000000004,6.19,1
29.5,75.0,2025-04-25,7,25.15,3.5928571428571425,6.13,1
29.5,75.0,2025-04-26,4,26.09,6.5225,11.66,1
29.5,75.0,2025-04-27,23,293.01,12.739565217391304,40.06,1
29.5,75.0,2025-04-29,12,46.15,3.845833333333333,11.67,1
29.5,75.0,2025-04-30,19,74.71000000000001,3.932105263157895,6.3,1
29.5,75.0,2025-05-01,10,47.33,4.733,15.33,1
29.5,75.0,2025-05-02,1,2.16,2.16,2.16,1
29.5,75.0,2025-05-04,20,81.62,4.081,7.67,1
29.5,75.0,2025-05-06,2,6.66,3.33,3.58,1
29.5,75.0,2025-05-07,33,291.01,8.818484848484848,29.9,1
29.5,75.0,2025-05-08,7,54.06,7.722857142857143,17.85,1
29.5,75.0,2025-05-09,6,33.71,5.618333333333333,7.1,1
29.5,75.0,2025-05-10,12,54.050000000000004,4.504166666666667,8.68,1
29.5,75.0,2025-05-11,32,115.48,3.60875,11.24,1
29.5,75.0,2025-05-12,6,37.77,6.295000000000001,9.83,1
29.5,75.0,2025-05-13,16,68.95,4.309375,13.52,1
29.5,75.0,2025-05-15,7,69.19,9.884285714285713,13.44,1
29.5,75.0,2025-05-16,9,50.35,5.594444444444445,10.55,1
29.5,75.0,2025-05-17,6,45.06,7.510000000000001,15.09,1
29.5,75.0,2025-05-18,4,10.39,2.5975,3.79,1
29.5,75.0,2025-05-20,1,5.81,5.81,5.81,1
29.5,75.0,2025-05-22,2,18.48,9.24,9.89,1
29.5,75.0,2025-05-27,2,23.78,11.89,11.89,1
29.5,75.0,2025-05-28,1,2.48,2.48,2.48,1
29.5,75.0,2025-06-08,1,1.34,1.34,1.34,1
29.5,75.0,2025-09-28,2,6.109999999999999,3.0549999999999997,4.52,1
29.5,75.0,2025-10-04,1,0.89,0.89,0.89,1
29.5,75.0,2025-10-10,3,15.02,5.006666666666667,7.55,1
29.5,75.0,2025-10-12,1,0.26,0.26,0.26,1
29.5,75.0,2025-10-14,1,0.63,0.63,0.63,1
29.5,75.0,2025-10-15,1,0.89,0.89,0.89,1
29.5,75.0,2025-10-16,1,2.16,2.16,2.16,1
29.5,75.0,2025-10-17,2,7.17,3.585,4.09,1
29.5,75.0,2025-10-19,2,8.899999999999999,4.449999999999999,4.81,1
29.5,75.0,2025-10-20,2,4.73,2.365,3.52,1
29.5,75.0,2025-10-21,2,6.74,3.37,3.61,1
29.5,75.0,2025-10-23,1,2.56,2.56,2.56,1
29.5,75.0,2025-10-24,1,2.4,2.4,2.4,1
29.5,75.0,2025-10-26,8,23.61,2.95125,3.61,1
29.5,75.0,2025-10-31,1,1.05,1.05,1.05,1
29.5,75.0,2025-11-01,1,1.49,1.49,1.49,1
29.5,75.0,2025-11-03,2,2.83,1.415,2.25,1
29.5,75.0,2025-11-04,3,3.2,1.0666666666666667,2.42,1
29.5,75.0,2025-11-05,3,1.53,0.51,0.58,1
29.5,75.0,2025-11-06,1,2.31,2.31,2.31,1
29.5,75.0,2025-11-08,1,10.61,10.61,10.61,1
29.5,75.0,2025-11-09,1,0.37,0.37,0.37,1
29.5,75.0,2025-11-10,4,4.8100000000000005,1.2025000000000001,3.12,1
29.5,75.0,2025-11-11,2,7.44,3.72,3.72,1
29.5,75.0,2025-11-15,3,13.95,4.6499999999999995,7.52,1
29.5,75.0,2025-11-16,3,4.99,1.6633333333333333,2.15,1
29.5,75.0,2025-11-17,3,4.44,1.4800000000000002,2.72,1
29.5,75.0,2025-11-18,1,1.01,1.01,1.01,1
29.5,75.0,2025-11-19,3,6.58,2.1933333333333334,2.92,1
29.5,75.0,2025-11-20,1,0.65,0.65,0.65,1
29.5,75.0,2025-11-22,1,2.12,2.12,2.12,1
29.5,75.0,2025-11-25,1,3.12,3.12,3.12,1
29.5,75.0,2025-11-27,1,3.69,3.69,3.69,1
29.5,75.0,2025-12-05,1,2.67,2.67,2.67,1
29.5,75.0,2025-12-17,2,2.73,1.365,2.09,1
29.5,75.0,2025-12-19,2,12.600000000000001,6.300000000000001,11.47,1
29.5,75.0,2025-12-29,17,160.82999999999998,9.460588235294116,24.86,1
29.5,75.625,2023-01-04,1,0.38,0.38,0.38,1
29.5,75.625,2023-01-08,1,0.4,0.4,0.4,1
29.5,75.625,2023-01-11,1,7.13,7.13,7.13,1
29.5,75.625,2023-01-27,2,7.74,3.87,3.87,1
29.5,75.625,2023-02-10,4,12.99,3.2475,4.22,1
29.5,75.625,2023-02-14,2,5.07,2.535,2.89,1
29.5,75.625,2023-02-17,3,12.27,4.09,4.57,1
29.5,75.625,2023-04-10,1,4.1,4.1,4.1,1
29.5,75.625,2023-04-23,1,2.25,2.25,2.25,1
29.5,75.625,2023-04-24,3,11.08,3.6933333333333334,4.63,1
29.5,75.625,2023-04-25,2,5.18,2.59,2.84,1
29.5,75.625,2023-04-27,4,50.550000000000004,12.637500000000001,32.85,1
29.5,75.625,2023-04-30,2,9.57,4.785,6.99,1
29.5,75.625,2023-05-02,11,82.84,7.530909090909091,14.71,1
29.5,75.625,2023-05-04,57,294.81,5.172105263157895,14.25,1
29.5,75.625,2023-05-05,153,511.2,3.3411764705882354,12.11,1
29.5,75.625,2023-05-06,40,235.77,5.89425,18.33,1
29.5,75.625,2023-05-07,48,467.24,9.734166666666667,38.51,1
29.5,75.625,2023-05-08,26,230.25,8.85576923076923,24.75,1
29.5,75.625,2023-05-09,5,41.02,8.204,10.17,1
29.5,75.625,2023-05-10,15,124.00999999999999,8.267333333333333,49.26,1
29.5,75.625,2023-05-11,24,170.04,7.085,12.98,1
29.5,75.625,2023-05-12,7,45.75,6.535714285714286,11.48,1
29.5,75.625,2023-05-13,7,70.68,10.097142857142858,20.21,1
29.5,75.625,2023-05-14,1,2.56,2.56,2.56,1
29.5,75.625,2023-05-15,6,29.45,4.908333333333333,6.71,1
29.5,75.625,2023-05-16,4,10.190000000000001,2.5475000000000003,4.37,1
29.5,75.625,2023-05-17,1,6.55,6.55,6.55,1
29.5,75.625,2023-05-18,1,4.51,4.51,4.51,1
29.5,75.625,2023-05-19,5,18.240000000000002,3.6480000000000006,4.54,1
29.5,75.625,2023-06-03,3,17.23,5.743333333333333,8.47,1
29.5,75.625,2023-06-06,1,3.16,3.16,3.16,1
29.5,75.625,2023-06-14,1,6.24,6.24,6.24,1
29.5,75.625,2023-06-19,2,9.72,4.86,4.86,1
29.5,75.625,2023-06-22,1,2.48,2.48,2.48,1
29.5,75.625,2023-06-26,1,1.17,1.17,1.17,1
29.5,75.625,2023-08-01,1,2.0,2.0,2.0,1
29.5,75.625,2023-08-10,1,5.62,5.62,5.62,1
29.5,75.625,2023-09-09,1,5.49,5.49,5.49,1
29.5,75.625,2023-09-21,1,2.56,2.56,2.56,1
29.5,75.625,2023-09-26,1,5.1,5.1,5.1,1
29.5,75.625,2023-09-27,2,16.05,8.025,8.81,1
29.5,75.625,2023-09-29,2,10.1,5.05,6.04,1
29.5,75.625,2023-09-30,2,3.23,1.615,1.85,1
29.5,75.625,2023-10-02,4,18.78,4.695,5.86,1
29.5,75.625,2023-10-03,1,6.2,6.2,6.2,1
29.5,75.625,2023-10-04,6,18.11,3.018333333333333,4.16,1
29.5,75.625,2023-10-05,7,50.07,7.152857142857143,31.61,1
29.5,75.625,2023-10-06,2,6.08,3.04,3.05,1
29.5,75.625,2023-10-08,9,37.36,4.151111111111111,8.13,1
29.5,75.625,2023-10-09,8,42.55,5.31875,14.91,1
29.5,75.625,2023-10-10,12,56.8,4.733333333333333,13.11,1
29.5,75.625,2023-10-11,13,59.709999999999994,4.593076923076922,11.04,1
29.5,75.625,2023-10-12,8,34.71,4.33875,7.93,1
29.5,75.625,2023-10-13,7,22.64,3.2342857142857144,5.01,1
29.5,75.625,2023-10-14,13,64.24,4.941538461538461,7.53,1
29.5,75.625,2023-10-15,32,123.68,3.865,11.39,1
29.5,75.625,2023-10-18,4,10.61,2.6525,3.81,1
29.5,75.625,2023-10-19,9,44.33,4.9255555555555555,9.32,1
29.5,75.625,2023-10-20,8,30.73,3.84125,6.5,1
29.5,75.625,2023-10-21,26,97.4,3.746153846153846,7.05,1
29.5,75.625,2023-10-22,3,17.77,5.923333333333333,7.51,1
29.5,75.625,2023-10-23,6,17.53,2.921666666666667,5.21,1
29.5,75.625,2023-10-24,17,79.91,4.700588235294117,14.21,1
29.5,75.625,2023-10-25,18,68.07,3.7816666666666663,6.41,1
29.5,75.625,2023-10-26,22,93.2,4.236363636363636,21.61,1
29.5,75.625,2023-10-27,10,58.44,5.843999999999999,10.06,1
29.5,75.625,2023-10-28,15,72.33,4.822,16.17,1
29.5,75.625,2023-10-29,19,118.42999999999999,6.233157894736841,11.05,1
29.5,75.625,2023-10-30,24,131.28,5.47,11.13,1
29.5,75.625,2023-10-31,19,73.57,3.8721052631578945,6.45,1
29.5,75.625,2023-11-01,20,108.74,5.436999999999999,13.12,1
29.5,75.625,2023-11-02,1,0.71,0.71,0.71,1
29.5,75.625,2023-11-03,1,3.07,3.07,3.07,1
29.5,75.625,2023-11-04,16,142.71,8.919375,20.21,1
29.5,75.625,2023-11-05,51,288.8,5.662745098039216,41.18,1
29.5,75.625,2023-11-06,25,148.74,5.9496,13.36,1
29.5,75.625,2023-11-07,8,21.06,2.6325,3.6,1
29.5,75.625,2023-11-08,9,47.31,5.256666666666667,7.42,1
29.5,75.625,2023-11-09,8,33.56,4.195,8.38,1
29.5,75.625,2023-11-10,1,0.37,0.37,0.37,1
29.5,75.625,2023-11-11,8,36.69,4.58625,7.97,1
29.5,75.625,2023-11-12,40,362.49,9.06225,36.6,1
29.5,75.625,2023-11-13,16,111.83,6.989375,13.14,1
29.5,75.625,2023-11-14,2,10.41,5.205,6.53,1
29.5,75.625,2023-11-15,23,133.43,5.801304347826087,27.74,1
29.5,75.625,2023-11-16,13,49.5,3.8076923076923075,5.73,1
29.5,75.625,2023-11-17,15,79.13,5.275333333333333,18.26,1
29.5,75.625,2023-11-18,1,2.1,2.1,2.1,1
29.5,75.625,2023-11-19,11,57.22,5.201818181818182,9.74,1
29.5,75.625,2023-11-20,10,78.78,7.878,14.62,1
29.5,75.625,2023-11-21,23,82.03,3.566521739130435,11.6,1
29.5,75.625,2023-11-22,12,91.74000000000001,7.6450000000000005,14.23,1
29.5,75.625,2023-11-23,7,33.32,4.76,7.68,1
29.5,75.625,2023-11-24,4,24.79,6.1975,7.17,1
29.5,75.625,2023-11-25,1,2.87,2.87,2.87,1
29.5,75.625,2023-11-26,2,13.9,6.95,10.98,1
29.5,75.625,2023-11-30,2,14.7,7.35,8.17,1
29.5,75.625,2023-12-01,5,25.91,5.182,11.18,1
29.5,75.625,2023-12-02,3,9.030000000000001,3.0100000000000002,4.83,1
29.5,75.625,2023-12-03,4,13.01,3.2525,4.39,1
29.5,75.625,2023-12-05,2,12.68,6.34,6.34,1
29.5,75.625,2023-12-06,2,7.99,3.995,4.78,1
29.5,75.625,2023-12-07,1,4.49,4.49,4.49,1
29.5,75.625,2024-02-08,1,8.75,8.75,8.75,1
29.5,75.625,2024-02-09,1,2.45,2.45,2.45,1
29.5,75.625,2024-02-14,2,7.3,3.65,3.65,1
29.5,75.625,2024-03-09,2,6.72,3.36,3.36,1
29.5,75.625,2024-03-12,3,24.6,8.200000000000001,10.08,1
29.5,75.625,2024-03-17,2,18.16,9.08,10.14,1
29.5,75.625,2024-03-19,1,7.21,7.21,7.21,1
29.5,75.625,2024-03-20,1,2.97,2.97,2.97,1
29.5,75.625,2024-03-22,2,45.34,22.67,22.67,1
29.5,75.625,2024-03-23,4,20.59,5.1475,9.68,1
29.5,75.625,2024-03-28,3,11.73,3.91,5.59,1
29.5,75.625,2024-04-21,1,2.89,2.89,2.89,1
29.5,75.625,2024-04-24,1,3.91,3.91,3.91,1
29.5,75.625,2024-04-26,1,4.86,4.86,4.86,1
29.5,75.625,2024-04-28,2,18.16,9.08,15.65,1
29.5,75.625,2024-04-29,6,18.43,3.0716666666666668,6.19,1
29.5,75.625,2024-05-01,12,73.42999999999999,6.119166666666666,45.4,1
29.5,75.625,2024-05-02,15,63.14,4.209333333333333,8.15,1
29.5,75.625,2024-05-03,2,6.32,3.16,4.74,1
29.5,75.625,2024-05-04,11,110.02,10.001818181818182,19.41,1
29.5,75.625,2024-05-05,10,139.65,13.965,55.79,1
29.5,75.625,2024-05-06,16,173.59,10.849375,21.02,1
29.5,75.625,2024-05-07,66,622.23,9.427727272727273,24.99,1
29.5,75.625,2024-05-08,52,238.23,4.5813461538461535,8.94,1
29.5,75.625,2024-05-09,24,121.56,5.065,11.06,1
29.5,75.625,2024-05-10,28,146.83,5.2439285714285715,18.77,1
29.5,75.625,2024-05-12,19,92.28,4.856842105263158,11.76,1
29.5,75.625,2024-05-13,21,116.67,5.555714285714286,12.54,1
29.5,75.625,2024-05-14,16,115.39,7.211875,16.14,1
29.5,75.625,2024-05-15,4,5.5200000000000005,1.3800000000000001,2.22,1
29.5,75.625,2024-05-16,2,10.75,5.375,6.68,1
29.5,75.625,2024-05-17,6,58.519999999999996,9.753333333333332,13.88,1
29.5,75.625,2024-05-18,5,23.68,4.736,6.73,1
29.5,75.625,2024-05-19,2,0.87,0.435,0.61,1
29.5,75.625,2024-05-20,2,30.36,15.18,21.27,1
29.5,75.625,2024-05-21,3,10.09,3.3633333333333333,4.33,1
29.5,75.625,2024-05-22,3,19.1,6.366666666666667,8.72,1
29.5,75.625,2024-05-23,1,2.89,2.89,2.89,1
29.5,75.625,2024-05-26,2,6.300000000000001,3.1500000000000004,4.73,1
29.5,75.625,2024-05-29,3,17.23,5.743333333333333,7.55,1
29.5,75.625,2024-06-05,2,52.99,26.495,27.96,1
29.5,75.625,2024-06-10,4,68.02,17.005,34.8,1
29.5,75.625,2024-06-11,1,1.36,1.36,1.36,1
29.5,75.625,2024-06-16,1,2.15,2.15,2.15,1
29.5,75.625,2024-06-19,1,4.14,4.14,4.14,1
29.5,75.625,2024-06-22,2,6.14,3.07,3.07,1
29.5,75.625,2024-07-17,1,0.95,0.95,0.95,1
29.5,75.625,2024-09-24,1,1.77,1.77,1.77,1
29.5,75.625,2024-10-02,1,6.25,6.25,6.25,1
29.5,75.625,2024-10-05,3,12.41,4.136666666666667,4.85,1
29.5,75.625,2024-10-06,7,22.86,3.2657142857142856,4.35,1
29.5,75.625,2024-10-07,3,6.22,2.0733333333333333,2.74,1
29.5,75.625,2024-10-08,8,21.19,2.64875,3.87,1
29.5,75.625,2024-10-10,9,31.09,3.4544444444444444,5.64,1
29.5,75.625,2024-10-11,4,12.629999999999999,3.1574999999999998,3.55,1
29.5,75.625,2024-10-12,14,84.98,6.07,25.98,1
29.5,75.625,2024-10-14,2,3.45,1.725,2.12,1
29.5,75.625,2024-10-15,1,2.6,2.6,2.6,1
29.5,75.625,2024-10-16,8,39.8,4.975,8.97,1
29.5,75.625,2024-10-17,4,35.8,8.95,25.57,1
29.5,75.625,2024-10-18,4,16.45,4.1125,4.8,1
29.5,75.625,2024-10-19,2,6.4,3.2,3.82,1
29.5,75.625,2024-10-20,6,36.35,6.058333333333334,8.58,1
29.5,75.625,2024-10-22,3,12.31,4.1033333333333335,5.21,1
29.5,75.625,2024-10-23,3,12.94,4.3133333333333335,6.79,1
29.5,75.625,2024-10-24,5,35.87,7.1739999999999995,10.64,1
29.5,75.625,2024-10-25,2,8.78,4.39,4.39,1
29.5,75.625,2024-10-26,2,1.7400000000000002,0.8700000000000001,1.34,1
29.5,75.625,2024-10-28,4,20.990000000000002,5.2475000000000005,10.98,1
29.5,75.625,2024-10-29,2,14.19,7.095,10.2,1
29.5,75.625,2024-10-30,4,16.82,4.205,4.26,1
29.5,75.625,2024-10-31,11,63.1,5.736363636363636,11.51,1
29.5,75.625,2024-11-01,12,104.77000000000001,8.730833333333335,46.84,1
29.5,75.625,2024-11-02,4,18.54,4.635,6.09,1
29.5,75.625,2024-11-06,1,5.38,5.38,5.38,1
29.5,75.625,2024-11-07,9,28.79,3.198888888888889,10.01,1
29.5,75.625,2024-11-08,3,10.34,3.4466666666666668,4.07,1
29.5,75.625,2024-11-09,9,45.36,5.04,9.88,1
29.5,75.625,2024-11-10,2,6.38,3.19,4.0,1
29.5,75.625,2024-11-11,4,15.18,3.795,9.32,1
29.5,75.625,2024-11-13,4,16.36,4.09,7.55,1
29.5,75.625,2024-11-14,2,18.04,9.02,11.37,1
29.5,75.625,2024-11-15,2,9.649999999999999,4.824999999999999,7.14,1
29.5,75.625,2024-11-17,4,15.64,3.91,5.49,1
29.5,75.625,2024-11-18,11,35.65,3.2409090909090907,4.81,1
29.5,75.625,2024-11-19,10,44.92,4.492,9.71,1
29.5,75.625,2024-11-20,2,7.47,3.735,4.26,1
29.5,75.625,2024-11-21,1,8.47,8.47,8.47,1
29.5,75.625,2024-11-22,5,26.94,5.388,10.63,1
29.5,75.625,2024-11-23,4,22.79,5.6975,7.66,1
29.5,75.625,2024-11-24,11,43.77,3.9790909090909095,6.53,1
29.5,75.625,2024-11-25,1,5.82,5.82,5.82,1
29.5,75.625,2024-11-26,1,9.44,9.44,9.44,1
29.5,75.625,2024-11-27,4,10.76,2.69,4.13,1
29.5,75.625,2024-11-28,3,27.1,9.033333333333333,13.44,1
29.5,75.625,2024-11-29,1,2.07,2.07,2.07,1
29.5,75.625,2024-12-01,1,5.75,5.75,5.75,1
29.5,75.625,2024-12-03,1,3.79,3.79,3.79,1
29.5,75.625,2024-12-04,1,3.72,3.72,3.72,1
29.5,75.625,2024-12-07,1,11.35,11.35,11.35,1
29.5,75.625,2024-12-12,7,17.759999999999998,2.537142857142857,3.13,1
29.5,75.625,2024-12-26,1,2.43,2.43,2.43,1
29.5,75.625,2025-01-14,1,2.37,2.37,2.37,1
29.5,75.625,2025-01-30,1,4.3,4.3,4.3,1
29.5,75.625,2025-02-05,1,4.22,4.22,4.22,1
29.5,75.625,2025-02-07,2,6.949999999999999,3.4749999999999996,4.18,1
29.5,75.625,2025-02-12,1,11.92,11.92,11.92,1
29.5,75.625,2025-03-06,1,19.88,19.88,19.88,1
29.5,75.625,2025-03-22,1,4.53,4.53,4.53,1
29.5,75.625,2025-03-23,1,0.96,0.96,0.96,1
29.5,75.625,2025-03-25,1,4.71,4.71,4.71,1
29.5,75.625,2025-03-27,1,2.33,2.33,2.33,1
29.5,75.625,2025-04-19,2,9.84,4.92,4.92,1
29.5,75.625,2025-04-21,5,12.41,2.482,4.13,1
29.5,75.625,2025-04-23,1,0.42,0.42,0.42,1
29.5,75.625,2025-04-24,5,16.7,3.34,5.95,1
29.5,75.625,2025-04-25,9,85.1,9.455555555555556,22.99,1
29.5,75.625,2025-04-26,2,9.48,4.74,6.7,1
29.5,75.625,2025-04-27,2,22.169999999999998,11.084999999999999,20.68,1
29.5,75.625,2025-04-28,3,89.94999999999999,29.98333333333333,44.33,1
29.5,75.625,2025-04-29,16,151.32,9.4575,23.34,1
29.5,75.625,2025-04-30,6,40.9,6.816666666666666,17.91,1
29.5,75.625,2025-05-01,7,37.379999999999995,5.339999999999999,11.37,1
29.5,75.625,2025-05-04,43,204.17,4.7481395348837205,11.55,1
29.5,75.625,2025-05-05,5,9.46,1.8920000000000001,3.77,1
29.5,75.625,2025-05-06,10,65.63,6.563,11.35,1
29.5,75.625,2025-05-07,35,352.96,10.084571428571428,54.5,1
29.5,75.625,2025-05-08,5,31.97,6.394,10.31,1
29.5,75.625,2025-05-09,2,8.61,4.305,5.24,1
29.5,75.625,2025-05-10,41,250.65,6.113414634146341,18.56,1
29.5,75.625,2025-05-11,59,336.41,5.701864406779661,16.74,1
29.5,75.625,2025-05-12,15,137.69,9.179333333333334,47.0,1
29.5,75.625,2025-05-13,25,147.07,5.8828,14.74,1
29.5,75.625,2025-05-14,5,51.24,10.248000000000001,14.14,1
29.5,75.625,2025-05-15,24,182.06,7.585833333333333,11.72,1
29.5,75.625,2025-05-16,11,45.14,4.1036363636363635,6.23,1
29.5,75.625,2025-05-17,14,135.71,9.69357142857143,15.95,1
29.5,75.625,2025-05-18,6,20.95,3.4916666666666667,6.46,1
29.5,75.625,2025-05-19,1,4.89,4.89,4.89,1
29.5,75.625,2025-05-20,4,28.34,7.085,11.36,1
29.5,75.625,2025-05-21,1,5.87,5.87,5.87,1
29.5,75.625,2025-05-22,5,13.56,2.712,3.55,1
29.5,75.625,2025-05-23,3,19.07,6.3566666666666665,7.91,1
29.5,75.625,2025-06-03,1,4.33,4.33,4.33,1
29.5,75.625,2025-06-07,1,6.51,6.51,6.51,1
29.5,75.625,2025-06-10,2,4.56,2.28,2.28,1
29.5,75.625,2025-06-11,2,6.68,3.34,3.74,1
29.5,75.625,2025-09-23,1,3.52,3.52,3.52,1
29.5,75.625,2025-09-29,2,6.12,3.06,3.75,1
29.5,75.625,2025-10-05,1,1.37,1.37,1.37,1
29.5,75.625,2025-10-16,1,2.51,2.51,2.51,1
29.5,75.625,2025-10-17,1,1.87,1.87,1.87,1
29.5,75.625,2025-10-18,1,9.72,9.72,9.72,1
29.5,75.625,2025-10-20,6,35.8,5.966666666666666,12.69,1
29.5,75.625,2025-10-21,2,7.039999999999999,3.5199999999999996,4.27,1
29.5,75.625,2025-10-26,2,3.8899999999999997,1.9449999999999998,1.97,1
29.5,75.625,2025-10-27,1,3.79,3.79,3.79,1
29.5,75.625,2025-10-30,2,10.63,5.315,5.4,1
29.5,75.625,2025-10-31,3,10.97,3.6566666666666667,5.94,1
29.5,75.625,2025-11-01,5,44.8,8.959999999999999,17.59,1
29.5,75.625,2025-11-02,2,4.3,2.15,2.19,1
29.5,75.625,2025-11-03,3,12.16,4.053333333333334,5.91,1
29.5,75.625,2025-11-04,4,48.7,12.175,32.5,1
29.5,75.625,2025-11-06,3,9.879999999999999,3.293333333333333,4.84,1
29.5,75.625,2025-11-07,5,18.28,3.656,6.04,1
29.5,75.625,2025-11-08,6,32.44,5.406666666666666,10.64,1
29.5,75.625,2025-11-09,11,58.5,5.318181818181818,10.5,1
29.5,75.625,2025-11-10,8,35.2,4.4,6.09,1
29.5,75.625,2025-11-11,11,34.86,3.169090909090909,6.8,1
29.5,75.625,2025-11-13,3,9.290000000000001,3.096666666666667,3.24,1
29.5,75.625,2025-11-14,2,4.42,2.21,2.77,1
29.5,75.625,2025-11-15,4,12.27,3.0675,4.7,1
29.5,75.625,2025-11-16,3,12.34,4.113333333333333,5.62,1
29.5,75.625,2025-11-17,1,2.94,2.94,2.94,1
29.5,75.625,2025-11-18,3,11.61,3.8699999999999997,4.59,1
29.5,75.625,2025-11-19,5,50.9,10.18,11.89,1
29.5,75.625,2025-11-21,1,2.08,2.08,2.08,1
29.5,75.625,2025-11-24,2,16.96,8.48,9.47,1
29.5,75.625,2025-11-27,4,12.91,3.2275,4.12,1
29.5,75.625,2025-11-30,1,2.37,2.37,2.37,1
29.5,75.625,2025-12-06,1,2.55,2.55,2.55,1
29.5,75.625,2025-12-08,1,2.3,2.3,2.3,1
29.5,75.625,2025-12-19,2,10.1,5.05,5.67,1
29.5,75.625,2025-12-27,1,0.81,0.81,0.81,1
29.5,76.25,2023-01-01,1,1.93,1.93,1.93,1
29.5,76.25,2023-01-06,1,2.18,2.18,2.18,1
29.5,76.25,2023-01-17,2,5.42,2.71,2.99,1
29.5,76.25,2023-01-18,1,6.52,6.52,6.52,1
29.5,76.25,2023-01-23,1,5.42,5.42,5.42,1
29.5,76.25,2023-02-11,2,14.61,7.305,7.34,1
29.5,76.25,2023-02-13,1,3.79,3.79,3.79,1
29.5,76.25,2023-02-15,1,2.15,2.15,2.15,1
29.5,76.25,2023-02-18,1,2.55,2.55,2.55,1
29.5,76.25,2023-02-19,1,2.08,2.08,2.08,1
29.5,76.25,2023-02-23,2,5.52,2.76,3.49,1
29.5,76.25,2023-02-25,1,2.21,2.21,2.21,1
29.5,76.25,2023-03-05,1,2.73,2.73,2.73,1
29.5,76.25,2023-03-06,2,13.68,6.84,10.72,1
29.5,76.25,2023-03-07,1,2.31,2.31,2.31,1
29.5,76.25,2023-03-16,1,2.59,2.59,2.59,1
29.5,76.25,2023-03-20,1,3.32,3.32,3.32,1
29.5,76.25,2023-03-22,1,5.53,5.53,5.53,1
29.5,76.25,2023-04-15,2,7.66,3.83,5.19,1
29.5,76.25,2023-04-21,1,7.07,7.07,7.07,1
29.5,76.25,2023-04-22,2,24.45,12.225,19.08,1
29.5,76.25,2023-04-23,2,1.8900000000000001,0.9450000000000001,1.03,1
29.5,76.25,2023-04-24,2,4.82,2.41,3.09,1
29.5,76.25,2023-04-25,1,2.56,2.56,2.56,1
29.5,76.25,2023-04-27,22,133.59,6.072272727272727,32.48,1
29.5,76.25,2023-05-02,1,8.38,8.38,8.38,1
29.5,76.25,2023-05-04,26,104.47999999999999,4.018461538461538,28.33,1
29.5,76.25,2023-05-05,78,493.17,6.322692307692308,17.95,1
29.5,76.25,2023-05-06,30,139.7,4.656666666666666,10.89,1
29.5,76.25,2023-05-07,51,324.41,6.360980392156863,15.09,1
29.5,76.25,2023-05-08,45,355.90999999999997,7.909111111111111,13.2,1
29.5,76.25,2023-05-09,15,89.84,5.989333333333334,9.8,1
29.5,76.25,2023-05-10,21,164.51,7.833809523809523,25.34,1
29.5,76.25,2023-05-11,39,192.48,4.935384615384615,9.53,1
29.5,76.25,2023-05-12,6,53.510000000000005,8.918333333333335,12.55,1
29.5,76.25,2023-05-13,10,46.18,4.618,8.37,1
29.5,76.25,2023-05-14,3,17.46,5.82,8.79,1
29.5,76.25,2023-05-15,5,23.72,4.744,5.79,1
29.5,76.25,2023-05-16,2,3.12,1.56,2.1,1
29.5,76.25,2023-05-18,2,5.640000000000001,2.8200000000000003,4.03,1
29.5,76.25,2023-05-20,6,30.86,5.1433333333333335,9.81,1
29.5,76.25,2023-05-22,1,4.46,4.46,4.46,1
29.5,76.25,2023-06-09,1,2.4,2.4,2.4,1
29.5,76.25,2023-06-11,1,3.63,3.63,3.63,1
29.5,76.25,2023-07-13,1,3.93,3.93,3.93,1
29.5,76.25,2023-09-28,1,9.84,9.84,9.84,1
29.5,76.25,2023-09-30,1,1.17,1.17,1.17,1
29.5,76.25,2023-10-01,2,11.719999999999999,5.859999999999999,9.1,1
29.5,76.25,2023-10-02,2,11.69,5.845,6.67,1
29.5,76.25,2023-10-03,2,11.75,5.875,6.82,1
29.5,76.25,2023-10-04,6,18.52,3.0866666666666664,5.59,1
29.5,76.25,2023-10-05,7,18.56,2.6514285714285712,3.38,1
29.5,76.25,2023-10-06,4,14.3,3.575,5.04,1
29.5,76.25,2023-10-07,2,12.350000000000001,6.175000000000001,10.31,1
29.5,76.25,2023-10-08,7,19.66,2.8085714285714287,5.66,1
29.5,76.25,2023-10-09,7,31.13,4.447142857142857,10.6,1
29.5,76.25,2023-10-10,25,81.79,3.2716000000000003,8.38,1
29.5,76.25,2023-10-11,9,65.04,7.2266666666666675,16.3,1
29.5,76.25,2023-10-12,6,39.129999999999995,6.521666666666666,9.11,1
29.5,76.25,2023-10-13,2,11.32,5.66,8.93,1
29.5,76.25,2023-10-14,16,61.97,3.873125,9.89,1
29.5,76.25,2023-10-15,18,71.57000000000001,3.9761111111111114,7.81,1
29.5,76.25,2023-10-18,2,5.84,2.92,3.29,1
29.5,76.25,2023-10-19,10,61.120000000000005,6.112,11.35,1
29.5,76.25,2023-10-20,19,110.36,5.808421052631579,17.65,1
29.5,76.25,2023-10-21,13,40.18,3.0907692307692307,5.14,1
29.5,76.25,2023-10-22,4,15.33,3.8325,4.74,1
29.5,76.25,2023-10-23,4,11.57,2.8925,4.71,1
29.5,76.25,2023-10-24,22,110.91,5.041363636363636,25.94,1
29.5,76.25,2023-10-25,7,40.33,5.761428571428572,8.98,1
29.5,76.25,2023-10-26,16,44.4,2.775,6.49,1
29.5,76.25,2023-10-27,12,42.16,3.513333333333333,10.36,1
29.5,76.25,2023-10-29,10,69.16,6.9159999999999995,10.19,1
29.5,76.25,2023-10-30,12,60.66,5.055,8.02,1
29.5,76.25,2023-10-31,21,189.0,9.0,29.48,1
29.5,76.25,2023-11-01,16,76.1,4.75625,8.79,1
29.5,76.25,2023-11-03,1,2.71,2.71,2.71,1
29.5,76.25,2023-11-04,10,59.32,5.932,13.23,1
29.5,76.25,2023-11-05,32,150.84,4.71375,9.67,1
29.5,76.25,2023-11-06,18,69.03,3.835,8.62,1
29.5,76.25,2023-11-07,11,47.19,4.29,8.58,1
29.5,76.25,2023-11-08,6,84.67,14.111666666666666,23.34,1
29.5,76.25,2023-11-09,8,25.6,3.2,4.39,1
29.5,76.25,2023-11-11,7,22.91,3.2728571428571427,8.56,1
29.5,76.25,2023-11-12,30,240.52,8.017333333333333,27.64,1
29.5,76.25,2023-11-14,12,84.67,7.055833333333333,15.95,1
29.5,76.25,2023-11-15,8,34.69,4.33625,16.43,1
29.5,76.25,2023-11-16,12,35.49,2.9575,5.41,1
29.5,76.25,2023-11-17,9,42.25,4.694444444444445,18.3,1
29.5,76.25,2023-11-18,1,5.03,5.03,5.03,1
29.5,76.25,2023-11-19,2,13.280000000000001,6.640000000000001,10.22,1
29.5,76.25,2023-11-20,2,8.83,4.415,5.79,1
29.5,76.25,2023-11-21,9,39.800000000000004,4.4222222222222225,7.12,1
29.5,76.25,2023-11-22,9,37.2,4.133333333333334,8.62,1
29.5,76.25,2023-11-23,2,36.49,18.245,32.7,1
29.5,76.25,2023-11-24,5,17.02,3.404,4.19,1
29.5,76.25,2023-12-01,2,12.1,6.05,6.05,1
29.5,76.25,2023-12-03,2,3.98,1.99,2.21,1
29.5,76.25,2023-12-04,2,9.75,4.875,5.98,1
29.5,76.25,2023-12-06,2,15.34,7.67,9.05,1
29.5,76.25,2023-12-08,2,6.12,3.06,3.12,1
29.5,76.25,2023-12-10,1,1.99,1.99,1.99,1
29.5,76.25,2023-12-11,4,43.09,10.7725,19.17,1
29.5,76.25,2023-12-12,4,19.630000000000003,4.907500000000001,12.14,1
29.5,76.25,2023-12-13,5,12.55,2.5100000000000002,3.77,1
29.5,76.25,2023-12-14,1,4.16,4.16,4.16,1
29.5,76.25,2023-12-16,1,2.17,2.17,2.17,1
29.5,76.25,2023-12-18,2,4.550000000000001,2.2750000000000004,3.99,1
29.5,76.25,2023-12-19,2,9.77,4.885,6.96,1
29.5,76.25,2024-02-09,5,20.67,4.134,7.38,1
29.5,76.25,2024-02-10,3,10.35,3.4499999999999997,6.02,1
29.5,76.25,2024-02-11,2,7.0,3.5,4.42,1
29.5,76.25,2024-02-14,1,4.88,4.88,4.88,1
29.5,76.25,2024-02-15,1,5.29,5.29,5.29,1
29.5,76.25,2024-02-22,1,2.57,2.57,2.57,1
29.5,76.25,2024-02-28,2,12.879999999999999,6.4399999999999995,7.84,1
29.5,76.25,2024-03-06,1,6.11,6.11,6.11,1
29.5,76.25,2024-03-16,1,3.26,3.26,3.26,1
29.5,76.25,2024-04-06,2,45.35,22.675,26.0,1
29.5,76.25,2024-04-07,4,17.45,4.3625,8.18,1
29.5,76.25,2024-04-09,1,0.27,0.27,0.27,1
29.5,76.25,2024-04-16,2,11.620000000000001,5.8100000000000005,7.87,1
29.5,76.25,2024-04-29,2,5.18,2.59,3.88,1
29.5,76.25,2024-05-01,14,64.73,4.623571428571429,11.63,1
29.5,76.25,2024-05-02,37,197.96,5.35027027027027,12.31,1
29.5,76.25,2024-05-03,8,36.46,4.5575,12.62,1
29.5,76.25,2024-05-04,84,1001.43,11.921785714285713,34.01,1
29.5,76.25,2024-05-05,77,531.92,6.9080519480519476,61.5,1
29.5,76.25,2024-05-06,29,274.77,9.474827586206896,34.96,1
29.5,76.25,2024-05-07,93,850.9300000000001,9.14978494623656,38.59,1
29.5,76.25,2024-05-08,45,179.86,3.9968888888888894,9.36,1
29.5,76.25,2024-05-09,14,61.51,4.393571428571429,7.82,1
29.5,76.25,2024-05-10,42,177.74,4.2319047619047625,11.78,1
29.5,76.25,2024-05-12,26,101.58,3.9069230769230767,9.1,1
29.5,76.25,2024-05-13,16,64.59,4.036875,5.81,1
29.5,76.25,2024-05-14,18,141.26,7.847777777777777,19.58,1
29.5,76.25,2024-05-15,15,96.66,6.444,14.59,1
29.5,76.25,2024-05-16,1,4.59,4.59,4.59,1
29.5,76.25,2024-05-17,4,81.5,20.375,30.66,1
29.5,76.25,2024-05-18,20,70.59,3.5295,5.9,1
29.5,76.25,2024-05-19,2,10.25,5.125,6.88,1
29.5,76.25,2024-05-20,1,3.86,3.86,3.86,1
29.5,76.25,2024-05-21,3,7.92,2.64,3.46,1
29.5,76.25,2024-05-23,1,3.13,3.13,3.13,1
29.5,76.25,2024-06-10,1,2.96,2.96,2.96,1
29.5,76.25,2024-06-13,2,9.14,4.57,4.99,1
29.5,76.25,2024-06-16,1,0.77,0.77,0.77,1
29.5,76.25,2024-09-20,1,1.19,1.19,1.19,1
29.5,76.25,2024-10-01,5,19.97,3.9939999999999998,5.83,1
29.5,76.25,2024-10-02,1,2.46,2.46,2.46,1
29.5,76.25,2024-10-04,2,5.51,2.755,2.8,1
29.5,76.25,2024-10-05,1,3.11,3.11,3.11,1
29.5,76.25,2024-10-06,2,10.879999999999999,5.4399999999999995,6.42,1
29.5,76.25,2024-10-07,5,13.37,2.674,3.59,1
29.5,76.25,2024-10-08,5,14.82,2.964,3.48,1
29.5,76.25,2024-10-09,1,5.85,5.85,5.85,1
29.5,76.25,2024-10-10,6,14.9,2.4833333333333334,3.51,1
29.5,76.25,2024-10-11,6,33.4,5.566666666666666,7.7,1
29.5,76.25,2024-10-12,17,65.71,3.8652941176470583,13.66,1
29.5,76.25,2024-10-13,6,25.11,4.185,10.6,1
29.5,76.25,2024-10-14,1,4.35,4.35,4.35,1
29.5,76.25,2024-10-15,2,9.74,4.87,7.25,1
29.5,76.25,2024-10-17,5,12.32,2.464,3.17,1
29.5,76.25,2024-10-18,6,16.25,2.7083333333333335,3.21,1
29.5,76.25,2024-10-19,4,11.75,2.9375,3.54,1
29.5,76.25,2024-10-20,2,9.66,4.83,4.96,1
29.5,76.25,2024-10-22,3,8.86,2.953333333333333,3.33,1
29.5,76.25,2024-10-23,3,8.67,2.89,4.74,1
29.5,76.25,2024-10-24,1,4.81,4.81,4.81,1
29.5,76.25,2024-10-25,1,1.98,1.98,1.98,1
29.5,76.25,2024-10-27,1,5.96,5.96,5.96,1
29.5,76.25,2024-10-28,3,9.57,3.19,3.79,1
29.5,76.25,2024-10-29,2,8.93,4.465,5.97,1
29.5,76.25,2024-10-31,5,21.52,4.304,9.48,1
29.5,76.25,2024-11-01,10,71.27000000000001,7.127000000000001,30.19,1
29.5,76.25,2024-11-02,13,45.64,3.5107692307692306,5.69,1
29.5,76.25,2024-11-07,8,39.459999999999994,4.932499999999999,11.12,1
29.5,76.25,2024-11-08,16,59.99,3.749375,6.64,1
29.5,76.25,2024-11-09,9,37.76,4.195555555555555,5.75,1
29.5,76.25,2024-11-10,3,13.879999999999999,4.626666666666666,8.12,1
29.5,76.25,2024-11-11,18,72.6,4.033333333333333,10.15,1
29.5,76.25,2024-11-12,14,115.12,8.222857142857142,27.06,1
29.5,76.25,2024-11-16,8,39.7,4.9625,7.06,1
29.5,76.25,2024-11-17,1,3.35,3.35,3.35,1
29.5,76.25,2024-11-18,4,9.53,2.3825,3.51,1
29.5,76.25,2024-11-19,12,58.58,4.881666666666667,14.73,1
29.5,76.25,2024-11-20,7,25.54,3.6485714285714286,4.46,1
29.5,76.25,2024-11-21,5,19.490000000000002,3.8980000000000006,5.06,1
29.5,76.25,2024-11-22,5,21.96,4.392,7.03,1
29.5,76.25,2024-11-23,20,91.17,4.5585,9.0,1
29.5,76.25,2024-11-24,20,56.68,2.834,10.01,1
29.5,76.25,2024-11-25,2,5.890000000000001,2.9450000000000003,3.0,1
29.5,76.25,2024-11-27,6,24.86,4.1433333333333335,7.15,1
29.5,76.25,2024-11-28,2,11.27,5.635,6.08,1
29.5,76.25,2024-11-29,2,4.54,2.27,2.55,1
29.5,76.25,2024-12-04,1,1.86,1.86,1.86,1
29.5,76.25,2024-12-09,1,2.56,2.56,2.56,1
29.5,76.25,2024-12-10,1,5.04,5.04,5.04,1
29.5,76.25,2024-12-14,1,3.92,3.92,3.92,1
29.5,76.25,2024-12-15,1,0.63,0.63,0.63,1
29.5,76.25,2024-12-18,4,16.66,4.165,5.34,1
29.5,76.25,2024-12-19,3,12.13,4.043333333333334,6.05,1
29.5,76.25,2024-12-20,1,9.7,9.7,9.7,1
29.5,76.25,2024-12-25,1,2.65,2.65,2.65,1
29.5,76.25,2025-01-21,1,9.78,9.78,9.78,1
29.5,76.25,2025-01-22,1,5.84,5.84,5.84,1
29.5,76.25,2025-01-24,1,2.23,2.23,2.23,1
29.5,76.25,2025-01-25,1,4.66,4.66,4.66,1
29.5,76.25,2025-01-28,2,8.42,4.21,6.25,1
29.5,76.25,2025-02-01,1,2.68,2.68,2.68,1
29.5,76.25,2025-02-06,1,2.28,2.28,2.28,1
29.5,76.25,2025-02-12,1,3.09,3.09,3.09,1
29.5,76.25,2025-02-13,4,16.61,4.1525,6.22,1
29.5,76.25,2025-02-14,2,16.03,8.015,11.16,1
29.5,76.25,2025-02-18,1,13.19,13.19,13.19,1
29.5,76.25,2025-03-03,1,0.99,0.99,0.99,1
29.5,76.25,2025-03-05,2,4.47,2.235,3.67,1
29.5,76.25,2025-03-07,2,3.57,1.785,2.3,1
29.5,76.25,2025-04-11,1,6.83,6.83,6.83,1
29.5,76.25,2025-04-13,1,4.89,4.89,4.89,1
29.5,76.25,2025-04-14,19,314.03000000000003,16.527894736842107,38.93,1
29.5,76.25,2025-04-15,4,131.64,32.91,66.33,1
29.5,76.25,2025-04-16,12,80.2,6.683333333333334,13.81,1
29.5,76.25,2025-04-20,1,0.38,0.38,0.38,1
29.5,76.25,2025-04-21,2,16.59,8.295,11.52,1
29.5,76.25,2025-04-22,2,25.62,12.81,15.71,1
29.5,76.25,2025-04-23,2,26.05,13.025,13.73,1
29.5,76.25,2025-04-24,4,14.120000000000001,3.5300000000000002,8.49,1
29.5,76.25,2025-04-25,12,60.660000000000004,5.055000000000001,9.71,1
29.5,76.25,2025-04-27,15,76.54,5.102666666666667,10.39,1
29.5,76.25,2025-04-29,6,61.370000000000005,10.228333333333333,20.76,1
29.5,76.25,2025-04-30,5,18.98,3.7960000000000003,5.84,1
29.5,76.25,2025-05-01,18,323.55,17.975,68.7,1
29.5,76.25,2025-05-04,14,69.13,4.937857142857142,9.03,1
29.5,76.25,2025-05-05,2,6.15,3.075,3.35,1
29.5,76.25,2025-05-06,6,23.380000000000003,3.896666666666667,5.4,1
29.5,76.25,2025-05-07,26,241.09,9.272692307692308,23.99,1
29.5,76.25,2025-05-08,10,63.400000000000006,6.340000000000001,23.17,1
29.5,76.25,2025-05-09,4,32.809999999999995,8.202499999999999,9.94,1
29.5,76.25,2025-05-11,55,247.5,4.5,15.95,1
29.5,76.25,2025-05-12,36,189.65,5.268055555555556,12.6,1
29.5,76.25,2025-05-13,30,197.26000000000002,6.575333333333334,34.88,1
29.5,76.25,2025-05-14,16,124.54,7.78375,20.85,1
29.5,76.25,2025-05-15,31,175.19,5.651290322580645,13.02,1
29.5,76.25,2025-05-16,36,156.95,4.359722222222222,11.16,1
29.5,76.25,2025-05-17,20,187.37,9.368500000000001,24.54,1
29.5,76.25,2025-05-18,8,40.83,5.10375,9.61,1
29.5,76.25,2025-05-20,4,22.98,5.745,6.41,1
29.5,76.25,2025-05-21,9,43.99,4.887777777777778,12.92,1
29.5,76.25,2025-05-22,2,3.5,1.75,1.75,1
29.5,76.25,2025-05-23,1,0.93,0.93,0.93,1
29.5,76.25,2025-05-29,1,4.05,4.05,4.05,1
29.5,76.25,2025-05-31,1,2.91,2.91,2.91,1
29.5,76.25,2025-06-01,3,5.78,1.9266666666666667,2.39,1
29.5,76.25,2025-06-02,3,12.99,4.33,6.58,1
29.5,76.25,2025-07-02,1,4.31,4.31,4.31,1
29.5,76.25,2025-09-17,1,5.48,5.48,5.48,1
29.5,76.25,2025-09-21,1,3.71,3.71,3.71,1
29.5,76.25,2025-09-23,1,2.33,2.33,2.33,1
29.5,76.25,2025-09-25,1,1.99,1.99,1.99,1
29.5,76.25,2025-09-28,1,10.47,10.47,10.47,1
29.5,76.25,2025-10-02,2,10.379999999999999,5.1899999999999995,5.77,1
29.5,76.25,2025-10-04,2,5.58,2.79,2.97,1
29.5,76.25,2025-10-05,4,13.03,3.2575,4.16,1
29.5,76.25,2025-10-09,2,4.28,2.14,2.42,1
29.5,76.25,2025-10-12,3,10.19,3.3966666666666665,4.72,1
29.5,76.25,2025-10-13,3,5.63,1.8766666666666667,2.17,1
29.5,76.25,2025-10-14,4,12.44,3.11,6.92,1
29.5,76.25,2025-10-15,3,4.859999999999999,1.6199999999999999,2.28,1
29.5,76.25,2025-10-17,2,22.840000000000003,11.420000000000002,19.01,1
29.5,76.25,2025-10-19,6,18.13,3.0216666666666665,5.12,1
29.5,76.25,2025-10-20,15,48.27,3.2180000000000004,6.15,1
29.5,76.25,2025-10-21,2,7.5,3.75,3.99,1
29.5,76.25,2025-10-25,1,0.58,0.58,0.58,1
29.5,76.25,2025-10-26,10,43.55,4.3549999999999995,12.69,1
29.5,76.25,2025-10-27,4,25.79,6.4475,12.56,1
29.5,76.25,2025-10-29,2,15.7,7.85,7.85,1
29.5,76.25,2025-10-31,2,10.16,5.08,8.84,1
29.5,76.25,2025-11-01,3,13.38,4.46,7.61,1
29.5,76.25,2025-11-02,5,22.9,4.58,5.89,1
29.5,76.25,2025-11-03,3,11.54,3.8466666666666662,4.93,1
29.5,76.25,2025-11-04,2,8.23,4.115,4.46,1
29.5,76.25,2025-11-05,6,19.66,3.276666666666667,4.62,1
29.5,76.25,2025-11-06,6,14.33,2.388333333333333,4.99,1
29.5,76.25,2025-11-07,1,2.72,2.72,2.72,1
29.5,76.25,2025-11-08,14,85.48,6.105714285714286,11.73,1
29.5,76.25,2025-11-09,19,114.57,6.029999999999999,12.35,1
29.5,76.25,2025-11-10,22,91.31,4.150454545454545,11.58,1
29.5,76.25,2025-11-11,16,68.25,4.265625,11.49,1
29.5,76.25,2025-11-13,5,28.28,5.656000000000001,10.03,1
29.5,76.25,2025-11-14,1,2.79,2.79,2.79,1
29.5,76.25,2025-11-15,10,58.629999999999995,5.8629999999999995,15.16,1
29.5,76.25,2025-11-16,12,77.93,6.4941666666666675,23.46,1
29.5,76.25,2025-11-17,2,3.9299999999999997,1.9649999999999999,2.77,1
29.5,76.25,2025-11-21,1,1.84,1.84,1.84,1
29.5,76.25,2025-11-24,5,30.0,6.0,7.96,1
29.5,76.25,2025-11-25,2,4.23,2.115,3.37,1
29.5,76.25,2025-11-26,1,2.17,2.17,2.17,1
29.5,76.25,2025-11-27,1,2.72,2.72,2.72,1
29.5,76.25,2025-12-01,2,3.46,1.73,1.73,1
29.5,76.25,2025-12-02,2,6.069999999999999,3.0349999999999997,5.02,1
29.5,76.25,2025-12-05,2,2.88,1.44,1.84,1
29.5,76.25,2025-12-09,1,4.72,4.72,4.72,1
29.5,76.25,2025-12-14,3,7.25,2.4166666666666665,3.58,1
29.5,76.25,2025-12-23,3,13.200000000000001,4.4,8.46,1
29.5,76.875,2023-01-04,1,2.59,2.59,2.59,1
29.5,76.875,2023-01-11,1,6.2,6.2,6.2,1
29.5,76.875,2023-01-12,2,4.640000000000001,2.3200000000000003,3.87,1
29.5,76.875,2023-01-15,4,13.0,3.25,4.78,1
29.5,76.875,2023-01-16,3,7.55,2.5166666666666666,3.55,1
29.5,76.875,2023-01-17,5,11.52,2.304,4.05,1
29.5,76.875,2023-01-18,1,7.62,7.62,7.62,1
29.5,76.875,2023-01-20,2,1.35,0.675,0.71,1
29.5,76.875,2023-01-21,1,0.57,0.57,0.57,1
29.5,76.875,2023-01-22,1,0.85,0.85,0.85,1
29.5,76.875,2023-01-24,1,0.82,0.82,0.82,1
29.5,76.875,2023-01-26,1,3.72,3.72,3.72,1
29.5,76.875,2023-01-27,1,1.93,1.93,1.93,1
29.5,76.875,2023-02-01,2,6.09,3.045,3.45,1
29.5,76.875,2023-02-02,1,0.83,0.83,0.83,1
29.5,76.875,2023-02-03,3,12.71,4.236666666666667,5.59,1
29.5,76.875,2023-02-04,1,12.88,12.88,12.88,1
29.5,76.875,2023-02-05,3,20.470000000000002,6.823333333333334,8.46,1
29.5,76.875,2023-02-08,3,14.32,4.773333333333333,7.05,1
29.5,76.875,2023-02-10,1,3.9,3.9,3.9,1
29.5,76.875,2023-02-11,2,3.76,1.88,2.17,1
29.5,76.875,2023-02-12,3,12.2,4.066666666666666,7.78,1
29.5,76.875,2023-02-13,8,145.29,18.16125,42.23,1
29.5,76.875,2023-02-14,1,1.72,1.72,1.72,1
29.5,76.875,2023-02-17,1,1.16,1.16,1.16,1
29.5,76.875,2023-02-18,1,0.87,0.87,0.87,1
29.5,76.875,2023-02-20,1,3.83,3.83,3.83,1
29.5,76.875,2023-02-22,1,0.88,0.88,0.88,1
29.5,76.875,2023-02-24,1,3.8,3.8,3.8,1
29.5,76.875,2023-02-25,4,7.470000000000001,1.8675000000000002,2.95,1
29.5,76.875,2023-02-26,1,5.48,5.48,5.48,1
29.5,76.875,2023-02-28,2,1.15,0.575,0.68,1
29.5,76.875,2023-03-06,1,13.15,13.15,13.15,1
29.5,76.875,2023-03-08,1,1.35,1.35,1.35,1
29.5,76.875,2023-03-09,3,7.38,2.46,4.1,1
29.5,76.875,2023-03-10,2,9.87,4.935,7.89,1
29.5,76.875,2023-03-11,3,11.56,3.8533333333333335,5.48,1
29.5,76.875,2023-03-15,1,5.76,5.76,5.76,1
29.5,76.875,2023-03-17,1,4.98,4.98,4.98,1
29.5,76.875,2023-03-23,2,4.970000000000001,2.4850000000000003,2.74,1
29.5,76.875,2023-03-24,5,18.5,3.7,7.56,1
29.5,76.875,2023-03-25,1,1.15,1.15,1.15,1
29.5,76.875,2023-03-26,3,9.31,3.1033333333333335,3.37,1
29.5,76.875,2023-03-27,1,3.15,3.15,3.15,1
29.5,76.875,2023-03-28,2,3.3499999999999996,1.6749999999999998,1.72,1
29.5,76.875,2023-03-29,3,2.62,0.8733333333333334,1.09,1
29.5,76.875,2023-03-31,1,0.64,0.64,0.64,1
29.5,76.875,2023-04-01,4,9.97,2.4925,6.21,1
29.5,76.875,2023-04-02,2,7.75,3.875,5.13,1
29.5,76.875,2023-04-03,1,5.58,5.58,5.58,1
29.5,76.875,2023-04-06,3,5.66,1.8866666666666667,2.92,1
29.5,76.875,2023-04-07,1,1.0,1.0,1.0,1
29.5,76.875,2023-04-08,1,4.15,4.15,4.15,1
29.5,76.875,2023-04-14,9,170.87,18.985555555555557,40.31,1
29.5,76.875,2023-04-15,1,2.79,2.79,2.79,1
29.5,76.875,2023-04-17,1,2.07,2.07,2.07,1
29.5,76.875,2023-04-18,1,0.74,0.74,0.74,1
29.5,76.875,2023-04-21,3,12.72,4.24,6.32,1
29.5,76.875,2023-04-22,2,7.449999999999999,3.7249999999999996,4.59,1
29.5,76.875,2023-04-27,11,53.040000000000006,4.821818181818182,8.97,1
29.5,76.875,2023-05-02,2,7.72,3.86,4.31,1
29.5,76.875,2023-05-03,3,8.49,2.83,3.29,1
29.5,76.875,2023-05-04,41,202.24,4.932682926829268,14.66,1
29.5,76.875,2023-05-05,76,541.55,7.125657894736841,27.44,1
29.5,76.875,2023-05-06,62,334.4,5.393548387096774,19.1,1
29.5,76.875,2023-05-07,66,345.37,5.232878787878788,15.35,1
29.5,76.875,2023-05-08,98,530.08,5.408979591836735,14.41,1
29.5,76.875,2023-05-09,23,194.41,8.452608695652174,30.0,1
29.5,76.875,2023-05-10,35,250.76,7.164571428571429,16.0,1
29.5,76.875,2023-05-11,42,231.11,5.5026190476190475,19.49,1
29.5,76.875,2023-05-12,24,188.09,7.837083333333333,13.85,1
29.5,76.875,2023-05-13,14,117.95,8.425,28.28,1
29.5,76.875,2023-05-14,11,47.93,4.357272727272727,7.99,1
29.5,76.875,2023-05-15,9,70.12,7.791111111111111,16.91,1
29.5,76.875,2023-05-16,3,8.6,2.8666666666666667,3.3,1
29.5,76.875,2023-05-17,6,18.57,3.095,4.1,1
29.5,76.875,2023-05-19,4,13.93,3.4825,6.25,1
29.5,76.875,2023-05-21,3,25.67,8.556666666666667,13.89,1
29.5,76.875,2023-06-04,1,1.07,1.07,1.07,1
29.5,76.875,2023-06-05,1,0.78,0.78,0.78,1
29.5,76.875,2023-06-08,1,1.37,1.37,1.37,1
29.5,76.875,2023-06-09,3,9.55,3.1833333333333336,5.9,1
29.5,76.875,2023-06-10,1,7.56,7.56,7.56,1
29.5,76.875,2023-06-11,1,3.32,3.32,3.32,1
29.5,76.875,2023-06-14,1,6.65,6.65,6.65,1
29.5,76.875,2023-06-21,1,4.14,4.14,4.14,1
29.5,76.875,2023-06-30,1,1.58,1.58,1.58,1
29.5,76.875,2023-07-13,4,3.76,0.94,1.14,1
29.5,76.875,2023-07-14,2,6.72,3.36,3.8,1
29.5,76.875,2023-07-30,1,0.44,0.44,0.44,1
29.5,76.875,2023-08-01,1,0.67,0.67,0.67,1
29.5,76.875,2023-08-12,1,2.99,2.99,2.99,1
29.5,76.875,2023-08-16,1,4.34,4.34,4.34,1
29.5,76.875,2023-08-25,1,2.36,2.36,2.36,1
29.5,76.875,2023-08-26,1,4.66,4.66,4.66,1
29.5,76.875,2023-08-29,2,9.0,4.5,7.8,1
29.5,76.875,2023-08-30,2,6.73,3.365,4.01,1
29.5,76.875,2023-09-05,3,11.04,3.6799999999999997,6.18,1
29.5,76.875,2023-09-07,1,2.04,2.04,2.04,1
29.5,76.875,2023-09-12,1,4.23,4.23,4.23,1
29.5,76.875,2023-09-13,2,9.25,4.625,7.31,1
29.5,76.875,2023-09-17,1,4.01,4.01,4.01,1
29.5,76.875,2023-09-19,1,4.4,4.4,4.4,1
29.5,76.875,2023-09-22,2,3.7199999999999998,1.8599999999999999,2.07,1
29.5,76.875,2023-09-23,2,9.39,4.695,4.72,1
29.5,76.875,2023-09-27,1,3.67,3.67,3.67,1
29.5,76.875,2023-09-28,3,17.4,5.8,7.35,1
29.5,76.875,2023-09-29,2,6.11,3.055,3.87,1
29.5,76.875,2023-09-30,4,14.89,3.7225,5.98,1
29.5,76.875,2023-10-01,3,9.75,3.25,4.05,1
29.5,76.875,2023-10-04,2,5.3100000000000005,2.6550000000000002,4.0,1
29.5,76.875,2023-10-05,5,12.7,2.54,3.25,1
29.5,76.875,2023-10-06,2,6.8,3.4,3.57,1
29.5,76.875,2023-10-07,1,2.01,2.01,2.01,1
29.5,76.875,2023-10-08,2,3.92,1.96,2.65,1
29.5,76.875,2023-10-09,4,12.49,3.1225,5.36,1
29.5,76.875,2023-10-10,1,1.89,1.89,1.89,1
29.5,76.875,2023-10-11,6,17.13,2.855,4.92,1
29.5,76.875,2023-10-13,3,12.31,4.1033333333333335,6.07,1
29.5,76.875,2023-10-14,1,5.44,5.44,5.44,1
29.5,76.875,2023-10-15,10,42.37,4.237,8.67,1
29.5,76.875,2023-10-20,4,25.2,6.3,10.44,1
29.5,76.875,2023-10-21,9,26.79,2.9766666666666666,4.49,1
29.5,76.875,2023-10-22,3,15.270000000000001,5.090000000000001,6.44,1
29.5,76.875,2023-10-23,3,14.33,4.776666666666666,6.42,1
29.5,76.875,2023-10-24,1,2.99,2.99,2.99,1
29.5,76.875,2023-10-25,7,21.52,3.0742857142857143,5.73,1
29.5,76.875,2023-10-26,2,4.52,2.26,2.51,1
29.5,76.875,2023-10-27,2,4.35,2.175,2.86,1
29.5,76.875,2023-10-29,3,6.24,2.08,2.98,1
29.5,76.875,2023-10-30,6,18.22,3.0366666666666666,5.39,1
29.5,76.875,2023-10-31,11,31.07,2.8245454545454547,4.25,1
29.5,76.875,2023-11-01,4,9.29,2.3225,3.45,1
29.5,76.875,2023-11-02,1,1.04,1.04,1.04,1
29.5,76.875,2023-11-04,3,7.9,2.6333333333333333,2.96,1
29.5,76.875,2023-11-05,11,24.810000000000002,2.255454545454546,5.7,1
29.5,76.875,2023-11-06,8,66.03,8.25375,14.02,1
29.5,76.875,2023-11-07,3,4.0200000000000005,1.34,1.82,1
29.5,76.875,2023-11-08,4,12.969999999999999,3.2424999999999997,5.39,1
29.5,76.875,2023-11-09,1,2.02,2.02,2.02,1
29.5,76.875,2023-11-10,2,1.72,0.86,1.39,1
29.5,76.875,2023-11-11,5,15.23,3.0460000000000003,5.36,1
29.5,76.875,2023-11-12,14,67.39,4.813571428571429,15.04,1
29.5,76.875,2023-11-15,3,8.879999999999999,2.9599999999999995,3.13,1
29.5,76.875,2023-11-16,8,16.36,2.045,4.02,1
29.5,76.875,2023-11-17,2,6.17,3.085,4.85,1
29.5,76.875,2023-11-18,2,4.54,2.27,3.09,1
29.5,76.875,2023-11-19,7,14.56,2.08,5.0,1
29.5,76.875,2023-11-20,4,10.49,2.6225,3.7,1
29.5,76.875,2023-11-21,4,15.49,3.8725,9.14,1
29.5,76.875,2023-11-22,3,6.33,2.11,2.26,1
29.5,76.875,2023-11-23,1,2.4,2.4,2.4,1
29.5,76.875,2023-11-24,2,2.47,1.235,1.36,1
29.5,76.875,2023-11-29,2,2.3,1.15,1.39,1
29.5,76.875,2023-11-30,1,0.74,0.74,0.74,1
29.5,76.875,2023-12-01,2,2.8,1.4,1.97,1
29.5,76.875,2023-12-02,2,5.91,2.955,4.15,1
29.5,76.875,2023-12-03,3,9.43,3.143333333333333,4.13,1
29.5,76.875,2023-12-04,3,8.530000000000001,2.8433333333333337,3.22,1
29.5,76.875,2023-12-05,3,11.28,3.76,6.08,1
29.5,76.875,2023-12-06,2,5.9399999999999995,2.9699999999999998,3.3,1
29.5,76.875,2023-12-07,5,6.4399999999999995,1.2879999999999998,2.85,1
29.5,76.875,2023-12-08,9,22.12,2.457777777777778,4.19,1
29.5,76.875,2023-12-09,1,3.12,3.12,3.12,1
29.5,76.875,2023-12-10,1,4.68,4.68,4.68,1
29.5,76.875,2023-12-12,1,2.64,2.64,2.64,1
29.5,76.875,2023-12-13,2,3.79,1.895,2.86,1
29.5,76.875,2023-12-14,1,6.9,6.9,6.9,1
29.5,76.875,2023-12-15,1,3.54,3.54,3.54,1
29.5,76.875,2023-12-17,1,0.74,0.74,0.74,1
29.5,76.875,2023-12-18,5,23.9,4.779999999999999,6.58,1
29.5,76.875,2023-12-19,3,6.99,2.33,2.6,1
29.5,76.875,2023-12-20,5,11.85,2.37,4.3,1
29.5,76.875,2023-12-21,2,2.26,1.13,1.43,1
29.5,76.875,2023-12-22,1,2.97,2.97,2.97,1
29.5,76.875,2023-12-23,1,2.09,2.09,2.09,1
29.5,76.875,2023-12-26,1,1.93,1.93,1.93,1
29.5,76.875,2023-12-28,1,0.52,0.52,0.52,1
29.5,76.875,2024-01-02,2,11.65,5.825,6.45,1
29.5,76.875,2024-01-11,1,0.93,0.93,0.93,1
29.5,76.875,2024-01-12,1,4.47,4.47,4.47,1
29.5,76.875,2024-01-13,1,0.46,0.46,0.46,1
29.5,76.875,2024-01-14,1,2.2,2.2,2.2,1
29.5,76.875,2024-01-22,3,4.91,1.6366666666666667,1.78,1
29.5,76.875,2024-01-23,2,1.97,0.985,1.01,1
29.5,76.875,2024-01-25,1,1.51,1.51,1.51,1
29.5,76.875,2024-01-26,1,7.11,7.11,7.11,1
29.5,76.875,2024-01-27,1,1.77,1.77,1.77,1
29.5,76.875,2024-01-30,2,5.63,2.815,3.31,1
29.5,76.875,2024-02-07,4,3.92,0.98,1.3,1
29.5,76.875,2024-02-09,1,0.56,0.56,0.56,1
29.5,76.875,2024-02-11,2,13.190000000000001,6.595000000000001,7.95,1
29.5,76.875,2024-02-13,1,0.77,0.77,0.77,1
29.5,76.875,2024-02-14,1,2.5,2.5,2.5,1
29.5,76.875,2024-02-15,4,12.9,3.225,4.3,1
29.5,76.875,2024-02-17,1,3.26,3.26,3.26,1
29.5,76.875,2024-02-18,3,11.2,3.733333333333333,4.2,1
29.5,76.875,2024-02-20,2,11.360000000000001,5.680000000000001,11.14,1
29.5,76.875,2024-02-21,3,15.940000000000001,5.3133333333333335,10.05,1
29.5,76.875,2024-02-22,6,33.65,5.608333333333333,11.65,1
29.5,76.875,2024-02-23,3,1.6099999999999999,0.5366666666666666,0.73,1
29.5,76.875,2024-02-24,3,6.99,2.33,3.75,1
29.5,76.875,2024-02-28,1,0.54,0.54,0.54,1
29.5,76.875,2024-03-04,2,1.51,0.755,0.81,1
29.5,76.875,2024-03-05,2,7.78,3.89,4.48,1
29.5,76.875,2024-03-06,3,4.8100000000000005,1.6033333333333335,2.75,1
29.5,76.875,2024-03-07,5,10.34,2.068,4.62,1
29.5,76.875,2024-03-08,4,3.4400000000000004,0.8600000000000001,1.09,1
29.5,76.875,2024-03-09,2,4.22,2.11,3.06,1
29.5,76.875,2024-03-10,2,1.2,0.6,0.6,1
29.5,76.875,2024-03-11,2,10.08,5.04,5.41,1
29.5,76.875,2024-03-12,4,12.370000000000001,3.0925000000000002,7.73,1
29.5,76.875,2024-03-13,1,1.17,1.17,1.17,1
29.5,76.875,2024-03-16,1,1.3,1.3,1.3,1
29.5,76.875,2024-03-17,1,1.23,1.23,1.23,1
29.5,76.875,2024-03-18,2,6.18,3.09,4.31,1
29.5,76.875,2024-03-19,1,2.6,2.6,2.6,1
29.5,76.875,2024-03-20,3,11.26,3.7533333333333334,7.93,1
29.5,76.875,2024-03-21,5,22.88,4.576,7.81,1
29.5,76.875,2024-03-22,2,5.3,2.65,2.9,1
29.5,76.875,2024-03-23,3,8.65,2.8833333333333333,4.69,1
29.5,76.875,2024-03-24,2,1.94,0.97,1.09,1
29.5,76.875,2024-03-25,6,9.56,1.5933333333333335,3.01,1
29.5,76.875,2024-03-27,1,5.81,5.81,5.81,1
29.5,76.875,2024-03-29,1,0.65,0.65,0.65,1
29.5,76.875,2024-04-01,1,3.1,3.1,3.1,1
29.5,76.875,2024-04-05,1,1.44,1.44,1.44,1
29.5,76.875,2024-04-07,1,1.91,1.91,1.91,1
29.5,76.875,2024-04-09,1,1.91,1.91,1.91,1
29.5,76.875,2024-04-10,2,2.94,1.47,1.77,1
29.5,76.875,2024-04-11,3,5.5600000000000005,1.8533333333333335,3.64,1
29.5,76.875,2024-04-14,1,0.82,0.82,0.82,1
29.5,76.875,2024-04-16,2,10.22,5.11,8.9,1
29.5,76.875,2024-04-17,2,1.8900000000000001,0.9450000000000001,1.33,1
29.5,76.875,2024-04-18,1,10.89,10.89,10.89,1
29.5,76.875,2024-04-22,2,20.05,10.025,16.05,1
29.5,76.875,2024-04-23,2,2.1,1.05,1.51,1
29.5,76.875,2024-04-24,3,27.119999999999997,9.04,12.68,1
29.5,76.875,2024-04-25,3,84.36,28.12,67.46,1
29.5,76.875,2024-04-26,1,1.15,1.15,1.15,1
29.5,76.875,2024-04-27,1,0.93,0.93,0.93,1
29.5,76.875,2024-04-28,3,7.590000000000001,2.5300000000000002,4.16,1
29.5,76.875,2024-04-29,3,12.07,4.023333333333333,7.7,1
29.5,76.875,2024-05-01,9,170.51999999999998,18.946666666666665,58.69,1
29.5,76.875,2024-05-02,37,233.87,6.320810810810811,17.44,1
29.5,76.875,2024-05-03,7,45.39,6.484285714285714,8.84,1
29.5,76.875,2024-05-04,98,1048.81,10.702142857142857,60.51,1
29.5,76.875,2024-05-05,188,1445.49,7.688776595744681,41.39,1
29.5,76.875,2024-05-06,24,280.27,11.677916666666667,30.97,1
29.5,76.875,2024-05-07,94,575.98,6.127446808510639,28.23,1
29.5,76.875,2024-05-08,25,96.36,3.8544,7.49,1
29.5,76.875,2024-05-09,30,135.4,4.513333333333334,11.31,1
29.5,76.875,2024-05-10,53,224.13,4.228867924528302,12.67,1
29.5,76.875,2024-05-11,2,9.48,4.74,5.32,1
29.5,76.875,2024-05-12,34,110.61,3.2532352941176472,6.92,1
29.5,76.875,2024-05-13,36,155.03,4.306388888888889,8.87,1
29.5,76.875,2024-05-14,23,204.24,8.88,40.89,1
29.5,76.875,2024-05-15,14,106.0,7.571428571428571,13.75,1
29.5,76.875,2024-05-16,3,15.440000000000001,5.146666666666667,8.49,1
29.5,76.875,2024-05-17,11,92.95,8.450000000000001,13.32,1
29.5,76.875,2024-05-18,35,135.76,3.8788571428571426,6.63,1
29.5,76.875,2024-05-19,4,17.86,4.465,5.19,1
29.5,76.875,2024-05-20,2,16.77,8.385,10.24,1
29.5,76.875,2024-05-21,4,27.15,6.7875,10.1,1
29.5,76.875,2024-05-25,1,11.7,11.7,11.7,1
29.5,76.875,2024-05-26,3,10.77,3.59,5.75,1
29.5,76.875,2024-05-28,2,2.87,1.435,1.89,1
29.5,76.875,2024-06-05,1,0.95,0.95,0.95,1
29.5,76.875,2024-06-16,2,34.31,17.155,27.56,1
29.5,76.875,2024-06-22,1,1.23,1.23,1.23,1
29.5,76.875,2024-06-24,1,5.55,5.55,5.55,1
29.5,76.875,2024-07-02,1,3.66,3.66,3.66,1
29.5,76.875,2024-07-06,1,1.01,1.01,1.01,1
29.5,76.875,2024-07-23,1,2.36,2.36,2.36,1
29.5,76.875,2024-09-01,1,7.66,7.66,7.66,1
29.5,76.875,2024-09-04,1,1.02,1.02,1.02,1
29.5,76.875,2024-09-20,2,3.08,1.54,1.54,1
29.5,76.875,2024-09-21,3,8.61,2.8699999999999997,4.24,1
29.5,76.875,2024-09-22,4,21.419999999999998,5.3549999999999995,7.18,1
29.5,76.875,2024-09-25,2,7.029999999999999,3.5149999999999997,4.25,1
29.5,76.875,2024-09-30,1,1.42,1.42,1.42,1
29.5,76.875,2024-10-01,1,0.61,0.61,0.61,1
29.5,76.875,2024-10-02,1,2.84,2.84,2.84,1
29.5,76.875,2024-10-03,3,11.8,3.9333333333333336,4.65,1
29.5,76.875,2024-10-04,1,2.24,2.24,2.24,1
29.5,76.875,2024-10-05,2,11.940000000000001,5.970000000000001,6.98,1
29.5,76.875,2024-10-06,2,7.52,3.76,3.76,1
29.5,76.875,2024-10-07,1,4.22,4.22,4.22,1
29.5,76.875,2024-10-08,2,7.8,3.9,4.79,1
29.5,76.875,2024-10-09,1,2.16,2.16,2.16,1
29.5,76.875,2024-10-10,2,5.9399999999999995,2.9699999999999998,3.02,1
29.5,76.875,2024-10-11,1,2.18,2.18,2.18,1
29.5,76.875,2024-10-12,8,29.65,3.70625,8.42,1
29.5,76.875,2024-10-13,3,9.85,3.283333333333333,4.84,1
29.5,76.875,2024-10-15,2,6.04,3.02,3.7,1
29.5,76.875,2024-10-17,11,104.18,9.47090909090909,39.64,1
29.5,76.875,2024-10-18,7,41.81,5.972857142857143,20.69,1
29.5,76.875,2024-10-19,2,9.0,4.5,5.37,1
29.5,76.875,2024-10-22,1,5.34,5.34,5.34,1
29.5,76.875,2024-10-23,1,6.18,6.18,6.18,1
29.5,76.875,2024-10-26,2,2.91,1.455,1.83,1
29.5,76.875,2024-10-27,2,9.09,4.545,4.93,1
29.5,76.875,2024-10-29,1,3.45,3.45,3.45,1
29.5,76.875,2024-10-31,3,8.620000000000001,2.8733333333333335,4.48,1
29.5,76.875,2024-11-01,4,26.43,6.6075,12.17,1
29.5,76.875,2024-11-02,3,14.870000000000001,4.956666666666667,12.8,1
29.5,76.875,2024-11-08,1,5.14,5.14,5.14,1
29.5,76.875,2024-11-10,1,0.77,0.77,0.77,1
29.5,76.875,2024-11-11,3,7.779999999999999,2.5933333333333333,4.84,1
29.5,76.875,2024-11-12,1,2.43,2.43,2.43,1
29.5,76.875,2024-11-13,1,0.41,0.41,0.41,1
29.5,76.875,2024-11-16,2,9.85,4.925,5.64,1
29.5,76.875,2024-11-17,3,6.55,2.183333333333333,4.54,1
29.5,76.875,2024-11-18,1,2.01,2.01,2.01,1
29.5,76.875,2024-11-19,3,10.17,3.39,4.26,1
29.5,76.875,2024-11-20,2,6.24,3.12,4.57,1
29.5,76.875,2024-11-21,1,8.92,8.92,8.92,1
29.5,76.875,2024-11-22,2,7.68,3.84,4.27,1
29.5,76.875,2024-11-23,7,17.38,2.4828571428571427,4.39,1
29.5,76.875,2024-11-24,8,32.620000000000005,4.077500000000001,8.13,1
29.5,76.875,2024-11-25,1,9.01,9.01,9.01,1
29.5,76.875,2024-11-26,3,2.8200000000000003,0.9400000000000001,1.02,1
29.5,76.875,2024-11-27,2,5.54,2.77,2.77,1
29.5,76.875,2024-11-28,1,3.57,3.57,3.57,1
29.5,76.875,2024-11-30,1,3.69,3.69,3.69,1
29.5,76.875,2024-12-01,1,4.25,4.25,4.25,1
29.5,76.875,2024-12-02,1,5.44,5.44,5.44,1
29.5,76.875,2024-12-03,4,6.54,1.635,4.35,1
29.5,76.875,2024-12-04,2,6.4399999999999995,3.2199999999999998,4.51,1
29.5,76.875,2024-12-05,4,33.9,8.475,27.22,1
29.5,76.875,2024-12-06,1,0.99,0.99,0.99,1
29.5,76.875,2024-12-07,3,14.9,4.966666666666667,5.82,1
29.5,76.875,2024-12-09,2,1.9600000000000002,0.9800000000000001,1.62,1
29.5,76.875,2024-12-10,2,3.59,1.795,1.83,1
29.5,76.875,2024-12-11,2,11.67,5.835,7.02,1
29.5,76.875,2024-12-12,3,4.43,1.4766666666666666,2.31,1
29.5,76.875,2024-12-13,1,2.33,2.33,2.33,1
29.5,76.875,2024-12-14,2,6.27,3.135,3.25,1
29.5,76.875,2024-12-15,1,2.53,2.53,2.53,1
29.5,76.875,2024-12-16,1,2.17,2.17,2.17,1
29.5,76.875,2024-12-18,2,4.48,2.24,3.52,1
29.5,76.875,2024-12-21,3,15.6,5.2,7.27,1
29.5,76.875,2024-12-25,2,7.67,3.835,4.6,1
29.5,76.875,2024-12-26,6,29.23,4.871666666666667,7.54,1
29.5,76.875,2024-12-31,1,2.37,2.37,2.37,1
29.5,76.875,2025-01-05,1,2.67,2.67,2.67,1
29.5,76.875,2025-01-08,3,8.47,2.8233333333333337,4.4,1
29.5,76.875,2025-01-14,1,2.21,2.21,2.21,1
29.5,76.875,2025-01-20,2,3.1599999999999997,1.5799999999999998,2.76,1
29.5,76.875,2025-01-21,1,6.56,6.56,6.56,1
29.5,76.875,2025-01-22,4,13.86,3.465,6.68,1
29.5,76.875,2025-01-23,1,1.09,1.09,1.09,1
29.5,76.875,2025-01-26,1,0.71,0.71,0.71,1
29.5,76.875,2025-01-28,1,1.25,1.25,1.25,1
29.5,76.875,2025-01-29,2,1.69,0.845,1.18,1
29.5,76.875,2025-01-30,2,9.85,4.925,6.52,1
29.5,76.875,2025-02-01,4,11.24,2.81,5.09,1
29.5,76.875,2025-02-02,1,1.5,1.5,1.5,1
29.5,76.875,2025-02-05,4,15.61,3.9025,5.37,1
29.5,76.875,2025-02-06,1,2.18,2.18,2.18,1
29.5,76.875,2025-02-09,1,0.59,0.59,0.59,1
29.5,76.875,2025-02-10,1,10.15,10.15,10.15,1
29.5,76.875,2025-02-13,2,7.85,3.925,4.71,1
29.5,76.875,2025-02-14,1,1.57,1.57,1.57,1
29.5,76.875,2025-02-15,2,16.68,8.34,8.34,1
29.5,76.875,2025-02-16,1,0.61,0.61,0.61,1
29.5,76.875,2025-02-17,1,1.53,1.53,1.53,1
29.5,76.875,2025-02-21,4,39.65,9.9125,18.47,1
29.5,76.875,2025-02-23,3,8.55,2.85,5.9,1
29.5,76.875,2025-03-02,3,3.4299999999999997,1.1433333333333333,1.44,1
29.5,76.875,2025-03-04,1,0.3,0.3,0.3,1
29.5,76.875,2025-03-05,1,19.52,19.52,19.52,1
29.5,76.875,2025-03-06,1,4.96,4.96,4.96,1
29.5,76.875,2025-03-08,2,5.01,2.505,3.43,1
29.5,76.875,2025-03-10,1,0.3,0.3,0.3,1
29.5,76.875,2025-03-11,1,0.92,0.92,0.92,1
29.5,76.875,2025-03-15,1,0.3,0.3,0.3,1
29.5,76.875,2025-03-16,1,2.52,2.52,2.52,1
29.5,76.875,2025-03-17,1,3.53,3.53,3.53,1
29.5,76.875,2025-03-18,1,3.71,3.71,3.71,1
29.5,76.875,2025-03-20,1,2.46,2.46,2.46,1
29.5,76.875,2025-03-21,1,1.72,1.72,1.72,1
29.5,76.875,2025-03-23,2,3.01,1.505,1.66,1
29.5,76.875,2025-03-27,1,0.61,0.61,0.61,1
29.5,76.875,2025-03-28,2,1.47,0.735,1.02,1
29.5,76.875,2025-03-29,1,0.62,0.62,0.62,1
29.5,76.875,2025-03-31,1,1.13,1.13,1.13,1
29.5,76.875,2025-04-01,1,0.94,0.94,0.94,1
29.5,76.875,2025-04-04,1,0.94,0.94,0.94,1
29.5,76.875,2025-04-05,1,0.84,0.84,0.84,1
29.5,76.875,2025-04-06,1,0.51,0.51,0.51,1
29.5,76.875,2025-04-10,1,0.69,0.69,0.69,1
29.5,76.875,2025-04-13,2,10.17,5.085,5.55,1
29.5,76.875,2025-04-15,2,16.78,8.39,8.39,1
29.5,76.875,2025-04-16,7,15.440000000000001,2.205714285714286,4.93,1
29.5,76.875,2025-04-19,1,13.46,13.46,13.46,1
29.5,76.875,2025-04-22,5,87.94,17.588,38.05,1
29.5,76.875,2025-04-23,16,494.89,30.930625,61.38,1
29.5,76.875,2025-04-24,4,24.32,6.08,9.97,1
29.5,76.875,2025-04-25,20,172.92,8.645999999999999,27.27,1
29.5,76.875,2025-04-26,2,10.32,5.16,7.13,1
29.5,76.875,2025-04-27,12,64.03,5.335833333333333,17.16,1
29.5,76.875,2025-04-28,10,32.23,3.223,5.42,1
29.5,76.875,2025-04-29,12,54.95,4.579166666666667,9.02,1
29.5,76.875,2025-04-30,14,82.5,5.892857142857143,16.39,1
29.5,76.875,2025-05-01,9,62.36,6.928888888888888,12.34,1
29.5,76.875,2025-05-04,2,8.76,4.38,5.81,1
29.5,76.875,2025-05-06,1,2.05,2.05,2.05,1
29.5,76.875,2025-05-07,3,9.56,3.186666666666667,5.19,1
29.5,76.875,2025-05-08,17,46.17,2.7158823529411764,9.3,1
29.5,76.875,2025-05-09,4,24.619999999999997,6.154999999999999,10.45,1
29.5,76.875,2025-05-11,32,122.45,3.8265625,9.95,1
29.5,76.875,2025-05-12,34,189.55,5.575,17.86,1
29.5,76.875,2025-05-13,29,204.14,7.0393103448275856,20.12,1
29.5,76.875,2025-05-14,5,34.26,6.851999999999999,15.76,1
29.5,76.875,2025-05-15,40,264.2,6.6049999999999995,38.74,1
29.5,76.875,2025-05-16,40,128.82,3.2205,7.47,1
29.5,76.875,2025-05-17,25,188.03,7.5212,19.39,1
29.5,76.875,2025-05-18,37,302.42,8.173513513513514,21.6,1
29.5,76.875,2025-05-19,1,2.56,2.56,2.56,1
29.5,76.875,2025-05-20,5,38.45,7.69,9.55,1
29.5,76.875,2025-05-21,3,7.0600000000000005,2.3533333333333335,4.04,1
29.5,76.875,2025-05-22,1,4.22,4.22,4.22,1
29.5,76.875,2025-05-23,13,55.28,4.252307692307692,7.28,1
29.5,76.875,2025-05-24,6,20.89,3.481666666666667,4.94,1
29.5,76.875,2025-05-28,3,11.89,3.9633333333333334,6.94,1
29.5,76.875,2025-05-29,3,11.13,3.7100000000000004,5.73,1
29.5,76.875,2025-05-31,1,1.44,1.44,1.44,1
29.5,76.875,2025-06-02,2,9.27,4.635,4.75,1
29.5,76.875,2025-06-03,3,27.380000000000003,9.126666666666667,18.26,1
29.5,76.875,2025-06-12,1,1.98,1.98,1.98,1
29.5,76.875,2025-06-14,2,12.6,6.3,9.33,1
29.5,76.875,2025-06-16,1,3.75,3.75,3.75,1
29.5,76.875,2025-06-18,1,4.59,4.59,4.59,1
29.5,76.875,2025-06-19,2,5.52,2.76,4.27,1
29.5,76.875,2025-06-21,1,3.34,3.34,3.34,1
29.5,76.875,2025-06-22,1,1.04,1.04,1.04,1
29.5,76.875,2025-06-23,1,2.85,2.85,2.85,1
29.5,76.875,2025-06-26,1,3.42,3.42,3.42,1
29.5,76.875,2025-06-30,1,1.54,1.54,1.54,1
29.5,76.875,2025-08-01,1,0.7,0.7,0.7,1
29.5,76.875,2025-08-19,1,0.24,0.24,0.24,1
29.5,76.875,2025-08-23,1,1.37,1.37,1.37,1
29.5,76.875,2025-08-30,1,1.93,1.93,1.93,1
29.5,76.875,2025-08-31,1,2.34,2.34,2.34,1
29.5,76.875,2025-09-06,1,1.79,1.79,1.79,1
29.5,76.875,2025-09-08,1,0.28,0.28,0.28,1
29.5,76.875,2025-09-10,1,1.28,1.28,1.28,1
29.5,76.875,2025-09-25,1,3.78,3.78,3.78,1
29.5,76.875,2025-10-07,8,37.09,4.63625,7.71,1
29.5,76.875,2025-10-13,1,2.52,2.52,2.52,1
29.5,76.875,2025-10-14,1,0.43,0.43,0.43,1
29.5,76.875,2025-10-15,1,1.45,1.45,1.45,1
29.5,76.875,2025-10-16,1,4.42,4.42,4.42,1
29.5,76.875,2025-10-19,1,2.22,2.22,2.22,1
29.5,76.875,2025-10-20,2,8.51,4.255,7.56,1
29.5,76.875,2025-10-21,1,3.18,3.18,3.18,1
29.5,76.875,2025-10-22,2,2.49,1.245,1.56,1
29.5,76.875,2025-10-31,1,1.6,1.6,1.6,1
29.5,76.875,2025-11-01,1,4.13,4.13,4.13,1
29.5,76.875,2025-11-02,1,3.3,3.3,3.3,1
29.5,76.875,2025-11-05,2,4.38,2.19,2.61,1
29.5,76.875,2025-11-06,5,18.2,3.6399999999999997,5.89,1
29.5,76.875,2025-11-07,3,9.3,3.1,6.0,1
29.5,76.875,2025-11-08,2,19.17,9.585,9.6,1
29.5,76.875,2025-11-09,3,14.809999999999999,4.9366666666666665,5.56,1
29.5,76.875,2025-11-10,3,11.89,3.9633333333333334,4.67,1
29.5,76.875,2025-11-11,1,3.39,3.39,3.39,1
29.5,76.875,2025-11-13,2,6.21,3.105,4.3,1
29.5,76.875,2025-11-16,4,13.870000000000001,3.4675000000000002,6.25,1
29.5,76.875,2025-11-18,1,1.29,1.29,1.29,1
29.5,76.875,2025-11-20,2,1.65,0.825,0.9,1
29.5,76.875,2025-11-21,1,4.76,4.76,4.76,1
29.5,76.875,2025-11-22,2,5.18,2.59,2.78,1
29.5,76.875,2025-11-24,1,0.54,0.54,0.54,1
29.5,76.875,2025-11-26,1,2.66,2.66,2.66,1
29.5,76.875,2025-11-27,4,28.96,7.24,20.47,1
29.5,76.875,2025-11-30,2,2.7600000000000002,1.3800000000000001,1.83,1
29.5,76.875,2025-12-01,1,1.14,1.14,1.14,1
29.5,76.875,2025-12-02,1,2.28,2.28,2.28,1
29.5,76.875,2025-12-06,1,2.27,2.27,2.27,1
29.5,76.875,2025-12-08,2,1.44,0.72,0.78,1
29.5,76.875,2025-12-09,1,2.58,2.58,2.58,1
29.5,76.875,2025-12-12,2,2.09,1.045,1.13,1
29.5,76.875,2025-12-13,4,13.760000000000002,3.4400000000000004,4.82,1
29.5,76.875,2025-12-14,3,22.21,7.403333333333333,11.2,1
29.5,76.875,2025-12-15,1,1.95,1.95,1.95,1
29.5,76.875,2025-12-16,5,21.09,4.218,6.99,1
29.5,76.875,2025-12-17,3,10.74,3.58,5.96,1
29.5,76.875,2025-12-26,1,2.08,2.08,2.08,1
30.0,73.125,2023-01-16,1,1.78,1.78,1.78,1
30.0,73.125,2023-01-19,1,8.07,8.07,8.07,1
30.0,73.125,2023-02-11,1,5.25,5.25,5.25,1
30.0,73.125,2023-03-06,1,4.13,4.13,4.13,1
30.0,73.125,2023-04-08,1,1.86,1.86,1.86,1
30.0,73.125,2023-04-09,3,6.95,2.316666666666667,2.89,1
30.0,73.125,2023-04-11,1,4.16,4.16,4.16,1
30.0,73.125,2023-04-14,2,15.58,7.79,8.6,1
30.0,73.125,2023-04-15,4,22.8,5.7,11.08,1
30.0,73.125,2023-04-16,2,9.89,4.945,6.83,1
30.0,73.125,2023-04-18,1,6.31,6.31,6.31,1
30.0,73.125,2023-04-19,1,3.78,3.78,3.78,1
30.0,73.125,2023-04-20,3,9.52,3.1733333333333333,3.64,1
30.0,73.125,2023-04-21,7,39.29,5.612857142857143,6.86,1
30.0,73.125,2023-04-22,3,13.74,4.58,5.62,1
30.0,73.125,2023-04-23,16,81.84,5.115,10.61,1
30.0,73.125,2023-04-24,7,16.7,2.3857142857142857,3.26,1
30.0,73.125,2023-04-25,1,1.61,1.61,1.61,1
30.0,73.125,2023-04-26,2,9.65,4.825,7.84,1
30.0,73.125,2023-04-27,13,63.48,4.883076923076922,14.68,1
30.0,73.125,2023-04-28,1,3.7,3.7,3.7,1
30.0,73.125,2023-04-30,3,18.65,6.216666666666666,8.19,1
30.0,73.125,2023-05-01,1,3.04,3.04,3.04,1
30.0,73.125,2023-05-02,1,2.46,2.46,2.46,1
30.0,73.125,2023-05-04,7,21.150000000000002,3.021428571428572,4.26,1
30.0,73.125,2023-05-05,7,23.28,3.325714285714286,5.03,1
30.0,73.125,2023-05-06,5,24.490000000000002,4.898000000000001,7.85,1
30.0,73.125,2023-05-07,7,78.96000000000001,11.280000000000001,21.54,1
30.0,73.125,2023-05-09,3,25.02,8.34,8.94,1
30.0,73.125,2023-05-10,13,78.7,6.053846153846154,26.13,1
30.0,73.125,2023-05-11,3,20.35,6.783333333333334,8.15,1
30.0,73.125,2023-05-12,1,11.26,11.26,11.26,1
30.0,73.125,2023-05-13,1,12.17,12.17,12.17,1
30.0,73.125,2023-05-14,1,8.19,8.19,8.19,1
30.0,73.125,2023-05-15,1,6.78,6.78,6.78,1
30.0,73.125,2023-06-08,1,4.96,4.96,4.96,1
30.0,73.125,2023-06-16,4,13.629999999999999,3.4074999999999998,3.94,1
30.0,73.125,2023-06-18,7,25.65,3.664285714285714,5.47,1
30.0,73.125,2023-06-19,5,14.88,2.976,6.05,1
30.0,73.125,2023-06-20,1,2.25,2.25,2.25,1
30.0,73.125,2023-06-21,2,9.05,4.525,5.45,1
30.0,73.125,2023-06-22,1,30.66,30.66,30.66,1
30.0,73.125,2023-06-23,3,15.22,5.073333333333333,6.63,1
30.0,73.125,2023-06-24,14,41.160000000000004,2.9400000000000004,6.61,1
30.0,73.125,2023-06-26,3,12.18,4.06,6.34,1
30.0,73.125,2023-06-27,2,6.16,3.08,3.67,1
30.0,73.125,2023-06-28,1,7.64,7.64,7.64,1
30.0,73.125,2023-06-29,1,5.42,5.42,5.42,1
30.0,73.125,2023-07-02,5,30.72,6.144,10.17,1
30.0,73.125,2023-07-03,6,19.12,3.186666666666667,6.07,1
30.0,73.125,2023-07-04,9,108.93,12.103333333333333,29.57,1
30.0,73.125,2023-07-05,11,57.38,5.216363636363637,12.34,1
30.0,73.125,2023-07-10,5,19.43,3.886,6.24,1
30.0,73.125,2023-07-12,13,37.17,2.8592307692307695,4.31,1
30.0,73.125,2023-07-14,8,26.150000000000002,3.2687500000000003,6.48,1
30.0,73.125,2023-07-15,8,34.91,4.36375,5.46,1
30.0,73.125,2023-07-19,5,38.2,7.640000000000001,12.94,1
30.0,73.125,2023-07-31,1,3.89,3.89,3.89,1
30.0,73.125,2023-08-01,2,9.03,4.515,7.47,1
30.0,73.125,2023-08-02,2,8.62,4.31,4.31,1
30.0,73.125,2023-08-03,2,7.66,3.83,4.55,1
30.0,73.125,2023-08-04,1,3.87,3.87,3.87,1
30.0,73.125,2023-08-06,3,8.17,2.723333333333333,3.31,1
30.0,73.125,2023-08-10,5,39.9,7.9799999999999995,17.36,1
30.0,73.125,2023-08-11,4,13.95,3.4875,5.01,1
30.0,73.125,2023-08-12,1,1.69,1.69,1.69,1
30.0,73.125,2023-08-13,1,5.4,5.4,5.4,1
30.0,73.125,2023-08-14,1,1.37,1.37,1.37,1
30.0,73.125,2023-08-17,4,14.76,3.69,4.8,1
30.0,73.125,2023-08-19,1,17.81,17.81,17.81,1
30.0,73.125,2023-08-22,1,1.77,1.77,1.77,1
30.0,73.125,2023-08-26,1,3.93,3.93,3.93,1
30.0,73.125,2023-08-27,1,2.49,2.49,2.49,1
30.0,73.125,2023-08-30,1,3.28,3.28,3.28,1
30.0,73.125,2023-09-02,2,3.8,1.9,1.91,1
30.0,73.125,2023-09-10,1,2.19,2.19,2.19,1
30.0,73.125,2023-09-24,1,2.63,2.63,2.63,1
30.0,73.125,2023-09-27,1,3.65,3.65,3.65,1
30.0,73.125,2023-09-29,2,9.120000000000001,4.5600000000000005,5.53,1
30.0,73.125,2023-10-01,1,2.19,2.19,2.19,1
30.0,73.125,2023-10-02,1,1.95,1.95,1.95,1
30.0,73.125,2023-10-04,1,3.99,3.99,3.99,1
30.0,73.125,2023-10-05,2,21.96,10.98,11.63,1
30.0,73.125,2023-10-09,2,4.68,2.34,2.45,1
30.0,73.125,2023-10-10,4,8.92,2.23,2.84,1
30.0,73.125,2023-10-11,2,6.890000000000001,3.4450000000000003,3.9,1
30.0,73.125,2023-10-13,3,12.61,4.203333333333333,5.94,1
30.0,73.125,2023-10-14,8,77.47,9.68375,37.83,1
30.0,73.125,2023-10-15,9,57.8,6.422222222222222,28.1,1
30.0,73.125,2023-10-19,1,40.06,40.06,40.06,1
30.0,73.125,2023-10-20,1,2.64,2.64,2.64,1
30.0,73.125,2023-10-21,2,21.330000000000002,10.665000000000001,14.63,1
30.0,73.125,2023-10-23,1,2.46,2.46,2.46,1
30.0,73.125,2023-10-24,1,6.02,6.02,6.02,1
30.0,73.125,2023-10-25,6,20.83,3.4716666666666662,4.54,1
30.0,73.125,2023-10-26,6,13.67,2.2783333333333333,3.17,1
30.0,73.125,2023-10-27,11,64.02,5.819999999999999,16.89,1
30.0,73.125,2023-10-29,4,27.770000000000003,6.942500000000001,9.76,1
30.0,73.125,2023-10-30,3,19.31,6.4366666666666665,8.79,1
30.0,73.125,2023-10-31,8,31.94,3.9925,6.34,1
30.0,73.125,2023-11-01,6,32.88,5.48,8.82,1
30.0,73.125,2023-11-03,3,6.71,2.236666666666667,2.57,1
30.0,73.125,2023-11-04,2,9.280000000000001,4.640000000000001,5.69,1
30.0,73.125,2023-11-05,10,59.67,5.9670000000000005,17.11,1
30.0,73.125,2023-11-06,10,41.32,4.132,5.96,1
30.0,73.125,2023-11-08,1,2.94,2.94,2.94,1
30.0,73.125,2023-11-10,6,24.36,4.06,4.94,1
30.0,73.125,2023-11-11,1,2.3,2.3,2.3,1
30.0,73.125,2023-11-12,3,8.48,2.8266666666666667,3.67,1
30.0,73.125,2023-11-13,4,20.02,5.005,7.0,1
30.0,73.125,2023-11-14,4,49.15,12.2875,26.29,1
30.0,73.125,2023-11-15,7,36.25,5.178571428571429,11.39,1
30.0,73.125,2023-11-16,4,9.33,2.3325,3.3,1
30.0,73.125,2023-11-17,2,13.22,6.61,6.61,1
30.0,73.125,2023-11-18,1,3.78,3.78,3.78,1
30.0,73.125,2023-11-19,2,4.76,2.38,3.23,1
30.0,73.125,2023-11-20,3,11.33,3.776666666666667,5.61,1
30.0,73.125,2023-11-21,4,18.09,4.5225,6.97,1
30.0,73.125,2023-11-22,1,3.51,3.51,3.51,1
30.0,73.125,2023-12-05,2,4.43,2.215,2.66,1
30.0,73.125,2023-12-08,1,2.65,2.65,2.65,1
30.0,73.125,2023-12-12,1,4.17,4.17,4.17,1
30.0,73.125,2024-01-26,1,2.56,2.56,2.56,1
30.0,73.125,2024-02-11,2,7.55,3.775,4.01,1
30.0,73.125,2024-02-18,1,7.17,7.17,7.17,1
30.0,73.125,2024-02-28,1,13.3,13.3,13.3,1
30.0,73.125,2024-04-18,1,5.02,5.02,5.02,1
30.0,73.125,2024-04-20,3,7.71,2.57,3.91,1
30.0,73.125,2024-04-21,4,14.18,3.545,3.61,1
30.0,73.125,2024-04-23,4,22.799999999999997,5.699999999999999,8.02,1
30.0,73.125,2024-04-24,2,12.41,6.205,9.24,1
30.0,73.125,2024-04-25,1,4.44,4.44,4.44,1
30.0,73.125,2024-04-26,4,16.94,4.235,6.19,1
30.0,73.125,2024-04-27,15,64.91,4.327333333333333,10.01,1
30.0,73.125,2024-04-28,2,16.03,8.015,9.78,1
30.0,73.125,2024-04-29,8,50.93,6.36625,19.22,1
30.0,73.125,2024-04-30,1,3.33,3.33,3.33,1
30.0,73.125,2024-05-01,13,129.91,9.993076923076924,62.85,1
30.0,73.125,2024-05-02,20,98.84,4.942,10.75,1
30.0,73.125,2024-05-04,13,85.41,6.569999999999999,24.33,1
30.0,73.125,2024-05-05,1,13.41,13.41,13.41,1
30.0,73.125,2024-05-06,8,48.91,6.11375,13.24,1
30.0,73.125,2024-05-07,5,17.26,3.4520000000000004,4.44,1
30.0,73.125,2024-05-08,11,73.31,6.664545454545455,8.74,1
30.0,73.125,2024-05-09,3,20.76,6.920000000000001,7.9,1
30.0,73.125,2024-05-10,1,8.16,8.16,8.16,1
30.0,73.125,2024-05-12,6,32.59,5.4316666666666675,11.07,1
30.0,73.125,2024-05-13,5,22.06,4.412,8.36,1
30.0,73.125,2024-05-14,9,42.96,4.773333333333333,8.5,1
30.0,73.125,2024-05-15,3,33.519999999999996,11.173333333333332,13.7,1
30.0,73.125,2024-05-20,2,20.86,10.43,11.13,1
30.0,73.125,2024-05-29,1,3.05,3.05,3.05,1
30.0,73.125,2024-06-10,1,4.55,4.55,4.55,1
30.0,73.125,2024-06-12,1,2.13,2.13,2.13,1
30.0,73.125,2024-06-13,2,5.28,2.64,2.66,1
30.0,73.125,2024-06-14,2,2.79,1.395,1.51,1
30.0,73.125,2024-06-15,2,11.69,5.845,6.88,1
30.0,73.125,2024-06-19,3,14.549999999999999,4.85,10.37,1
30.0,73.125,2024-06-23,1,3.81,3.81,3.81,1
30.0,73.125,2024-06-25,2,10.459999999999999,5.2299999999999995,8.28,1
30.0,73.125,2024-06-26,9,28.56,3.1733333333333333,4.59,1
30.0,73.125,2024-06-28,6,22.419999999999998,3.7366666666666664,6.49,1
30.0,73.125,2024-06-29,3,13.14,4.38,5.31,1
30.0,73.125,2024-06-30,4,10.79,2.6975,3.41,1
30.0,73.125,2024-07-01,1,4.64,4.64,4.64,1
30.0,73.125,2024-07-02,1,0.51,0.51,0.51,1
30.0,73.125,2024-07-04,3,14.73,4.91,6.22,1
30.0,73.125,2024-07-07,1,2.24,2.24,2.24,1
30.0,73.125,2024-07-09,9,51.980000000000004,5.775555555555556,10.68,1
30.0,73.125,2024-07-17,2,8.84,4.42,5.75,1
30.0,73.125,2024-07-22,3,12.02,4.006666666666667,5.61,1
30.0,73.125,2024-07-23,3,7.95,2.65,3.06,1
30.0,73.125,2024-07-30,5,20.54,4.108,7.26,1
30.0,73.125,2024-07-31,4,17.47,4.3675,7.4,1
30.0,73.125,2024-08-03,1,1.47,1.47,1.47,1
30.0,73.125,2024-08-05,2,9.08,4.54,4.79,1
30.0,73.125,2024-08-07,1,4.4,4.4,4.4,1
30.0,73.125,2024-08-08,5,16.33,3.2659999999999996,5.22,1
30.0,73.125,2024-08-10,11,74.11,6.737272727272727,11.58,1
30.0,73.125,2024-08-13,2,5.109999999999999,2.5549999999999997,2.6,1
30.0,73.125,2024-08-14,1,3.93,3.93,3.93,1
30.0,73.125,2024-08-18,1,4.81,4.81,4.81,1
30.0,73.125,2024-08-19,6,13.75,2.2916666666666665,2.88,1
30.0,73.125,2024-08-20,5,15.88,3.176,5.16,1
30.0,73.125,2024-08-21,5,28.560000000000002,5.712000000000001,10.16,1
30.0,73.125,2024-08-22,3,16.0,5.333333333333333,6.32,1
30.0,73.125,2024-08-23,3,18.22,6.073333333333333,7.92,1
30.0,73.125,2024-08-24,13,50.93,3.917692307692308,6.75,1
30.0,73.125,2024-08-25,2,4.8100000000000005,2.4050000000000002,2.41,1
30.0,73.125,2024-08-26,3,9.65,3.216666666666667,3.65,1
30.0,73.125,2024-09-04,4,13.43,3.3575,6.09,1
30.0,73.125,2024-09-06,1,3.13,3.13,3.13,1
30.0,73.125,2024-09-10,1,20.0,20.0,20.0,1
30.0,73.125,2024-09-11,10,68.55,6.8549999999999995,12.89,1
30.0,73.125,2024-09-12,5,27.53,5.506,8.85,1
30.0,73.125,2024-09-14,2,21.03,10.515,17.1,1
30.0,73.125,2024-09-15,1,7.33,7.33,7.33,1
30.0,73.125,2024-09-16,2,18.15,9.075,10.34,1
30.0,73.125,2024-09-18,1,5.21,5.21,5.21,1
30.0,73.125,2024-09-20,5,20.03,4.006,5.08,1
30.0,73.125,2024-09-22,2,17.22,8.61,11.93,1
30.0,73.125,2024-09-23,2,24.9,12.45,13.11,1
30.0,73.125,2024-09-24,1,4.48,4.48,4.48,1
30.0,73.125,2024-09-25,1,3.73,3.73,3.73,1
30.0,73.125,2024-10-03,1,2.45,2.45,2.45,1
30.0,73.125,2024-10-04,1,2.05,2.05,2.05,1
30.0,73.125,2024-10-05,1,2.78,2.78,2.78,1
30.0,73.125,2024-10-06,3,7.61,2.5366666666666666,2.87,1
30.0,73.125,2024-10-07,2,8.32,4.16,4.16,1
30.0,73.125,2024-10-09,8,58.66,7.3325,12.31,1
30.0,73.125,2024-10-10,2,6.58,3.29,4.47,1
30.0,73.125,2024-10-11,3,7.720000000000001,2.5733333333333337,3.16,1
30.0,73.125,2024-10-12,7,30.48,4.354285714285714,7.88,1
30.0,73.125,2024-10-13,3,19.599999999999998,6.533333333333332,8.17,1
30.0,73.125,2024-10-15,3,12.99,4.33,5.99,1
30.0,73.125,2024-10-16,9,38.25,4.25,5.9,1
30.0,73.125,2024-10-17,4,41.19,10.2975,27.21,1
30.0,73.125,2024-10-18,4,28.939999999999998,7.234999999999999,16.63,1
30.0,73.125,2024-10-19,2,13.97,6.985,12.49,1
30.0,73.125,2024-10-20,5,17.07,3.414,6.72,1
30.0,73.125,2024-10-21,7,68.78999999999999,9.827142857142857,33.15,1
30.0,73.125,2024-10-22,3,11.969999999999999,3.9899999999999998,4.77,1
30.0,73.125,2024-10-23,4,37.67,9.4175,15.0,1
30.0,73.125,2024-10-24,4,21.53,5.3825,6.01,1
30.0,73.125,2024-10-26,3,15.51,5.17,7.47,1
30.0,73.125,2024-10-27,10,35.21,3.521,5.55,1
30.0,73.125,2024-10-28,4,14.65,3.6625,7.21,1
30.0,73.125,2024-10-29,4,14.97,3.7425,5.07,1
30.0,73.125,2024-10-30,2,17.9,8.95,8.95,1
30.0,73.125,2024-10-31,2,13.4,6.7,7.04,1
30.0,73.125,2024-11-01,7,34.39,4.912857142857143,13.47,1
30.0,73.125,2024-11-02,7,38.06,5.437142857142858,17.38,1
30.0,73.125,2024-11-07,5,30.040000000000003,6.008000000000001,13.13,1
30.0,73.125,2024-11-08,7,26.3,3.757142857142857,6.24,1
30.0,73.125,2024-11-11,1,3.48,3.48,3.48,1
30.0,73.125,2024-11-12,1,4.49,4.49,4.49,1
30.0,73.125,2024-11-15,1,2.33,2.33,2.33,1
30.0,73.125,2024-11-17,3,14.200000000000001,4.733333333333333,6.98,1
30.0,73.125,2024-11-18,11,37.74,3.430909090909091,8.92,1
30.0,73.125,2024-11-19,2,6.34,3.17,4.75,1
30.0,73.125,2024-11-20,2,4.88,2.44,2.58,1
30.0,73.125,2024-11-21,10,41.22,4.122,7.87,1
30.0,73.125,2024-11-22,2,8.47,4.235,4.82,1
30.0,73.125,2024-11-23,1,3.5,3.5,3.5,1
30.0,73.125,2024-11-24,1,2.63,2.63,2.63,1
30.0,73.125,2024-11-27,5,16.23,3.246,6.34,1
30.0,73.125,2024-11-28,4,9.65,2.4125,3.41,1
30.0,73.125,2024-11-29,2,20.17,10.085,15.56,1
30.0,73.125,2024-11-30,2,7.49,3.745,4.68,1
30.0,73.125,2024-12-03,1,5.15,5.15,5.15,1
30.0,73.125,2024-12-04,1,1.11,1.11,1.11,1
30.0,73.125,2024-12-06,1,1.09,1.09,1.09,1
30.0,73.125,2025-01-15,1,3.77,3.77,3.77,1
30.0,73.125,2025-01-16,1,1.55,1.55,1.55,1
30.0,73.125,2025-01-30,1,1.99,1.99,1.99,1
30.0,73.125,2025-01-31,1,2.94,2.94,2.94,1
30.0,73.125,2025-02-07,1,4.73,4.73,4.73,1
30.0,73.125,2025-02-24,1,3.48,3.48,3.48,1
30.0,73.125,2025-03-05,1,6.49,6.49,6.49,1
30.0,73.125,2025-04-05,1,6.81,6.81,6.81,1
30.0,73.125,2025-04-13,2,4.52,2.26,2.69,1
30.0,73.125,2025-04-14,1,18.93,18.93,18.93,1
30.0,73.125,2025-04-15,1,3.95,3.95,3.95,1
30.0,73.125,2025-04-16,5,32.82,6.564,10.18,1
30.0,73.125,2025-04-18,1,5.03,5.03,5.03,1
30.0,73.125,2025-04-19,2,8.88,4.44,4.44,1
30.0,73.125,2025-04-20,4,12.91,3.2275,4.9,1
30.0,73.125,2025-04-21,7,163.82999999999998,23.404285714285713,68.82,1
30.0,73.125,2025-04-22,2,122.31,61.155,121.52,1
30.0,73.125,2025-04-23,4,39.57,9.8925,19.07,1
30.0,73.125,2025-04-24,18,168.33,9.351666666666667,24.63,1
30.0,73.125,2025-04-25,5,35.49,7.098000000000001,12.38,1
30.0,73.125,2025-04-26,4,33.86,8.465,13.95,1
30.0,73.125,2025-04-27,4,26.650000000000002,6.6625000000000005,17.01,1
30.0,73.125,2025-04-28,2,18.06,9.03,12.76,1
30.0,73.125,2025-04-29,13,45.39,3.4915384615384615,5.37,1
30.0,73.125,2025-04-30,18,101.25,5.625,16.5,1
30.0,73.125,2025-05-01,6,58.73,9.788333333333332,19.04,1
30.0,73.125,2025-05-02,10,30.08,3.008,4.85,1
30.0,73.125,2025-05-04,2,1.74,0.87,1.01,1
30.0,73.125,2025-05-06,2,4.47,2.235,3.01,1
30.0,73.125,2025-05-07,9,59.52,6.613333333333333,12.15,1
30.0,73.125,2025-05-09,1,3.38,3.38,3.38,1
30.0,73.125,2025-05-10,2,7.18,3.59,4.85,1
30.0,73.125,2025-05-11,2,11.8,5.9,7.47,1
30.0,73.125,2025-05-12,8,121.22,15.1525,42.32,1
30.0,73.125,2025-05-14,1,6.83,6.83,6.83,1
30.0,73.125,2025-05-15,5,26.25,5.25,6.52,1
30.0,73.125,2025-05-16,2,12.39,6.195,6.99,1
30.0,73.125,2025-05-17,1,3.96,3.96,3.96,1
30.0,73.125,2025-05-18,1,10.35,10.35,10.35,1
30.0,73.125,2025-05-22,2,21.23,10.615,14.91,1
30.0,73.125,2025-05-28,3,11.39,3.796666666666667,5.19,1
30.0,73.125,2025-05-31,1,1.86,1.86,1.86,1
30.0,73.125,2025-06-01,6,19.15,3.1916666666666664,4.06,1
30.0,73.125,2025-06-02,8,26.310000000000002,3.2887500000000003,5.74,1
30.0,73.125,2025-06-06,1,4.67,4.67,4.67,1
30.0,73.125,2025-06-07,2,9.91,4.955,5.68,1
30.0,73.125,2025-06-08,4,45.53,11.3825,21.49,1
30.0,73.125,2025-06-10,6,59.67,9.945,15.17,1
30.0,73.125,2025-06-11,8,36.25,4.53125,7.68,1
30.0,73.125,2025-06-12,7,51.8,7.3999999999999995,11.64,1
30.0,73.125,2025-06-13,1,4.37,4.37,4.37,1
30.0,73.125,2025-06-18,14,61.36,4.382857142857143,9.55,1
30.0,73.125,2025-06-21,8,25.1,3.1375,5.11,1
30.0,73.125,2025-06-23,2,8.54,4.27,4.75,1
30.0,73.125,2025-06-24,12,165.8,13.816666666666668,62.46,1
30.0,73.125,2025-06-28,2,26.28,13.14,13.14,1
30.0,73.125,2025-06-29,5,25.700000000000003,5.140000000000001,5.98,1
30.0,73.125,2025-07-01,6,36.79,6.131666666666667,11.69,1
30.0,73.125,2025-07-02,7,29.15,4.164285714285714,5.51,1
30.0,73.125,2025-07-03,5,26.0,5.2,7.69,1
30.0,73.125,2025-07-04,8,37.54,4.6925,6.33,1
30.0,73.125,2025-07-26,1,4.21,4.21,4.21,1
30.0,73.125,2025-08-05,1,7.88,7.88,7.88,1
30.0,73.125,2025-08-06,6,25.89,4.315,12.27,1
30.0,73.125,2025-08-07,3,9.63,3.2100000000000004,3.81,1
30.0,73.125,2025-08-08,1,9.45,9.45,9.45,1
30.0,73.125,2025-08-09,2,9.899999999999999,4.949999999999999,5.35,1
30.0,73.125,2025-08-10,1,17.09,17.09,17.09,1
30.0,73.125,2025-08-11,1,2.05,2.05,2.05,1
30.0,73.125,2025-08-20,1,2.88,2.88,2.88,1
30.0,73.125,2025-08-21,1,2.11,2.11,2.11,1
30.0,73.125,2025-09-17,1,5.41,5.41,5.41,1
30.0,73.125,2025-09-28,2,38.46,19.23,27.01,1
30.0,73.125,2025-09-29,2,6.39,3.195,3.32,1
30.0,73.125,2025-09-30,1,2.06,2.06,2.06,1
30.0,73.125,2025-10-01,1,2.0,2.0,2.0,1
30.0,73.125,2025-10-02,1,3.62,3.62,3.62,1
30.0,73.125,2025-10-03,3,10.1,3.3666666666666667,4.63,1
30.0,73.125,2025-10-04,4,10.84,2.71,2.82,1
30.0,73.125,2025-10-05,5,45.989999999999995,9.197999999999999,21.23,1
30.0,73.125,2025-10-08,2,10.6,5.3,5.43,1
30.0,73.125,2025-10-09,6,22.2,3.6999999999999997,6.31,1
30.0,73.125,2025-10-10,7,27.32,3.902857142857143,5.83,1
30.0,73.125,2025-10-12,8,27.3,3.4125,5.06,1
30.0,73.125,2025-10-13,3,17.240000000000002,5.746666666666667,8.15,1
30.0,73.125,2025-10-14,10,70.24,7.023999999999999,13.84,1
30.0,73.125,2025-10-15,4,10.89,2.7225,3.21,1
30.0,73.125,2025-10-16,14,88.6,6.328571428571428,11.71,1
30.0,73.125,2025-10-17,5,18.37,3.6740000000000004,5.82,1
30.0,73.125,2025-10-18,3,34.6,11.533333333333333,13.72,1
30.0,73.125,2025-10-19,11,50.370000000000005,4.579090909090909,6.73,1
30.0,73.125,2025-10-20,11,50.94,4.630909090909091,10.54,1
30.0,73.125,2025-10-22,5,18.34,3.668,7.24,1
30.0,73.125,2025-10-23,7,37.58,5.368571428571428,8.56,1
30.0,73.125,2025-10-24,9,84.22,9.357777777777777,20.49,1
30.0,73.125,2025-10-25,5,32.39,6.478,12.79,1
30.0,73.125,2025-10-26,6,19.91,3.3183333333333334,5.19,1
30.0,73.125,2025-10-27,3,19.92,6.640000000000001,12.39,1
30.0,73.125,2025-10-28,6,40.04,6.673333333333333,11.12,1
30.0,73.125,2025-10-29,9,43.26,4.806666666666667,10.4,1
30.0,73.125,2025-10-30,7,76.61,10.944285714285714,27.77,1
30.0,73.125,2025-10-31,13,63.09,4.853076923076923,16.8,1
30.0,73.125,2025-11-01,7,41.16,5.88,10.93,1
30.0,73.125,2025-11-02,4,9.7,2.425,2.92,1
30.0,73.125,2025-11-03,8,50.31,6.28875,16.06,1
30.0,73.125,2025-11-04,7,30.84,4.405714285714286,8.37,1
30.0,73.125,2025-11-05,16,53.82,3.36375,13.14,1
30.0,73.125,2025-11-06,6,29.05,4.841666666666667,7.02,1
30.0,73.125,2025-11-07,4,7.1899999999999995,1.7974999999999999,2.55,1
30.0,73.125,2025-11-08,6,20.66,3.4433333333333334,5.67,1
30.0,73.125,2025-11-09,8,64.42999999999999,8.053749999999999,22.07,1
30.0,73.125,2025-11-10,8,18.5,2.3125,3.77,1
30.0,73.125,2025-11-11,4,19.96,4.99,8.25,1
30.0,73.125,2025-11-14,6,34.38,5.73,8.3,1
30.0,73.125,2025-11-15,8,29.3,3.6625,7.32,1
30.0,73.125,2025-11-16,3,6.0,2.0,2.74,1
30.0,73.125,2025-11-21,1,3.99,3.99,3.99,1
30.0,73.125,2025-11-24,1,4.53,4.53,4.53,1
30.0,73.125,2025-11-26,1,2.59,2.59,2.59,1
30.0,73.125,2025-11-27,1,4.12,4.12,4.12,1
30.0,73.125,2025-11-28,1,6.04,6.04,6.04,1
30.0,73.125,2025-12-03,2,7.8100000000000005,3.9050000000000002,4.2,1
30.0,73.125,2025-12-07,2,7.550000000000001,3.7750000000000004,5.44,1
30.0,73.75,2023-01-26,2,10.02,5.01,8.53,1
30.0,73.75,2023-01-28,1,12.11,12.11,12.11,1
30.0,73.75,2023-02-01,1,2.16,2.16,2.16,1
30.0,73.75,2023-02-05,1,4.07,4.07,4.07,1
30.0,73.75,2023-02-06,2,14.75,7.375,12.14,1
30.0,73.75,2023-02-15,1,8.96,8.96,8.96,1
30.0,73.75,2023-03-05,1,2.17,2.17,2.17,1
30.0,73.75,2023-03-27,2,4.8,2.4,3.33,1
30.0,73.75,2023-03-29,1,5.63,5.63,5.63,1
30.0,73.75,2023-04-17,1,2.94,2.94,2.94,1
30.0,73.75,2023-04-18,2,6.09,3.045,4.78,1
30.0,73.75,2023-04-19,1,2.02,2.02,2.02,1
30.0,73.75,2023-04-21,2,6.109999999999999,3.0549999999999997,3.06,1
30.0,73.75,2023-04-23,7,36.26,5.18,15.67,1
30.0,73.75,2023-04-24,16,58.88,3.68,7.26,1
30.0,73.75,2023-04-25,7,26.7,3.814285714285714,6.41,1
30.0,73.75,2023-04-26,4,12.06,3.015,4.99,1
30.0,73.75,2023-04-27,2,6.640000000000001,3.3200000000000003,3.37,1
30.0,73.75,2023-04-29,1,3.15,3.15,3.15,1
30.0,73.75,2023-04-30,2,7.77,3.885,4.5,1
30.0,73.75,2023-05-03,1,3.16,3.16,3.16,1
30.0,73.75,2023-05-04,25,118.98,4.7592,17.4,1
30.0,73.75,2023-05-05,12,34.12,2.8433333333333333,5.03,1
30.0,73.75,2023-05-06,17,83.88,4.934117647058823,8.03,1
30.0,73.75,2023-05-07,12,89.91,7.4925,14.23,1
30.0,73.75,2023-05-08,4,24.41,6.1025,14.28,1
30.0,73.75,2023-05-09,7,65.55,9.364285714285714,18.33,1
30.0,73.75,2023-05-10,17,90.41,5.318235294117647,13.05,1
30.0,73.75,2023-05-11,6,45.15,7.5249999999999995,10.08,1
30.0,73.75,2023-05-12,3,30.74,10.246666666666666,10.7,1
30.0,73.75,2023-05-13,4,37.61,9.4025,12.28,1
30.0,73.75,2023-05-15,1,6.92,6.92,6.92,1
30.0,73.75,2023-05-16,4,12.370000000000001,3.0925000000000002,3.77,1
30.0,73.75,2023-05-17,3,31.45,10.483333333333333,14.1,1
30.0,73.75,2023-05-21,2,8.12,4.06,5.64,1
30.0,73.75,2023-06-19,2,3.3,1.65,1.99,1
30.0,73.75,2023-07-07,1,3.67,3.67,3.67,1
30.0,73.75,2023-07-12,1,3.76,3.76,3.76,1
30.0,73.75,2023-08-05,3,18.01,6.003333333333334,10.59,1
30.0,73.75,2023-08-06,2,11.26,5.63,7.85,1
30.0,73.75,2023-09-01,1,1.41,1.41,1.41,1
30.0,73.75,2023-09-10,1,2.93,2.93,2.93,1
30.0,73.75,2023-09-22,1,4.62,4.62,4.62,1
30.0,73.75,2023-10-01,1,2.27,2.27,2.27,1
30.0,73.75,2023-10-05,1,3.58,3.58,3.58,1
30.0,73.75,2023-10-09,2,8.11,4.055,4.76,1
30.0,73.75,2023-10-10,1,8.15,8.15,8.15,1
30.0,73.75,2023-10-11,1,2.19,2.19,2.19,1
30.0,73.75,2023-10-13,2,10.77,5.385,6.42,1
30.0,73.75,2023-10-14,2,5.84,2.92,3.57,1
30.0,73.75,2023-10-15,7,18.47,2.6385714285714283,3.85,1
30.0,73.75,2023-10-23,1,3.15,3.15,3.15,1
30.0,73.75,2023-10-24,1,8.68,8.68,8.68,1
30.0,73.75,2023-10-29,4,20.53,5.1325,6.9,1
30.0,73.75,2023-10-30,2,10.280000000000001,5.140000000000001,5.82,1
30.0,73.75,2023-10-31,6,26.25,4.375,8.73,1
30.0,73.75,2023-11-01,4,23.79,5.9475,9.1,1
30.0,73.75,2023-11-03,1,2.34,2.34,2.34,1
30.0,73.75,2023-11-04,1,5.28,5.28,5.28,1
30.0,73.75,2023-11-05,4,10.49,2.6225,3.36,1
30.0,73.75,2023-11-07,3,19.05,6.3500000000000005,7.15,1
30.0,73.75,2023-11-09,1,4.73,4.73,4.73,1
30.0,73.75,2023-11-10,2,7.029999999999999,3.5149999999999997,4.55,1
30.0,73.75,2023-11-11,1,1.72,1.72,1.72,1
30.0,73.75,2023-11-12,2,8.7,4.35,5.05,1
30.0,73.75,2023-11-13,4,14.74,3.685,4.61,1
30.0,73.75,2023-11-14,2,6.95,3.475,4.45,1
30.0,73.75,2023-11-15,2,5.92,2.96,4.01,1
30.0,73.75,2023-11-16,3,12.42,4.14,5.31,1
30.0,73.75,2023-11-17,1,3.36,3.36,3.36,1
30.0,73.75,2023-11-18,1,37.02,37.02,37.02,1
30.0,73.75,2023-11-19,5,20.310000000000002,4.062,9.75,1
30.0,73.75,2023-11-20,6,27.07,4.511666666666667,8.46,1
30.0,73.75,2023-11-21,7,24.64,3.52,6.0,1
30.0,73.75,2023-11-22,1,9.51,9.51,9.51,1
30.0,73.75,2023-11-23,3,14.77,4.923333333333333,7.65,1
30.0,73.75,2023-11-24,2,13.280000000000001,6.640000000000001,6.8,1
30.0,73.75,2023-11-25,4,28.09,7.0225,16.71,1
30.0,73.75,2023-11-26,2,6.74,3.37,3.41,1
30.0,73.75,2023-11-30,2,6.3100000000000005,3.1550000000000002,3.38,1
30.0,73.75,2023-12-03,1,2.2,2.2,2.2,1
30.0,73.75,2023-12-13,1,1.78,1.78,1.78,1
30.0,73.75,2023-12-26,2,3.34,1.67,2.02,1
30.0,73.75,2024-01-06,3,13.45,4.483333333333333,4.8,1
30.0,73.75,2024-01-10,1,2.26,2.26,2.26,1
30.0,73.75,2024-01-27,6,40.5,6.75,9.63,1
30.0,73.75,2024-02-08,1,1.92,1.92,1.92,1
30.0,73.75,2024-02-09,1,2.04,2.04,2.04,1
30.0,73.75,2024-02-10,1,5.32,5.32,5.32,1
30.0,73.75,2024-02-11,3,8.98,2.9933333333333336,4.32,1
30.0,73.75,2024-02-13,2,11.01,5.505,5.93,1
30.0,73.75,2024-02-15,1,8.73,8.73,8.73,1
30.0,73.75,2024-02-16,2,6.529999999999999,3.2649999999999997,3.98,1
30.0,73.75,2024-02-21,1,4.45,4.45,4.45,1
30.0,73.75,2024-02-22,1,2.81,2.81,2.81,1
30.0,73.75,2024-02-23,2,7.23,3.615,4.45,1
30.0,73.75,2024-02-25,2,9.49,4.745,6.79,1
30.0,73.75,2024-02-28,2,19.32,9.66,13.55,1
30.0,73.75,2024-02-29,1,4.26,4.26,4.26,1
30.0,73.75,2024-03-01,3,10.1,3.3666666666666667,4.47,1
30.0,73.75,2024-03-04,1,1.85,1.85,1.85,1
30.0,73.75,2024-03-12,1,6.25,6.25,6.25,1
30.0,73.75,2024-03-15,2,6.300000000000001,3.1500000000000004,3.99,1
30.0,73.75,2024-03-17,1,6.6,6.6,6.6,1
30.0,73.75,2024-03-18,2,6.29,3.145,3.31,1
30.0,73.75,2024-03-23,1,1.7,1.7,1.7,1
30.0,73.75,2024-03-24,2,9.879999999999999,4.9399999999999995,6.85,1
30.0,73.75,2024-03-31,1,4.32,4.32,4.32,1
30.0,73.75,2024-04-21,1,9.08,9.08,9.08,1
30.0,73.75,2024-04-23,1,6.43,6.43,6.43,1
30.0,73.75,2024-04-26,4,19.89,4.9725,9.53,1
30.0,73.75,2024-04-27,6,25.0,4.166666666666667,7.81,1
30.0,73.75,2024-04-28,4,17.95,4.4875,5.98,1
30.0,73.75,2024-04-29,12,36.58,3.0483333333333333,3.66,1
30.0,73.75,2024-05-01,10,53.8,5.38,11.67,1
30.0,73.75,2024-05-02,17,207.98,12.234117647058824,24.36,1
30.0,73.75,2024-05-04,15,68.19,4.546,10.17,1
30.0,73.75,2024-05-06,12,113.67,9.4725,15.55,1
30.0,73.75,2024-05-07,26,191.0,7.346153846153846,14.24,1
30.0,73.75,2024-05-08,10,70.82,7.081999999999999,12.34,1
30.0,73.75,2024-05-09,4,28.299999999999997,7.074999999999999,11.61,1
30.0,73.75,2024-05-10,4,32.96,8.24,11.64,1
30.0,73.75,2024-05-11,7,53.49,7.6414285714285715,12.31,1
30.0,73.75,2024-05-12,12,81.28999999999999,6.774166666666666,23.84,1
30.0,73.75,2024-05-13,10,62.24,6.224,11.65,1
30.0,73.75,2024-05-14,5,27.869999999999997,5.574,8.01,1
30.0,73.75,2024-05-15,16,159.12,9.945,23.03,1
30.0,73.75,2024-05-17,4,28.12,7.03,9.8,1
30.0,73.75,2024-05-18,3,13.45,4.483333333333333,5.56,1
30.0,73.75,2024-05-19,1,13.0,13.0,13.0,1
30.0,73.75,2024-05-22,1,4.35,4.35,4.35,1
30.0,73.75,2024-05-23,8,71.5,8.9375,18.39,1
30.0,73.75,2024-05-25,1,5.78,5.78,5.78,1
30.0,73.75,2024-05-28,3,44.2,14.733333333333334,21.3,1
30.0,73.75,2024-05-29,2,18.009999999999998,9.004999999999999,13.29,1
30.0,73.75,2024-06-13,2,14.56,7.28,7.28,1
30.0,73.75,2024-06-14,3,16.27,5.423333333333333,7.25,1
30.0,73.75,2024-06-29,1,3.26,3.26,3.26,1
30.0,73.75,2024-07-01,1,7.63,7.63,7.63,1
30.0,73.75,2024-07-02,1,4.57,4.57,4.57,1
30.0,73.75,2024-08-03,2,5.22,2.61,2.61,1
30.0,73.75,2024-08-05,1,3.36,3.36,3.36,1
30.0,73.75,2024-08-08,3,15.77,5.256666666666667,6.84,1
30.0,73.75,2024-08-10,1,3.29,3.29,3.29,1
30.0,73.75,2024-08-14,1,1.91,1.91,1.91,1
30.0,73.75,2024-08-19,1,2.39,2.39,2.39,1
30.0,73.75,2024-08-25,1,8.07,8.07,8.07,1
30.0,73.75,2024-08-26,1,13.77,13.77,13.77,1
30.0,73.75,2024-09-08,1,5.05,5.05,5.05,1
30.0,73.75,2024-09-14,2,4.5600000000000005,2.2800000000000002,2.94,1
30.0,73.75,2024-09-15,1,2.49,2.49,2.49,1
30.0,73.75,2024-09-21,1,1.96,1.96,1.96,1
30.0,73.75,2024-09-22,1,2.87,2.87,2.87,1
30.0,73.75,2024-09-23,1,3.56,3.56,3.56,1
30.0,73.75,2024-09-25,1,56.22,56.22,56.22,1
30.0,73.75,2024-09-30,2,18.38,9.19,9.19,1
30.0,73.75,2024-10-01,4,12.45,3.1125,4.96,1
30.0,73.75,2024-10-03,3,9.21,3.0700000000000003,3.54,1
30.0,73.75,2024-10-07,2,11.4,5.7,5.78,1
30.0,73.75,2024-10-11,2,7.15,3.575,4.43,1
30.0,73.75,2024-10-12,2,13.01,6.505,11.44,1
30.0,73.75,2024-10-13,3,6.85,2.283333333333333,2.55,1
30.0,73.75,2024-10-14,2,3.99,1.995,2.71,1
30.0,73.75,2024-10-15,2,6.9399999999999995,3.4699999999999998,3.82,1
30.0,73.75,2024-10-17,1,2.39,2.39,2.39,1
30.0,73.75,2024-10-19,6,16.64,2.7733333333333334,4.95,1
30.0,73.75,2024-10-20,2,7.23,3.615,3.76,1
30.0,73.75,2024-10-21,1,8.0,8.0,8.0,1
30.0,73.75,2024-10-22,2,5.83,2.915,3.04,1
30.0,73.75,2024-10-24,1,4.92,4.92,4.92,1
30.0,73.75,2024-10-25,6,23.03,3.8383333333333334,4.87,1
30.0,73.75,2024-10-26,2,11.559999999999999,5.779999999999999,9.87,1
30.0,73.75,2024-10-27,2,5.28,2.64,3.33,1
30.0,73.75,2024-10-28,1,2.94,2.94,2.94,1
30.0,73.75,2024-11-01,3,13.559999999999999,4.52,5.56,1
30.0,73.75,2024-11-02,8,51.93000000000001,6.491250000000001,18.6,1
30.0,73.75,2024-11-07,7,50.05,7.1499999999999995,18.4,1
30.0,73.75,2024-11-08,1,3.34,3.34,3.34,1
30.0,73.75,2024-11-09,1,1.17,1.17,1.17,1
30.0,73.75,2024-11-17,5,24.56,4.912,6.34,1
30.0,73.75,2024-11-18,7,22.28,3.182857142857143,10.28,1
30.0,73.75,2024-11-19,4,18.880000000000003,4.720000000000001,6.15,1
30.0,73.75,2024-11-20,1,2.12,2.12,2.12,1
30.0,73.75,2024-11-21,2,6.359999999999999,3.1799999999999997,3.9,1
30.0,73.75,2024-11-22,5,17.89,3.5780000000000003,4.8,1
30.0,73.75,2024-11-23,4,13.45,3.3625,4.77,1
30.0,73.75,2024-11-24,2,6.61,3.305,3.41,1
30.0,73.75,2024-11-26,3,15.05,5.016666666666667,7.09,1
30.0,73.75,2024-11-28,3,11.2,3.733333333333333,5.41,1
30.0,73.75,2024-11-29,2,7.93,3.965,4.5,1
30.0,73.75,2024-12-03,1,4.79,4.79,4.79,1
30.0,73.75,2024-12-08,2,5.76,2.88,3.19,1
30.0,73.75,2024-12-15,2,3.8200000000000003,1.9100000000000001,2.06,1
30.0,73.75,2024-12-24,1,1.89,1.89,1.89,1
30.0,73.75,2025-01-10,2,4.73,2.365,2.48,1
30.0,73.75,2025-01-15,1,3.42,3.42,3.42,1
30.0,73.75,2025-01-20,1,4.05,4.05,4.05,1
30.0,73.75,2025-01-21,1,1.98,1.98,1.98,1
30.0,73.75,2025-01-27,1,2.45,2.45,2.45,1
30.0,73.75,2025-01-28,1,4.02,4.02,4.02,1
30.0,73.75,2025-02-03,1,1.17,1.17,1.17,1
30.0,73.75,2025-02-22,1,1.36,1.36,1.36,1
30.0,73.75,2025-02-23,1,38.29,38.29,38.29,1
30.0,73.75,2025-02-25,1,1.99,1.99,1.99,1
30.0,73.75,2025-03-02,1,2.94,2.94,2.94,1
30.0,73.75,2025-03-08,1,2.83,2.83,2.83,1
30.0,73.75,2025-03-18,1,3.65,3.65,3.65,1
30.0,73.75,2025-03-26,1,2.97,2.97,2.97,1
30.0,73.75,2025-03-29,1,2.53,2.53,2.53,1
30.0,73.75,2025-04-12,1,2.65,2.65,2.65,1
30.0,73.75,2025-04-13,1,3.58,3.58,3.58,1
30.0,73.75,2025-04-16,2,18.11,9.055,11.92,1
30.0,73.75,2025-04-18,1,3.84,3.84,3.84,1
30.0,73.75,2025-04-20,4,37.29,9.3225,23.84,1
30.0,73.75,2025-04-21,2,17.380000000000003,8.690000000000001,16.78,1
30.0,73.75,2025-04-24,2,7.14,3.57,3.57,1
30.0,73.75,2025-04-25,4,28.58,7.145,10.06,1
30.0,73.75,2025-04-26,9,41.89,4.654444444444445,11.26,1
30.0,73.75,2025-04-28,2,17.810000000000002,8.905000000000001,9.67,1
30.0,73.75,2025-04-29,15,74.6,4.973333333333333,10.77,1
30.0,73.75,2025-04-30,6,18.42,3.0700000000000003,9.65,1
30.0,73.75,2025-05-01,14,63.65,4.546428571428572,12.58,1
30.0,73.75,2025-05-02,20,100.11,5.0055,15.68,1
30.0,73.75,2025-05-04,2,15.34,7.67,9.37,1
30.0,73.75,2025-05-05,2,3.59,1.795,1.92,1
30.0,73.75,2025-05-06,6,30.78,5.13,7.21,1
30.0,73.75,2025-05-07,20,185.96,9.298,22.92,1
30.0,73.75,2025-05-09,2,5.699999999999999,2.8499999999999996,3.19,1
30.0,73.75,2025-05-10,18,66.67,3.703888888888889,6.33,1
30.0,73.75,2025-05-11,4,30.48,7.62,10.91,1
30.0,73.75,2025-05-12,10,98.9,9.89,17.16,1
30.0,73.75,2025-05-13,1,5.22,5.22,5.22,1
30.0,73.75,2025-05-14,4,45.14,11.285,18.39,1
30.0,73.75,2025-05-15,7,56.81,8.115714285714287,14.19,1
30.0,73.75,2025-05-16,8,41.480000000000004,5.1850000000000005,9.05,1
30.0,73.75,2025-05-17,3,15.3,5.1000000000000005,7.01,1
30.0,73.75,2025-05-18,3,34.35,11.450000000000001,13.19,1
30.0,73.75,2025-05-20,2,31.53,15.765,17.06,1
30.0,73.75,2025-05-21,3,20.009999999999998,6.669999999999999,11.2,1
30.0,73.75,2025-05-23,2,10.67,5.335,8.89,1
30.0,73.75,2025-05-27,1,0.61,0.61,0.61,1
30.0,73.75,2025-06-02,1,4.73,4.73,4.73,1
30.0,73.75,2025-06-10,1,13.18,13.18,13.18,1
30.0,73.75,2025-06-13,1,7.13,7.13,7.13,1
30.0,73.75,2025-06-18,1,5.21,5.21,5.21,1
30.0,73.75,2025-06-24,2,16.08,8.04,8.04,1
30.0,73.75,2025-07-04,1,1.54,1.54,1.54,1
30.0,73.75,2025-07-28,1,2.49,2.49,2.49,1
30.0,73.75,2025-08-06,1,2.94,2.94,2.94,1
30.0,73.75,2025-10-04,2,6.21,3.105,4.66,1
30.0,73.75,2025-10-09,1,3.55,3.55,3.55,1
30.0,73.75,2025-10-10,1,3.67,3.67,3.67,1
30.0,73.75,2025-10-12,5,14.67,2.934,4.1,1
30.0,73.75,2025-10-13,2,8.719999999999999,4.359999999999999,5.64,1
30.0,73.75,2025-10-15,1,2.33,2.33,2.33,1
30.0,73.75,2025-10-17,2,5.99,2.995,3.94,1
30.0,73.75,2025-10-18,1,1.58,1.58,1.58,1
30.0,73.75,2025-10-19,1,5.05,5.05,5.05,1
30.0,73.75,2025-10-21,1,5.01,5.01,5.01,1
30.0,73.75,2025-10-22,1,1.74,1.74,1.74,1
30.0,73.75,2025-10-24,3,6.6899999999999995,2.23,2.84,1
30.0,73.75,2025-10-25,5,13.16,2.632,4.9,1
30.0,73.75,2025-10-26,4,15.780000000000001,3.9450000000000003,4.71,1
30.0,73.75,2025-10-27,2,14.98,7.49,7.84,1
30.0,73.75,2025-10-29,4,22.58,5.645,8.65,1
30.0,73.75,2025-10-30,3,13.93,4.6433333333333335,6.56,1
30.0,73.75,2025-10-31,11,37.57,3.4154545454545455,6.45,1
30.0,73.75,2025-11-01,3,16.619999999999997,5.539999999999999,11.12,1
30.0,73.75,2025-11-02,3,12.52,4.173333333333333,6.54,1
30.0,73.75,2025-11-03,2,7.029999999999999,3.5149999999999997,3.75,1
30.0,73.75,2025-11-04,1,2.94,2.94,2.94,1
30.0,73.75,2025-11-05,6,16.21,2.7016666666666667,4.65,1
30.0,73.75,2025-11-06,3,8.46,2.8200000000000003,3.81,1
30.0,73.75,2025-11-07,4,6.24,1.56,2.03,1
30.0,73.75,2025-11-08,2,5.8100000000000005,2.9050000000000002,3.64,1
30.0,73.75,2025-11-09,6,22.05,3.6750000000000003,7.81,1
30.0,73.75,2025-11-10,4,12.29,3.0725,3.54,1
30.0,73.75,2025-11-11,5,18.4,3.6799999999999997,5.94,1
30.0,73.75,2025-11-14,1,2.91,2.91,2.91,1
30.0,73.75,2025-11-15,5,12.58,2.516,3.47,1
30.0,73.75,2025-11-16,3,5.64,1.88,2.25,1
30.0,73.75,2025-11-19,2,6.390000000000001,3.1950000000000003,3.62,1
30.0,73.75,2025-11-20,3,14.540000000000001,4.846666666666667,8.46,1
30.0,73.75,2025-11-23,1,3.57,3.57,3.57,1
30.0,73.75,2025-11-27,1,2.87,2.87,2.87,1
30.0,73.75,2025-12-02,1,2.31,2.31,2.31,1
30.0,73.75,2025-12-05,1,1.66,1.66,1.66,1
30.0,73.75,2025-12-16,2,6.23,3.115,5.04,1
30.0,73.75,2025-12-23,1,4.61,4.61,4.61,1
30.0,74.375,2023-01-17,1,7.01,7.01,7.01,1
30.0,74.375,2023-02-01,1,3.95,3.95,3.95,1
30.0,74.375,2023-02-07,1,4.06,4.06,4.06,1
30.0,74.375,2023-02-12,2,7.14,3.57,4.64,1
30.0,74.375,2023-04-21,2,8.93,4.465,4.86,1
30.0,74.375,2023-04-24,1,11.03,11.03,11.03,1
30.0,74.375,2023-04-25,4,51.84,12.96,24.75,1
30.0,74.375,2023-04-27,3,16.77,5.59,5.94,1
30.0,74.375,2023-05-01,2,9.870000000000001,4.9350000000000005,5.42,1
30.0,74.375,2023-05-02,1,4.58,4.58,4.58,1
30.0,74.375,2023-05-03,1,5.22,5.22,5.22,1
30.0,74.375,2023-05-04,57,211.95999999999998,3.71859649122807,10.59,1
30.0,74.375,2023-05-05,65,223.07,3.4318461538461538,9.34,1
30.0,74.375,2023-05-06,34,133.38,3.922941176470588,8.93,1
30.0,74.375,2023-05-07,25,189.4,7.5760000000000005,18.67,1
30.0,74.375,2023-05-08,5,35.69,7.138,12.84,1
30.0,74.375,2023-05-09,29,324.23,11.180344827586207,42.33,1
30.0,74.375,2023-05-10,43,359.35,8.356976744186047,32.48,1
30.0,74.375,2023-05-11,57,449.26,7.881754385964912,21.55,1
30.0,74.375,2023-05-12,17,160.56,9.444705882352942,34.55,1
30.0,74.375,2023-05-13,20,85.95,4.2975,8.28,1
30.0,74.375,2023-05-14,3,55.040000000000006,18.346666666666668,32.95,1
30.0,74.375,2023-05-15,22,185.04,8.41090909090909,20.3,1
30.0,74.375,2023-05-16,13,55.15,4.242307692307692,14.92,1
30.0,74.375,2023-05-17,3,10.2,3.4,4.54,1
30.0,74.375,2023-05-20,3,26.47,8.823333333333332,14.29,1
30.0,74.375,2023-05-21,4,8.06,2.015,2.31,1
30.0,74.375,2023-06-16,1,4.32,4.32,4.32,1
30.0,74.375,2023-07-02,1,2.9,2.9,2.9,1
30.0,74.375,2023-09-29,1,6.21,6.21,6.21,1
30.0,74.375,2023-10-03,2,7.98,3.99,4.48,1
30.0,74.375,2023-10-04,2,6.109999999999999,3.0549999999999997,3.54,1
30.0,74.375,2023-10-05,1,1.63,1.63,1.63,1
30.0,74.375,2023-10-08,1,2.92,2.92,2.92,1
30.0,74.375,2023-10-10,2,4.62,2.31,3.85,1
30.0,74.375,2023-10-12,1,1.95,1.95,1.95,1
30.0,74.375,2023-10-15,2,13.91,6.955,7.63,1
30.0,74.375,2023-10-21,1,5.32,5.32,5.32,1
30.0,74.375,2023-10-24,1,15.42,15.42,15.42,1
30.0,74.375,2023-10-26,5,47.879999999999995,9.575999999999999,18.79,1
30.0,74.375,2023-10-27,4,25.39,6.3475,14.87,1
30.0,74.375,2023-10-29,6,18.43,3.0716666666666668,4.95,1
30.0,74.375,2023-10-30,3,40.66,13.553333333333333,29.56,1
30.0,74.375,2023-10-31,8,20.37,2.54625,4.29,1
30.0,74.375,2023-11-01,17,105.81,6.224117647058824,16.05,1
30.0,74.375,2023-11-03,17,82.08,4.828235294117647,10.22,1
30.0,74.375,2023-11-04,23,204.07,8.872608695652174,28.35,1
30.0,74.375,2023-11-05,50,300.46,6.0092,47.74,1
30.0,74.375,2023-11-06,28,179.06,6.3950000000000005,27.22,1
30.0,74.375,2023-11-07,38,279.1,7.344736842105264,54.68,1
30.0,74.375,2023-11-08,10,37.18,3.718,5.46,1
30.0,74.375,2023-11-09,8,45.99,5.74875,8.72,1
30.0,74.375,2023-11-10,1,3.87,3.87,3.87,1
30.0,74.375,2023-11-11,14,82.73,5.909285714285715,18.89,1
30.0,74.375,2023-11-12,56,340.67,6.083392857142857,19.14,1
30.0,74.375,2023-11-13,76,583.89,7.682763157894737,23.66,1
30.0,74.375,2023-11-14,64,381.1,5.9546875,26.65,1
30.0,74.375,2023-11-15,38,346.40999999999997,9.116052631578947,34.05,1
30.0,74.375,2023-11-16,45,202.43,4.498444444444445,11.98,1
30.0,74.375,2023-11-17,28,226.15,8.076785714285714,34.16,1
30.0,74.375,2023-11-18,12,58.86,4.905,8.56,1
30.0,74.375,2023-11-19,27,160.6,5.948148148148148,15.82,1
30.0,74.375,2023-11-20,18,108.81,6.045,15.99,1
30.0,74.375,2023-11-21,25,204.25,8.17,83.75,1
30.0,74.375,2023-11-22,14,225.06,16.075714285714287,71.26,1
30.0,74.375,2023-11-23,10,85.4,8.540000000000001,43.2,1
30.0,74.375,2023-11-26,5,26.3,5.26,15.87,1
30.0,74.375,2023-11-30,1,1.08,1.08,1.08,1
30.0,74.375,2023-12-01,2,6.96,3.48,3.54,1
30.0,74.375,2023-12-02,2,32.769999999999996,16.384999999999998,29.7,1
30.0,74.375,2023-12-08,1,1.5,1.5,1.5,1
30.0,74.375,2023-12-18,2,4.14,2.07,3.0,1
30.0,74.375,2023-12-20,3,10.47,3.49,3.71,1
30.0,74.375,2023-12-24,3,3.2,1.0666666666666667,1.8,1
30.0,74.375,2024-02-24,3,16.93,5.6433333333333335,7.42,1
30.0,74.375,2024-02-29,2,8.14,4.07,4.69,1
30.0,74.375,2024-03-12,1,9.0,9.0,9.0,1
30.0,74.375,2024-04-22,3,18.299999999999997,6.099999999999999,8.32,1
30.0,74.375,2024-04-27,4,17.56,4.39,5.71,1
30.0,74.375,2024-05-01,11,42.36,3.850909090909091,7.14,1
30.0,74.375,2024-05-02,18,79.89,4.4383333333333335,9.29,1
30.0,74.375,2024-05-04,9,70.95,7.883333333333334,13.72,1
30.0,74.375,2024-05-05,1,1.01,1.01,1.01,1
30.0,74.375,2024-05-06,27,272.25,10.083333333333334,23.89,1
30.0,74.375,2024-05-07,44,255.63,5.809772727272727,11.61,1
30.0,74.375,2024-05-08,46,251.07,5.458043478260869,11.53,1
30.0,74.375,2024-05-09,22,243.18,11.053636363636365,17.98,1
30.0,74.375,2024-05-10,5,34.25,6.85,9.51,1
30.0,74.375,2024-05-11,25,177.06,7.0824,26.55,1
30.0,74.375,2024-05-12,37,367.96,9.944864864864865,24.25,1
30.0,74.375,2024-05-13,60,366.16,6.102666666666667,13.96,1
30.0,74.375,2024-05-14,30,284.71999999999997,9.490666666666666,29.08,1
30.0,74.375,2024-05-15,14,80.52,5.751428571428571,11.69,1
30.0,74.375,2024-05-16,4,62.17,15.5425,25.27,1
30.0,74.375,2024-05-17,24,297.21999999999997,12.384166666666665,19.16,1
30.0,74.375,2024-05-18,21,99.77,4.750952380952381,8.88,1
30.0,74.375,2024-05-19,4,62.85,15.7125,20.6,1
30.0,74.375,2024-05-20,5,66.96000000000001,13.392000000000001,20.41,1
30.0,74.375,2024-05-21,1,10.4,10.4,10.4,1
30.0,74.375,2024-05-22,7,53.06,7.58,11.57,1
30.0,74.375,2024-05-23,11,51.97,4.724545454545455,11.51,1
30.0,74.375,2024-05-24,8,36.06,4.5075,6.09,1
30.0,74.375,2024-05-25,1,8.66,8.66,8.66,1
30.0,74.375,2024-05-26,1,2.08,2.08,2.08,1
30.0,74.375,2024-05-29,1,11.0,11.0,11.0,1
30.0,74.375,2024-06-07,1,2.3,2.3,2.3,1
30.0,74.375,2024-06-13,1,10.6,10.6,10.6,1
30.0,74.375,2024-06-15,1,6.18,6.18,6.18,1
30.0,74.375,2024-06-18,2,7.73,3.865,5.07,1
30.0,74.375,2024-07-02,1,4.76,4.76,4.76,1
30.0,74.375,2024-07-18,1,1.4,1.4,1.4,1
30.0,74.375,2024-07-20,2,7.619999999999999,3.8099999999999996,4.55,1
30.0,74.375,2024-08-14,1,3.17,3.17,3.17,1
30.0,74.375,2024-10-01,1,1.68,1.68,1.68,1
30.0,74.375,2024-10-11,1,2.09,2.09,2.09,1
30.0,74.375,2024-10-12,3,13.22,4.406666666666667,5.45,1
30.0,74.375,2024-10-15,1,2.37,2.37,2.37,1
30.0,74.375,2024-10-16,1,2.32,2.32,2.32,1
30.0,74.375,2024-10-17,1,1.82,1.82,1.82,1
30.0,74.375,2024-10-23,3,10.68,3.56,3.77,1
30.0,74.375,2024-10-27,4,19.23,4.8075,11.5,1
30.0,74.375,2024-10-28,2,5.78,2.89,4.03,1
30.0,74.375,2024-10-29,2,8.59,4.295,4.77,1
30.0,74.375,2024-10-30,1,4.5,4.5,4.5,1
30.0,74.375,2024-10-31,5,18.4,3.6799999999999997,6.0,1
30.0,74.375,2024-11-01,3,20.78,6.926666666666667,11.69,1
30.0,74.375,2024-11-02,5,15.8,3.16,4.01,1
30.0,74.375,2024-11-07,12,69.18,5.765000000000001,29.59,1
30.0,74.375,2024-11-08,12,59.8,4.983333333333333,15.11,1
30.0,74.375,2024-11-09,2,6.0,3.0,3.27,1
30.0,74.375,2024-11-10,2,7.98,3.99,4.98,1
30.0,74.375,2024-11-11,5,26.03,5.206,8.7,1
30.0,74.375,2024-11-12,6,26.56,4.426666666666667,6.57,1
30.0,74.375,2024-11-13,21,106.81,5.086190476190477,12.91,1
30.0,74.375,2024-11-15,3,12.77,4.256666666666667,5.82,1
30.0,74.375,2024-11-17,36,221.12,6.142222222222222,11.29,1
30.0,74.375,2024-11-18,51,230.34,4.516470588235294,17.35,1
30.0,74.375,2024-11-19,14,75.62,5.401428571428572,20.7,1
30.0,74.375,2024-11-20,7,24.48,3.4971428571428573,7.17,1
30.0,74.375,2024-11-21,8,30.14,3.7675,7.18,1
30.0,74.375,2024-11-22,22,104.83,4.765,12.53,1
30.0,74.375,2024-11-23,8,75.34,9.4175,44.88,1
30.0,74.375,2024-11-24,8,38.66,4.8325,9.32,1
30.0,74.375,2024-11-26,2,5.66,2.83,3.27,1
30.0,74.375,2024-11-27,5,34.35,6.87,10.3,1
30.0,74.375,2024-11-28,4,11.719999999999999,2.9299999999999997,4.22,1
30.0,74.375,2024-11-29,6,16.650000000000002,2.7750000000000004,4.7,1
30.0,74.375,2024-11-30,1,2.78,2.78,2.78,1
30.0,74.375,2024-12-01,1,4.36,4.36,4.36,1
30.0,74.375,2024-12-03,1,3.82,3.82,3.82,1
30.0,74.375,2024-12-05,1,5.71,5.71,5.71,1
30.0,74.375,2024-12-08,1,2.42,2.42,2.42,1
30.0,74.375,2024-12-09,1,8.78,8.78,8.78,1
30.0,74.375,2024-12-18,1,1.03,1.03,1.03,1
30.0,74.375,2024-12-20,1,2.14,2.14,2.14,1
30.0,74.375,2025-02-01,1,2.54,2.54,2.54,1
30.0,74.375,2025-02-06,1,1.53,1.53,1.53,1
30.0,74.375,2025-02-16,1,3.07,3.07,3.07,1
30.0,74.375,2025-02-18,2,5.17,2.585,2.65,1
30.0,74.375,2025-03-02,1,3.89,3.89,3.89,1
30.0,74.375,2025-03-05,2,15.620000000000001,7.8100000000000005,10.24,1
30.0,74.375,2025-04-21,1,0.76,0.76,0.76,1
30.0,74.375,2025-04-23,3,9.96,3.3200000000000003,5.19,1
30.0,74.375,2025-04-24,3,14.55,4.8500000000000005,7.03,1
30.0,74.375,2025-04-25,1,9.07,9.07,9.07,1
30.0,74.375,2025-04-26,4,45.69,11.4225,23.06,1
30.0,74.375,2025-04-28,1,0.52,0.52,0.52,1
30.0,74.375,2025-04-29,4,18.45,4.6125,6.26,1
30.0,74.375,2025-04-30,3,11.129999999999999,3.7099999999999995,4.31,1
30.0,74.375,2025-05-01,9,34.55,3.8388888888888886,5.79,1
30.0,74.375,2025-05-02,2,7.62,3.81,3.89,1
30.0,74.375,2025-05-03,1,8.31,8.31,8.31,1
30.0,74.375,2025-05-04,10,27.52,2.752,5.15,1
30.0,74.375,2025-05-05,4,21.3,5.325,8.42,1
30.0,74.375,2025-05-06,4,15.02,3.755,3.97,1
30.0,74.375,2025-05-07,45,304.05,6.756666666666667,30.82,1
30.0,74.375,2025-05-08,4,32.86,8.215,12.72,1
30.0,74.375,2025-05-09,15,106.46000000000001,7.097333333333334,35.49,1
30.0,74.375,2025-05-10,36,217.52,6.042222222222223,15.53,1
30.0,74.375,2025-05-11,64,381.17,5.95578125,21.69,1
30.0,74.375,2025-05-12,27,234.94,8.701481481481482,18.71,1
30.0,74.375,2025-05-13,12,127.53,10.6275,23.76,1
30.0,74.375,2025-05-14,27,295.08,10.928888888888888,34.3,1
30.0,74.375,2025-05-15,12,219.31,18.275833333333335,61.76,1
30.0,74.375,2025-05-16,31,205.48,6.628387096774193,17.06,1
30.0,74.375,2025-05-17,9,76.21000000000001,8.467777777777778,16.32,1
30.0,74.375,2025-05-18,9,71.34,7.926666666666667,16.99,1
30.0,74.375,2025-05-19,4,26.86,6.715,11.98,1
30.0,74.375,2025-05-20,5,44.39,8.878,12.86,1
30.0,74.375,2025-05-21,6,33.87,5.645,7.69,1
30.0,74.375,2025-05-22,9,127.11,14.123333333333333,17.65,1
30.0,74.375,2025-05-23,2,10.200000000000001,5.1000000000000005,8.4,1
30.0,74.375,2025-05-24,1,2.19,2.19,2.19,1
30.0,74.375,2025-05-25,2,3.15,1.575,2.65,1
30.0,74.375,2025-05-26,2,3.09,1.545,1.69,1
30.0,74.375,2025-05-27,4,30.369999999999997,7.592499999999999,21.04,1
30.0,74.375,2025-06-10,1,6.28,6.28,6.28,1
30.0,74.375,2025-09-24,3,9.0,3.0,3.0,1
30.0,74.375,2025-10-05,1,9.08,9.08,9.08,1
30.0,74.375,2025-10-10,4,14.69,3.6725,4.09,1
30.0,74.375,2025-10-14,1,1.05,1.05,1.05,1
30.0,74.375,2025-10-15,1,1.33,1.33,1.33,1
30.0,74.375,2025-10-16,1,2.77,2.77,2.77,1
30.0,74.375,2025-10-17,1,4.46,4.46,4.46,1
30.0,74.375,2025-10-19,2,8.68,4.34,6.39,1
30.0,74.375,2025-10-20,1,2.43,2.43,2.43,1
30.0,74.375,2025-10-21,1,4.27,4.27,4.27,1
30.0,74.375,2025-10-22,6,54.84,9.14,21.79,1
30.0,74.375,2025-10-23,4,11.57,2.8925,4.91,1
30.0,74.375,2025-10-24,1,6.15,6.15,6.15,1
30.0,74.375,2025-10-25,2,4.3100000000000005,2.1550000000000002,2.21,1
30.0,74.375,2025-10-26,10,45.39,4.539,10.53,1
30.0,74.375,2025-10-27,1,3.99,3.99,3.99,1
30.0,74.375,2025-10-28,1,3.7,3.7,3.7,1
30.0,74.375,2025-10-29,1,8.27,8.27,8.27,1
30.0,74.375,2025-10-30,4,11.870000000000001,2.9675000000000002,3.6,1
30.0,74.375,2025-10-31,6,29.04,4.84,10.14,1
30.0,74.375,2025-11-01,13,42.129999999999995,3.2407692307692306,6.17,1
30.0,74.375,2025-11-02,8,51.410000000000004,6.4262500000000005,14.17,1
30.0,74.375,2025-11-03,6,26.93,4.488333333333333,6.16,1
30.0,74.375,2025-11-04,2,8.64,4.32,5.52,1
30.0,74.375,2025-11-05,7,39.79,5.684285714285714,21.89,1
30.0,74.375,2025-11-06,10,65.33,6.5329999999999995,14.3,1
30.0,74.375,2025-11-07,6,44.26,7.376666666666666,10.66,1
30.0,74.375,2025-11-08,8,55.870000000000005,6.983750000000001,13.97,1
30.0,74.375,2025-11-09,11,45.08,4.098181818181818,7.25,1
30.0,74.375,2025-11-10,15,50.79,3.386,13.84,1
30.0,74.375,2025-11-11,9,65.64,7.293333333333333,24.45,1
30.0,74.375,2025-11-13,9,41.14,4.571111111111112,7.87,1
30.0,74.375,2025-11-14,1,17.03,17.03,17.03,1
30.0,74.375,2025-11-15,6,17.54,2.9233333333333333,4.43,1
30.0,74.375,2025-11-16,11,33.07,3.0063636363636363,8.61,1
30.0,74.375,2025-11-17,3,14.149999999999999,4.716666666666666,7.08,1
30.0,74.375,2025-11-18,1,3.09,3.09,3.09,1
30.0,74.375,2025-11-19,6,14.51,2.4183333333333334,3.88,1
30.0,74.375,2025-11-20,1,7.53,7.53,7.53,1
30.0,74.375,2025-11-21,5,17.02,3.404,4.56,1
30.0,74.375,2025-11-22,2,7.59,3.795,5.18,1
30.0,74.375,2025-11-23,1,2.79,2.79,2.79,1
30.0,74.375,2025-11-25,3,11.17,3.723333333333333,4.59,1
30.0,74.375,2025-11-26,2,3.83,1.915,2.17,1
30.0,74.375,2025-11-27,7,205.85,29.407142857142855,46.01,1
30.0,74.375,2025-11-30,4,20.78,5.195,6.26,1
30.0,74.375,2025-12-05,1,1.98,1.98,1.98,1
30.0,74.375,2025-12-11,1,3.85,3.85,3.85,1
30.0,74.375,2025-12-13,1,4.82,4.82,4.82,1
30.0,75.0,2023-01-01,4,89.75999999999999,22.439999999999998,40.19,1
30.0,75.0,2023-01-02,32,375.95,11.7484375,31.83,1
30.0,75.0,2023-01-03,5,356.75,71.35,131.09,1
30.0,75.0,2023-01-04,21,159.89000000000001,7.6138095238095245,16.78,1
30.0,75.0,2023-01-05,5,69.69999999999999,13.939999999999998,18.49,1
30.0,75.0,2023-01-06,9,93.51,10.39,18.5,1
30.0,75.0,2023-01-07,26,397.54,15.290000000000001,54.26,1
30.0,75.0,2023-01-08,20,449.54,22.477,51.07,1
30.0,75.0,2023-01-09,7,87.27000000000001,12.467142857142859,18.19,1
30.0,75.0,2023-01-10,3,58.15,19.383333333333333,55.64,1
30.0,75.0,2023-01-11,8,71.85000000000001,8.981250000000001,16.62,1
30.0,75.0,2023-01-12,14,65.73,4.695,10.96,1
30.0,75.0,2023-01-13,27,340.19,12.59962962962963,47.74,1
30.0,75.0,2023-01-14,13,404.39,31.106923076923074,77.3,1
30.0,75.0,2023-01-15,4,80.07000000000001,20.017500000000002,26.31,1
30.0,75.0,2023-01-16,7,61.980000000000004,8.854285714285714,20.88,1
30.0,75.0,2023-01-17,6,41.879999999999995,6.9799999999999995,8.78,1
30.0,75.0,2023-01-18,2,53.650000000000006,26.825000000000003,29.21,1
30.0,75.0,2023-01-19,3,23.37,7.79,11.05,1
30.0,75.0,2023-01-20,3,29.62,9.873333333333333,17.23,1
30.0,75.0,2023-01-21,1,10.07,10.07,10.07,1
30.0,75.0,2023-01-22,1,6.32,6.32,6.32,1
30.0,75.0,2023-01-23,3,9.61,3.203333333333333,5.17,1
30.0,75.0,2023-01-26,1,0.79,0.79,0.79,1
30.0,75.0,2023-01-27,3,12.21,4.07,5.23,1
30.0,75.0,2023-01-28,3,4.4,1.4666666666666668,1.86,1
30.0,75.0,2023-01-30,1,0.93,0.93,0.93,1
30.0,75.0,2023-01-31,2,10.26,5.13,9.59,1
30.0,75.0,2023-02-02,3,43.67,14.556666666666667,34.85,1
30.0,75.0,2023-02-06,1,2.74,2.74,2.74,1
30.0,75.0,2023-02-12,2,6.07,3.035,3.82,1
30.0,75.0,2023-02-14,2,1.16,0.58,0.58,1
30.0,75.0,2023-02-17,1,0.93,0.93,0.93,1
30.0,75.0,2023-02-19,1,1.18,1.18,1.18,1
30.0,75.0,2023-02-21,3,9.75,3.25,4.9,1
30.0,75.0,2023-02-22,2,1.29,0.645,0.65,1
30.0,75.0,2023-02-23,3,7.51,2.5033333333333334,5.55,1
30.0,75.0,2023-02-24,1,0.57,0.57,0.57,1
30.0,75.0,2023-02-27,2,1.12,0.56,0.56,1
30.0,75.0,2023-02-28,2,1.5,0.75,0.79,1
30.0,75.0,2023-03-03,1,0.96,0.96,0.96,1
30.0,75.0,2023-03-04,1,1.17,1.17,1.17,1
30.0,75.0,2023-03-05,2,2.53,1.265,1.71,1
30.0,75.0,2023-03-06,1,0.91,0.91,0.91,1
30.0,75.0,2023-03-07,1,1.16,1.16,1.16,1
30.0,75.0,2023-03-09,2,16.71,8.355,10.69,1
30.0,75.0,2023-03-10,2,5.27,2.635,4.55,1
30.0,75.0,2023-03-12,4,4.62,1.155,1.53,1
30.0,75.0,2023-03-19,1,4.81,4.81,4.81,1
30.0,75.0,2023-03-22,5,30.060000000000002,6.0120000000000005,7.83,1
30.0,75.0,2023-03-28,4,3.48,0.87,1.06,1
30.0,75.0,2023-04-04,1,1.01,1.01,1.01,1
30.0,75.0,2023-04-05,2,77.7,38.85,38.85,1
30.0,75.0,2023-04-07,2,2.96,1.48,1.55,1
30.0,75.0,2023-04-13,9,135.18,15.020000000000001,25.01,1
30.0,75.0,2023-04-14,22,443.90999999999997,20.17772727272727,42.05,1
30.0,75.0,2023-04-15,5,121.57,24.314,51.73,1
30.0,75.0,2023-04-16,9,93.94,10.437777777777777,63.48,1
30.0,75.0,2023-04-17,11,102.06,9.27818181818182,16.25,1
30.0,75.0,2023-04-18,4,53.660000000000004,13.415000000000001,20.14,1
30.0,75.0,2023-04-19,17,117.55,6.914705882352941,13.79,1
30.0,75.0,2023-04-21,2,6.35,3.175,3.29,1
30.0,75.0,2023-04-22,3,10.870000000000001,3.6233333333333335,6.73,1
30.0,75.0,2023-04-23,1,8.25,8.25,8.25,1
30.0,75.0,2023-04-24,13,42.8,3.292307692307692,6.32,1
30.0,75.0,2023-04-25,11,22.34,2.0309090909090908,3.44,1
30.0,75.0,2023-04-26,1,1.15,1.15,1.15,1
30.0,75.0,2023-04-27,2,20.71,10.355,11.17,1
30.0,75.0,2023-04-30,1,2.45,2.45,2.45,1
30.0,75.0,2023-05-01,8,33.72,4.215,6.94,1
30.0,75.0,2023-05-02,27,151.78,5.6214814814814815,15.15,1
30.0,75.0,2023-05-04,36,153.66,4.2683333333333335,18.73,1
30.0,75.0,2023-05-05,94,240.24,2.5557446808510638,7.44,1
30.0,75.0,2023-05-06,48,259.8,5.4125000000000005,15.46,1
30.0,75.0,2023-05-07,55,330.77,6.013999999999999,15.0,1
30.0,75.0,2023-05-08,70,379.07,5.415285714285714,15.76,1
30.0,75.0,2023-05-09,33,322.93,9.785757575757575,33.05,1
30.0,75.0,2023-05-10,49,428.58,8.746530612244898,22.21,1
30.0,75.0,2023-05-11,62,621.27,10.020483870967741,54.35,1
30.0,75.0,2023-05-12,24,258.39,10.76625,24.83,1
30.0,75.0,2023-05-13,26,185.53,7.135769230769231,22.65,1
30.0,75.0,2023-05-14,8,58.56,7.32,12.49,1
30.0,75.0,2023-05-15,15,144.36,9.624,23.77,1
30.0,75.0,2023-05-16,20,146.49,7.3245000000000005,12.54,1
30.0,75.0,2023-05-17,7,155.54,22.22,36.43,1
30.0,75.0,2023-05-18,13,106.61999999999999,8.20153846153846,13.29,1
30.0,75.0,2023-05-19,7,87.88,12.554285714285713,17.55,1
30.0,75.0,2023-05-20,15,142.97,9.531333333333333,19.53,1
30.0,75.0,2023-05-21,21,225.38,10.732380952380952,19.55,1
30.0,75.0,2023-05-22,5,23.85,4.7700000000000005,9.35,1
30.0,75.0,2023-05-23,1,1.88,1.88,1.88,1
30.0,75.0,2023-05-24,17,91.59,5.3876470588235295,10.79,1
30.0,75.0,2023-05-27,12,56.69,4.724166666666666,17.82,1
30.0,75.0,2023-05-28,3,9.670000000000002,3.223333333333334,4.28,1
30.0,75.0,2023-06-02,6,75.93,12.655000000000001,23.69,1
30.0,75.0,2023-06-03,2,18.259999999999998,9.129999999999999,9.67,1
30.0,75.0,2023-06-04,1,14.14,14.14,14.14,1
30.0,75.0,2023-06-05,13,87.97,6.766923076923077,11.84,1
30.0,75.0,2023-06-06,9,52.43,5.825555555555556,11.7,1
30.0,75.0,2023-06-07,6,26.45,4.408333333333333,5.95,1
30.0,75.0,2023-06-08,3,48.08,16.026666666666667,34.58,1
30.0,75.0,2023-06-09,3,12.49,4.163333333333333,5.65,1
30.0,75.0,2023-06-11,4,16.96,4.24,6.39,1
30.0,75.0,2023-06-12,1,2.07,2.07,2.07,1
30.0,75.0,2023-06-13,3,14.25,4.75,5.85,1
30.0,75.0,2023-06-14,3,23.71,7.903333333333333,8.15,1
30.0,75.0,2023-06-15,2,15.76,7.88,7.88,1
30.0,75.0,2023-06-16,5,26.21,5.242,8.61,1
30.0,75.0,2023-06-18,2,10.45,5.225,6.81,1
30.0,75.0,2023-06-19,4,20.71,5.1775,14.19,1
30.0,75.0,2023-06-20,2,16.57,8.285,11.41,1
30.0,75.0,2023-06-21,8,45.370000000000005,5.671250000000001,13.23,1
30.0,75.0,2023-06-22,9,87.66,9.74,17.23,1
30.0,75.0,2023-06-23,2,15.45,7.725,8.86,1
30.0,75.0,2023-06-24,1,15.89,15.89,15.89,1
30.0,75.0,2023-06-27,10,136.16,13.616,40.5,1
30.0,75.0,2023-06-28,1,2.87,2.87,2.87,1
30.0,75.0,2023-06-29,3,12.969999999999999,4.323333333333333,9.37,1
30.0,75.0,2023-06-30,3,16.85,5.616666666666667,6.57,1
30.0,75.0,2023-07-01,3,15.05,5.016666666666667,5.41,1
30.0,75.0,2023-07-02,8,32.97,4.12125,5.92,1
30.0,75.0,2023-07-03,11,53.849999999999994,4.895454545454545,11.29,1
30.0,75.0,2023-07-04,3,85.64000000000001,28.54666666666667,38.95,1
30.0,75.0,2023-07-05,1,14.42,14.42,14.42,1
30.0,75.0,2023-07-06,7,64.62,9.231428571428571,12.1,1
30.0,75.0,2023-07-07,1,3.25,3.25,3.25,1
30.0,75.0,2023-07-08,2,2.7,1.35,1.35,1
30.0,75.0,2023-07-11,2,9.96,4.98,4.98,1
30.0,75.0,2023-07-12,2,22.490000000000002,11.245000000000001,13.26,1
30.0,75.0,2023-07-13,10,36.6,3.66,6.42,1
30.0,75.0,2023-07-14,2,6.63,3.315,3.76,1
30.0,75.0,2023-07-15,5,37.23,7.446,7.97,1
30.0,75.0,2023-07-16,2,11.629999999999999,5.8149999999999995,8.93,1
30.0,75.0,2023-07-17,3,9.379999999999999,3.1266666666666665,3.52,1
30.0,75.0,2023-07-18,4,9.84,2.46,3.81,1
30.0,75.0,2023-07-19,2,7.45,3.725,3.97,1
30.0,75.0,2023-07-20,3,13.94,4.6466666666666665,5.27,1
30.0,75.0,2023-07-21,1,2.96,2.96,2.96,1
30.0,75.0,2023-07-23,4,17.05,4.2625,5.48,1
30.0,75.0,2023-07-24,1,1.18,1.18,1.18,1
30.0,75.0,2023-07-25,1,2.1,2.1,2.1,1
30.0,75.0,2023-07-28,1,0.9,0.9,0.9,1
30.0,75.0,2023-07-31,1,4.33,4.33,4.33,1
30.0,75.0,2023-08-01,1,3.2,3.2,3.2,1
30.0,75.0,2023-08-02,1,0.45,0.45,0.45,1
30.0,75.0,2023-08-03,8,13.04,1.63,3.04,1
30.0,75.0,2023-08-06,1,1.08,1.08,1.08,1
30.0,75.0,2023-08-08,2,2.69,1.345,1.51,1
30.0,75.0,2023-08-09,3,8.9,2.966666666666667,3.68,1
30.0,75.0,2023-08-10,1,2.94,2.94,2.94,1
30.0,75.0,2023-08-11,2,1.85,0.925,1.0,1
30.0,75.0,2023-08-12,1,0.75,0.75,0.75,1
30.0,75.0,2023-08-13,1,3.98,3.98,3.98,1
30.0,75.0,2023-08-14,4,5.76,1.44,1.69,1
30.0,75.0,2023-08-15,2,3.4,1.7,1.7,1
30.0,75.0,2023-08-17,1,5.44,5.44,5.44,1
30.0,75.0,2023-08-20,1,1.07,1.07,1.07,1
30.0,75.0,2023-08-22,1,1.09,1.09,1.09,1
30.0,75.0,2023-08-24,4,16.9,4.225,5.71,1
30.0,75.0,2023-08-25,4,7.89,1.9725,3.08,1
30.0,75.0,2023-08-26,1,1.07,1.07,1.07,1
30.0,75.0,2023-08-27,1,0.96,0.96,0.96,1
30.0,75.0,2023-08-29,2,3.14,1.57,1.6,1
30.0,75.0,2023-08-30,3,20.97,6.989999999999999,11.16,1
30.0,75.0,2023-08-31,2,5.1899999999999995,2.5949999999999998,3.65,1
30.0,75.0,2023-09-01,1,1.07,1.07,1.07,1
30.0,75.0,2023-09-03,1,2.19,2.19,2.19,1
30.0,75.0,2023-09-04,3,5.94,1.9800000000000002,2.75,1
30.0,75.0,2023-09-06,2,4.82,2.41,2.41,1
30.0,75.0,2023-09-07,2,5.75,2.875,3.12,1
30.0,75.0,2023-09-08,2,3.17,1.585,1.75,1
30.0,75.0,2023-09-09,5,21.57,4.314,7.8,1
30.0,75.0,2023-09-10,1,1.3,1.3,1.3,1
30.0,75.0,2023-09-11,1,6.87,6.87,6.87,1
30.0,75.0,2023-09-12,1,6.86,6.86,6.86,1
30.0,75.0,2023-09-13,1,2.11,2.11,2.11,1
30.0,75.0,2023-09-14,2,7.29,3.645,3.88,1
30.0,75.0,2023-09-16,1,1.27,1.27,1.27,1
30.0,75.0,2023-09-20,1,4.95,4.95,4.95,1
30.0,75.0,2023-09-22,1,6.43,6.43,6.43,1
30.0,75.0,2023-09-24,1,1.23,1.23,1.23,1
30.0,75.0,2023-09-25,1,0.79,0.79,0.79,1
30.0,75.0,2023-09-27,2,4.13,2.065,3.1,1
30.0,75.0,2023-09-28,1,1.43,1.43,1.43,1
30.0,75.0,2023-09-29,2,4.9,2.45,2.61,1
30.0,75.0,2023-09-30,1,12.53,12.53,12.53,1
30.0,75.0,2023-10-02,2,10.35,5.175,8.78,1
30.0,75.0,2023-10-04,2,6.41,3.205,4.84,1
30.0,75.0,2023-10-05,4,13.290000000000001,3.3225000000000002,5.66,1
30.0,75.0,2023-10-06,4,4.88,1.22,1.86,1
30.0,75.0,2023-10-11,3,12.36,4.12,7.5,1
30.0,75.0,2023-10-12,7,21.57,3.0814285714285714,4.65,1
30.0,75.0,2023-10-13,2,4.85,2.425,2.9,1
30.0,75.0,2023-10-14,3,7.890000000000001,2.6300000000000003,5.79,1
30.0,75.0,2023-10-15,5,21.68,4.336,9.05,1
30.0,75.0,2023-10-18,1,2.09,2.09,2.09,1
30.0,75.0,2023-10-20,8,42.4,5.3,8.94,1
30.0,75.0,2023-10-21,2,14.52,7.26,12.01,1
30.0,75.0,2023-10-22,5,21.65,4.33,7.07,1
30.0,75.0,2023-10-23,1,10.45,10.45,10.45,1
30.0,75.0,2023-10-24,9,67.35,7.4833333333333325,13.63,1
30.0,75.0,2023-10-25,15,65.28999999999999,4.352666666666666,17.04,1
30.0,75.0,2023-10-26,27,122.83,4.54925925925926,11.63,1
30.0,75.0,2023-10-27,20,94.4,4.720000000000001,18.4,1
30.0,75.0,2023-10-28,6,28.75,4.791666666666667,7.13,1
30.0,75.0,2023-10-29,30,187.05,6.235,20.34,1
30.0,75.0,2023-10-30,33,218.04,6.607272727272727,36.93,1
30.0,75.0,2023-10-31,70,405.85,5.7978571428571435,24.58,1
30.0,75.0,2023-11-01,52,277.18,5.330384615384616,25.78,1
30.0,75.0,2023-11-02,1,0.6,0.6,0.6,1
30.0,75.0,2023-11-03,45,252.81,5.618,13.17,1
30.0,75.0,2023-11-04,85,638.28,7.509176470588235,30.15,1
30.0,75.0,2023-11-05,179,1240.35,6.929329608938547,55.92,1
30.0,75.0,2023-11-06,111,575.33,5.183153153153153,29.45,1
30.0,75.0,2023-11-07,85,557.76,6.5618823529411765,34.88,1
30.0,75.0,2023-11-08,71,503.26,7.088169014084507,30.13,1
30.0,75.0,2023-11-09,26,190.14000000000001,7.313076923076924,14.32,1
30.0,75.0,2023-11-10,1,0.89,0.89,0.89,1
30.0,75.0,2023-11-11,11,39.5,3.590909090909091,11.01,1
30.0,75.0,2023-11-12,71,476.96,6.717746478873239,34.82,1
30.0,75.0,2023-11-13,181,1071.41,5.919392265193371,24.26,1
30.0,75.0,2023-11-14,138,717.64,5.200289855072464,20.63,1
30.0,75.0,2023-11-15,146,833.13,5.706369863013698,17.73,1
30.0,75.0,2023-11-16,102,634.64,6.221960784313725,31.33,1
30.0,75.0,2023-11-17,49,337.5,6.887755102040816,42.11,1
30.0,75.0,2023-11-18,30,229.02,7.634,22.7,1
30.0,75.0,2023-11-19,23,115.89,5.038695652173913,13.76,1
30.0,75.0,2023-11-20,17,111.04,6.531764705882353,19.18,1
30.0,75.0,2023-11-21,31,158.24,5.104516129032258,21.89,1
30.0,75.0,2023-11-22,24,110.99,4.624583333333333,13.04,1
30.0,75.0,2023-11-23,6,19.490000000000002,3.2483333333333335,4.35,1
30.0,75.0,2023-11-24,1,2.88,2.88,2.88,1
30.0,75.0,2023-11-25,2,7.59,3.795,3.97,1
30.0,75.0,2023-11-26,4,15.629999999999999,3.9074999999999998,8.34,1
30.0,75.0,2023-11-28,4,15.530000000000001,3.8825000000000003,9.33,1
30.0,75.0,2023-11-29,5,23.49,4.6979999999999995,5.47,1
30.0,75.0,2023-11-30,5,18.11,3.622,7.87,1
30.0,75.0,2023-12-02,3,6.49,2.1633333333333336,3.63,1
30.0,75.0,2023-12-07,4,15.49,3.8725,6.73,1
30.0,75.0,2023-12-12,2,7.790000000000001,3.8950000000000005,5.44,1
30.0,75.0,2023-12-15,4,6.31,1.5775,3.23,1
30.0,75.0,2023-12-21,1,1.03,1.03,1.03,1
30.0,75.0,2023-12-22,1,0.8,0.8,0.8,1
30.0,75.0,2023-12-27,1,5.97,5.97,5.97,1
30.0,75.0,2024-01-04,6,35.32,5.886666666666667,11.29,1
30.0,75.0,2024-01-10,6,15.739999999999998,2.623333333333333,6.26,1
30.0,75.0,2024-01-11,3,11.2,3.733333333333333,4.78,1
30.0,75.0,2024-01-14,1,1.01,1.01,1.01,1
30.0,75.0,2024-01-16,1,1.41,1.41,1.41,1
30.0,75.0,2024-01-18,1,1.47,1.47,1.47,1
30.0,75.0,2024-01-22,1,0.59,0.59,0.59,1
30.0,75.0,2024-01-26,4,11.86,2.965,5.37,1
30.0,75.0,2024-01-27,1,5.24,5.24,5.24,1
30.0,75.0,2024-01-29,1,0.65,0.65,0.65,1
30.0,75.0,2024-02-01,1,1.11,1.11,1.11,1
30.0,75.0,2024-02-04,2,2.68,1.34,1.34,1
30.0,75.0,2024-02-05,2,5.99,2.995,3.64,1
30.0,75.0,2024-02-06,3,3.83,1.2766666666666666,1.34,1
30.0,75.0,2024-02-07,1,2.98,2.98,2.98,1
30.0,75.0,2024-02-08,2,4.46,2.23,2.23,1
30.0,75.0,2024-02-09,1,0.86,0.86,0.86,1
30.0,75.0,2024-02-10,1,1.76,1.76,1.76,1
30.0,75.0,2024-02-11,5,9.299999999999999,1.8599999999999999,2.42,1
30.0,75.0,2024-02-13,1,1.29,1.29,1.29,1
30.0,75.0,2024-02-14,2,1.98,0.99,1.22,1
30.0,75.0,2024-02-16,6,8.5,1.4166666666666667,3.56,1
30.0,75.0,2024-02-17,5,27.759999999999998,5.552,11.28,1
30.0,75.0,2024-02-18,1,1.3,1.3,1.3,1
30.0,75.0,2024-02-19,2,0.95,0.475,0.51,1
30.0,75.0,2024-02-20,2,9.04,4.52,7.38,1
30.0,75.0,2024-02-21,1,1.25,1.25,1.25,1
30.0,75.0,2024-02-22,3,4.9,1.6333333333333335,1.64,1
30.0,75.0,2024-02-23,2,2.02,1.01,1.01,1
30.0,75.0,2024-02-24,4,11.690000000000001,2.9225000000000003,6.17,1
30.0,75.0,2024-02-25,1,3.09,3.09,3.09,1
30.0,75.0,2024-02-27,2,2.77,1.385,2.15,1
30.0,75.0,2024-03-04,1,0.57,0.57,0.57,1
30.0,75.0,2024-03-07,1,0.82,0.82,0.82,1
30.0,75.0,2024-03-08,3,11.84,3.9466666666666668,5.64,1
30.0,75.0,2024-03-09,1,9.05,9.05,9.05,1
30.0,75.0,2024-03-10,1,1.29,1.29,1.29,1
30.0,75.0,2024-03-11,1,0.73,0.73,0.73,1
30.0,75.0,2024-03-13,1,0.63,0.63,0.63,1
30.0,75.0,2024-03-14,2,4.24,2.12,2.45,1
30.0,75.0,2024-03-15,4,17.33,4.3325,6.45,1
30.0,75.0,2024-03-16,2,37.160000000000004,18.580000000000002,23.6,1
30.0,75.0,2024-03-18,1,0.71,0.71,0.71,1
30.0,75.0,2024-03-19,1,3.39,3.39,3.39,1
30.0,75.0,2024-03-25,1,0.83,0.83,0.83,1
30.0,75.0,2024-03-28,1,3.46,3.46,3.46,1
30.0,75.0,2024-03-30,3,17.15,5.716666666666666,8.18,1
30.0,75.0,2024-04-01,2,3.15,1.575,1.63,1
30.0,75.0,2024-04-08,1,0.78,0.78,0.78,1
30.0,75.0,2024-04-10,2,29.34,14.67,16.64,1
30.0,75.0,2024-04-15,6,10.03,1.6716666666666666,3.45,1
30.0,75.0,2024-04-16,1,1.06,1.06,1.06,1
30.0,75.0,2024-04-18,2,2.66,1.33,1.5,1
30.0,75.0,2024-04-20,1,1.45,1.45,1.45,1
30.0,75.0,2024-04-22,1,1.41,1.41,1.41,1
30.0,75.0,2024-04-23,2,2.0,1.0,1.15,1
30.0,75.0,2024-04-24,2,12.63,6.315,7.48,1
30.0,75.0,2024-04-25,2,8.84,4.42,5.1,1
30.0,75.0,2024-04-26,6,13.93,2.3216666666666668,4.84,1
30.0,75.0,2024-04-27,10,42.59,4.259,7.47,1
30.0,75.0,2024-04-28,1,5.05,5.05,5.05,1
30.0,75.0,2024-04-29,3,19.7,6.566666666666666,16.84,1
30.0,75.0,2024-04-30,3,43.21,14.403333333333334,25.08,1
30.0,75.0,2024-05-01,54,268.13,4.96537037037037,24.16,1
30.0,75.0,2024-05-02,58,196.64,3.3903448275862065,8.7,1
30.0,75.0,2024-05-03,1,0.56,0.56,0.56,1
30.0,75.0,2024-05-04,25,318.57,12.742799999999999,27.98,1
30.0,75.0,2024-05-05,8,48.08,6.01,12.97,1
30.0,75.0,2024-05-06,39,506.52,12.987692307692308,33.08,1
30.0,75.0,2024-05-07,91,498.98,5.483296703296704,13.31,1
30.0,75.0,2024-05-08,75,325.71,4.3427999999999995,16.28,1
30.0,75.0,2024-05-09,57,304.82,5.347719298245614,15.45,1
30.0,75.0,2024-05-10,41,272.48,6.645853658536586,12.01,1
30.0,75.0,2024-05-11,5,24.65,4.93,9.75,1
30.0,75.0,2024-05-12,41,274.7,6.699999999999999,18.52,1
30.0,75.0,2024-05-13,41,306.18,7.4678048780487805,21.56,1
30.0,75.0,2024-05-14,21,136.37,6.493809523809524,11.67,1
30.0,75.0,2024-05-15,7,26.98,3.8542857142857145,7.87,1
30.0,75.0,2024-05-16,3,30.05,10.016666666666667,11.92,1
30.0,75.0,2024-05-17,16,213.14,13.32125,23.46,1
30.0,75.0,2024-05-18,10,43.370000000000005,4.337000000000001,8.91,1
30.0,75.0,2024-05-19,14,70.02,5.001428571428571,12.86,1
30.0,75.0,2024-05-20,3,49.959999999999994,16.653333333333332,25.57,1
30.0,75.0,2024-05-21,4,30.880000000000003,7.720000000000001,12.73,1
30.0,75.0,2024-05-22,3,18.81,6.27,7.71,1
30.0,75.0,2024-05-23,7,43.949999999999996,6.278571428571428,13.94,1
30.0,75.0,2024-05-24,2,8.16,4.08,5.41,1
30.0,75.0,2024-05-25,2,7.32,3.66,5.13,1
30.0,75.0,2024-05-26,1,3.49,3.49,3.49,1
30.0,75.0,2024-05-29,15,201.94,13.462666666666667,35.3,1
30.0,75.0,2024-06-05,6,84.57000000000001,14.095,35.52,1
30.0,75.0,2024-06-06,2,9.94,4.97,4.97,1
30.0,75.0,2024-06-07,1,6.98,6.98,6.98,1
30.0,75.0,2024-06-08,2,6.59,3.295,3.68,1
30.0,75.0,2024-06-09,1,3.61,3.61,3.61,1
30.0,75.0,2024-06-11,1,6.06,6.06,6.06,1
30.0,75.0,2024-06-12,1,2.92,2.92,2.92,1
30.0,75.0,2024-06-13,6,33.800000000000004,5.633333333333334,7.62,1
30.0,75.0,2024-06-15,2,2.48,1.24,1.24,1
30.0,75.0,2024-06-16,1,0.83,0.83,0.83,1
30.0,75.0,2024-06-23,3,5.640000000000001,1.8800000000000001,2.72,1
30.0,75.0,2024-06-29,1,3.9,3.9,3.9,1
30.0,75.0,2024-07-09,2,1.56,0.78,0.78,1
30.0,75.0,2024-07-18,1,0.92,0.92,0.92,1
30.0,75.0,2024-08-12,1,1.88,1.88,1.88,1
30.0,75.0,2024-08-19,4,16.23,4.0575,5.75,1
30.0,75.0,2024-08-20,1,1.02,1.02,1.02,1
30.0,75.0,2024-08-29,2,3.5,1.75,1.75,1
30.0,75.0,2024-08-30,2,5.83,2.915,4.9,1
30.0,75.0,2024-09-01,15,140.46,9.364,30.77,1
30.0,75.0,2024-09-02,4,46.2,11.55,11.76,1
30.0,75.0,2024-09-05,1,0.23,0.23,0.23,1
30.0,75.0,2024-09-06,1,0.78,0.78,0.78,1
30.0,75.0,2024-09-13,1,0.97,0.97,0.97,1
30.0,75.0,2024-09-14,3,7.23,2.41,4.16,1
30.0,75.0,2024-09-15,2,5.84,2.92,3.66,1
30.0,75.0,2024-09-27,1,0.88,0.88,0.88,1
30.0,75.0,2024-10-05,1,2.24,2.24,2.24,1
30.0,75.0,2024-10-06,1,2.37,2.37,2.37,1
30.0,75.0,2024-10-07,4,16.27,4.0675,5.06,1
30.0,75.0,2024-10-13,1,3.77,3.77,3.77,1
30.0,75.0,2024-10-17,1,4.02,4.02,4.02,1
30.0,75.0,2024-10-18,1,3.73,3.73,3.73,1
30.0,75.0,2024-10-22,2,11.719999999999999,5.859999999999999,6.06,1
30.0,75.0,2024-10-23,17,62.68,3.6870588235294117,5.76,1
30.0,75.0,2024-10-24,1,12.66,12.66,12.66,1
30.0,75.0,2024-10-25,1,5.06,5.06,5.06,1
30.0,75.0,2024-10-27,3,36.41,12.136666666666665,17.83,1
30.0,75.0,2024-10-28,13,98.15,7.550000000000001,36.49,1
30.0,75.0,2024-10-29,7,44.89,6.412857142857143,14.19,1
30.0,75.0,2024-10-30,7,38.81,5.5442857142857145,12.8,1
30.0,75.0,2024-10-31,28,148.66,5.309285714285714,16.42,1
30.0,75.0,2024-11-01,25,191.11,7.644400000000001,38.87,1
30.0,75.0,2024-11-02,26,113.72,4.373846153846154,11.76,1
30.0,75.0,2024-11-07,23,120.09,5.221304347826087,21.55,1
30.0,75.0,2024-11-08,48,241.47,5.030625,12.38,1
30.0,75.0,2024-11-09,12,73.31,6.109166666666667,17.8,1
30.0,75.0,2024-11-10,4,18.22,4.555,5.01,1
30.0,75.0,2024-11-11,11,73.64,6.694545454545454,11.06,1
30.0,75.0,2024-11-12,19,146.07,7.687894736842105,15.89,1
30.0,75.0,2024-11-13,38,138.21,3.637105263157895,8.08,1
30.0,75.0,2024-11-15,7,37.19,5.312857142857142,7.44,1
30.0,75.0,2024-11-16,3,14.67,4.89,5.84,1
30.0,75.0,2024-11-17,72,341.37,4.74125,11.81,1
30.0,75.0,2024-11-18,71,315.79,4.44774647887324,29.34,1
30.0,75.0,2024-11-19,28,189.17,6.7560714285714285,37.3,1
30.0,75.0,2024-11-20,5,21.61,4.322,5.37,1
30.0,75.0,2024-11-21,5,24.46,4.892,7.18,1
30.0,75.0,2024-11-22,10,56.6,5.66,11.57,1
30.0,75.0,2024-11-23,20,136.79,6.839499999999999,34.76,1
30.0,75.0,2024-11-24,6,23.41,3.901666666666667,8.43,1
30.0,75.0,2024-11-25,2,9.54,4.77,5.68,1
30.0,75.0,2024-11-26,1,4.27,4.27,4.27,1
30.0,75.0,2024-11-27,4,17.13,4.2825,6.25,1
30.0,75.0,2024-11-28,4,14.57,3.6425,4.41,1
30.0,75.0,2024-11-29,5,28.18,5.636,17.63,1
30.0,75.0,2024-11-30,1,4.68,4.68,4.68,1
30.0,75.0,2024-12-01,1,4.47,4.47,4.47,1
30.0,75.0,2024-12-03,1,4.1,4.1,4.1,1
30.0,75.0,2024-12-05,1,0.82,0.82,0.82,1
30.0,75.0,2024-12-11,2,2.56,1.28,1.62,1
30.0,75.0,2024-12-12,1,2.76,2.76,2.76,1
30.0,75.0,2024-12-16,1,0.98,0.98,0.98,1
30.0,75.0,2024-12-17,3,5.8100000000000005,1.9366666666666668,2.7,1
30.0,75.0,2025-01-07,3,7.26,2.42,5.02,1
30.0,75.0,2025-01-08,1,0.79,0.79,0.79,1
30.0,75.0,2025-01-09,1,0.92,0.92,0.92,1
30.0,75.0,2025-01-12,5,3.39,0.678,0.99,1
30.0,75.0,2025-01-13,2,3.17,1.585,2.47,1
30.0,75.0,2025-01-14,1,1.21,1.21,1.21,1
30.0,75.0,2025-01-16,1,1.38,1.38,1.38,1
30.0,75.0,2025-01-17,8,75.94000000000001,9.492500000000001,16.51,1
30.0,75.0,2025-01-18,8,21.59,2.69875,3.72,1
30.0,75.0,2025-01-19,1,3.3,3.3,3.3,1
30.0,75.0,2025-01-21,1,0.42,0.42,0.42,1
30.0,75.0,2025-01-24,1,2.32,2.32,2.32,1
30.0,75.0,2025-01-25,2,1.42,0.71,0.86,1
30.0,75.0,2025-01-27,1,1.13,1.13,1.13,1
30.0,75.0,2025-02-02,2,3.4,1.7,2.55,1
30.0,75.0,2025-02-06,1,0.59,0.59,0.59,1
30.0,75.0,2025-03-09,1,3.19,3.19,3.19,1
30.0,75.0,2025-03-10,1,1.32,1.32,1.32,1
30.0,75.0,2025-03-16,1,0.63,0.63,0.63,1
30.0,75.0,2025-03-17,2,2.6399999999999997,1.3199999999999998,1.9,1
30.0,75.0,2025-03-27,1,7.46,7.46,7.46,1
30.0,75.0,2025-04-01,14,170.13,12.152142857142858,37.68,1
30.0,75.0,2025-04-02,7,14.860000000000001,2.122857142857143,3.76,1
30.0,75.0,2025-04-13,2,12.84,6.42,6.79,1
30.0,75.0,2025-04-16,1,7.02,7.02,7.02,1
30.0,75.0,2025-04-24,7,20.88,2.9828571428571427,6.08,1
30.0,75.0,2025-04-25,5,28.0,5.6,10.18,1
30.0,75.0,2025-04-26,24,198.55,8.272916666666667,20.84,1
30.0,75.0,2025-04-27,11,72.35,6.577272727272727,15.17,1
30.0,75.0,2025-04-28,1,7.46,7.46,7.46,1
30.0,75.0,2025-04-29,36,180.89,5.024722222222222,13.9,1
30.0,75.0,2025-04-30,34,131.11,3.8561764705882355,8.88,1
30.0,75.0,2025-05-01,25,155.62,6.2248,16.63,1
30.0,75.0,2025-05-02,1,1.12,1.12,1.12,1
30.0,75.0,2025-05-04,98,470.43,4.80030612244898,31.51,1
30.0,75.0,2025-05-05,7,31.46,4.494285714285715,7.18,1
30.0,75.0,2025-05-06,2,13.76,6.88,9.17,1
30.0,75.0,2025-05-07,62,499.32,8.053548387096773,25.69,1
30.0,75.0,2025-05-08,18,211.22,11.734444444444444,44.97,1
30.0,75.0,2025-05-09,11,72.55,6.595454545454545,20.28,1
30.0,75.0,2025-05-10,123,603.87,4.909512195121951,28.96,1
30.0,75.0,2025-05-11,46,277.49,6.0323913043478266,13.1,1
30.0,75.0,2025-05-12,26,161.79,6.2226923076923075,12.99,1
30.0,75.0,2025-05-13,66,392.63,5.948939393939394,25.47,1
30.0,75.0,2025-05-14,26,323.87,12.456538461538461,49.54,1
30.0,75.0,2025-05-15,21,208.6,9.933333333333334,27.93,1
30.0,75.0,2025-05-16,25,181.53,7.2612,18.7,1
30.0,75.0,2025-05-17,9,83.95,9.327777777777778,20.51,1
30.0,75.0,2025-05-18,10,97.2,9.72,25.25,1
30.0,75.0,2025-05-19,3,21.32,7.1066666666666665,11.37,1
30.0,75.0,2025-05-20,4,27.64,6.91,13.94,1
30.0,75.0,2025-05-21,2,13.77,6.885,7.94,1
30.0,75.0,2025-05-22,1,3.1,3.1,3.1,1
30.0,75.0,2025-05-23,3,10.44,3.48,6.52,1
30.0,75.0,2025-05-27,5,31.28,6.256,7.78,1
30.0,75.0,2025-05-29,2,24.759999999999998,12.379999999999999,18.31,1
30.0,75.0,2025-06-02,1,10.15,10.15,10.15,1
30.0,75.0,2025-06-03,3,15.87,5.29,6.26,1
30.0,75.0,2025-06-05,1,5.49,5.49,5.49,1
30.0,75.0,2025-06-18,1,3.52,3.52,3.52,1
30.0,75.0,2025-06-19,1,9.12,9.12,9.12,1
30.0,75.0,2025-06-30,1,22.0,22.0,22.0,1
30.0,75.0,2025-07-08,4,27.47,6.8675,14.76,1
30.0,75.0,2025-07-14,1,1.44,1.44,1.44,1
30.0,75.0,2025-07-18,2,2.85,1.425,1.77,1
30.0,75.0,2025-09-13,1,1.4,1.4,1.4,1
30.0,75.0,2025-09-17,1,4.99,4.99,4.99,1
30.0,75.0,2025-09-18,1,3.65,3.65,3.65,1
30.0,75.0,2025-09-24,14,87.86,6.275714285714286,14.56,1
30.0,75.0,2025-10-10,3,10.45,3.483333333333333,5.01,1
30.0,75.0,2025-10-14,2,5.3,2.65,4.45,1
30.0,75.0,2025-10-17,1,1.16,1.16,1.16,1
30.0,75.0,2025-10-20,2,5.359999999999999,2.6799999999999997,3.65,1
30.0,75.0,2025-10-21,1,2.97,2.97,2.97,1
30.0,75.0,2025-10-22,2,19.86,9.93,14.96,1
30.0,75.0,2025-10-24,1,6.03,6.03,6.03,1
30.0,75.0,2025-10-25,3,8.5,2.8333333333333335,4.3,1
30.0,75.0,2025-10-26,8,49.12,6.14,11.49,1
30.0,75.0,2025-10-27,3,3.7199999999999998,1.24,2.6,1
30.0,75.0,2025-10-28,4,22.54,5.635,6.82,1
30.0,75.0,2025-10-29,9,117.32,13.035555555555554,27.69,1
30.0,75.0,2025-10-30,9,44.63,4.95888888888889,9.31,1
30.0,75.0,2025-10-31,14,72.85000000000001,5.203571428571429,20.78,1
30.0,75.0,2025-11-01,11,104.53999999999999,9.503636363636362,44.6,1
30.0,75.0,2025-11-02,25,168.87,6.7548,23.76,1
30.0,75.0,2025-11-03,16,76.48,4.78,12.66,1
30.0,75.0,2025-11-04,13,90.88,6.990769230769231,29.01,1
30.0,75.0,2025-11-05,3,4.949999999999999,1.6499999999999997,2.32,1
30.0,75.0,2025-11-06,11,58.53,5.320909090909091,15.64,1
30.0,75.0,2025-11-07,14,69.26,4.9471428571428575,15.0,1
30.0,75.0,2025-11-08,13,59.45,4.573076923076924,8.18,1
30.0,75.0,2025-11-09,15,90.11,6.007333333333333,10.33,1
30.0,75.0,2025-11-10,13,44.9,3.4538461538461536,11.8,1
30.0,75.0,2025-11-11,10,45.68,4.568,8.81,1
30.0,75.0,2025-11-12,3,3.88,1.2933333333333332,1.44,1
30.0,75.0,2025-11-13,8,31.819999999999997,3.9774999999999996,8.26,1
30.0,75.0,2025-11-14,10,55.58,5.558,18.85,1
30.0,75.0,2025-11-15,3,7.8100000000000005,2.6033333333333335,3.85,1
30.0,75.0,2025-11-16,17,61.86,3.6388235294117646,7.59,1
30.0,75.0,2025-11-17,8,45.65,5.70625,13.73,1
30.0,75.0,2025-11-18,2,4.71,2.355,2.51,1
30.0,75.0,2025-11-19,2,11.52,5.76,6.63,1
30.0,75.0,2025-11-20,5,12.59,2.518,4.0,1
30.0,75.0,2025-11-21,7,22.98,3.282857142857143,6.02,1
30.0,75.0,2025-11-22,3,10.93,3.643333333333333,4.4,1
30.0,75.0,2025-11-26,1,4.25,4.25,4.25,1
30.0,75.0,2025-11-27,1,2.17,2.17,2.17,1
30.0,75.0,2025-12-11,1,0.83,0.83,0.83,1
30.0,75.0,2025-12-12,3,15.3,5.1000000000000005,7.21,1
30.0,75.0,2025-12-14,7,23.689999999999998,3.384285714285714,5.27,1
30.0,75.0,2025-12-15,11,64.97,5.906363636363636,13.15,1
30.0,75.0,2025-12-17,2,6.55,3.275,5.41,1
30.0,75.0,2025-12-19,1,0.64,0.64,0.64,1
30.0,75.625,2023-01-22,3,14.46,4.82,5.38,1
30.0,75.625,2023-02-07,11,69.47999999999999,6.3163636363636355,8.36,1
30.0,75.625,2023-02-23,3,10.879999999999999,3.6266666666666665,6.87,1
30.0,75.625,2023-04-05,1,3.78,3.78,3.78,1
30.0,75.625,2023-04-06,1,11.45,11.45,11.45,1
30.0,75.625,2023-04-17,1,2.51,2.51,2.51,1
30.0,75.625,2023-04-21,1,6.45,6.45,6.45,1
30.0,75.625,2023-04-22,8,33.3,4.1625,7.38,1
30.0,75.625,2023-04-24,13,73.28,5.636923076923077,16.97,1
30.0,75.625,2023-04-25,9,39.71,4.412222222222223,7.76,1
30.0,75.625,2023-04-26,7,46.54,6.648571428571429,11.61,1
30.0,75.625,2023-04-27,12,95.07000000000001,7.9225,21.53,1
30.0,75.625,2023-04-29,1,3.63,3.63,3.63,1
30.0,75.625,2023-04-30,40,215.47,5.38675,10.72,1
30.0,75.625,2023-05-01,9,45.33,5.036666666666666,10.93,1
30.0,75.625,2023-05-02,9,53.56,5.9511111111111115,10.49,1
30.0,75.625,2023-05-03,3,11.21,3.736666666666667,6.82,1
30.0,75.625,2023-05-04,136,710.38,5.223382352941177,16.12,1
30.0,75.625,2023-05-05,302,1222.6299999999999,4.0484437086092715,16.27,1
30.0,75.625,2023-05-06,154,775.87,5.038116883116883,27.98,1
30.0,75.625,2023-05-07,91,591.02,6.494725274725274,16.99,1
30.0,75.625,2023-05-08,62,483.74,7.8022580645161295,26.49,1
30.0,75.625,2023-05-09,11,91.14,8.285454545454545,14.66,1
30.0,75.625,2023-05-10,34,292.11,8.591470588235294,20.38,1
30.0,75.625,2023-05-11,32,204.8,6.4,15.77,1
30.0,75.625,2023-05-12,4,57.08,14.27,24.71,1
30.0,75.625,2023-05-13,17,80.88,4.75764705882353,11.52,1
30.0,75.625,2023-05-14,3,23.38,7.793333333333333,11.94,1
30.0,75.625,2023-05-15,10,45.81,4.581,8.78,1
30.0,75.625,2023-05-16,9,30.02,3.3355555555555556,5.19,1
30.0,75.625,2023-05-17,5,30.07,6.014,10.02,1
30.0,75.625,2023-05-19,2,6.369999999999999,3.1849999999999996,3.55,1
30.0,75.625,2023-05-20,2,7.68,3.84,5.7,1
30.0,75.625,2023-05-21,5,21.95,4.39,6.48,1
30.0,75.625,2023-05-22,1,3.8,3.8,3.8,1
30.0,75.625,2023-05-23,1,1.1,1.1,1.1,1
30.0,75.625,2023-06-30,1,4.7,4.7,4.7,1
30.0,75.625,2023-07-02,2,9.59,4.795,5.29,1
30.0,75.625,2023-07-16,1,3.51,3.51,3.51,1
30.0,75.625,2023-09-29,1,2.25,2.25,2.25,1
30.0,75.625,2023-10-02,1,6.74,6.74,6.74,1
30.0,75.625,2023-10-03,1,5.12,5.12,5.12,1
30.0,75.625,2023-10-04,2,12.219999999999999,6.109999999999999,7.45,1
30.0,75.625,2023-10-05,9,38.79,4.31,6.03,1
30.0,75.625,2023-10-06,3,22.810000000000002,7.603333333333334,9.62,1
30.0,75.625,2023-10-08,3,8.5,2.8333333333333335,3.77,1
30.0,75.625,2023-10-10,1,5.16,5.16,5.16,1
30.0,75.625,2023-10-11,3,11.23,3.7433333333333336,3.98,1
30.0,75.625,2023-10-12,4,13.89,3.4725,5.07,1
30.0,75.625,2023-10-13,3,16.189999999999998,5.396666666666666,8.28,1
30.0,75.625,2023-10-14,12,65.26,5.4383333333333335,10.59,1
30.0,75.625,2023-10-15,16,92.41,5.775625,16.86,1
30.0,75.625,2023-10-18,1,3.66,3.66,3.66,1
30.0,75.625,2023-10-19,3,17.75,5.916666666666667,10.74,1
30.0,75.625,2023-10-20,8,31.25,3.90625,5.79,1
30.0,75.625,2023-10-21,11,88.4,8.036363636363637,24.48,1
30.0,75.625,2023-10-22,2,6.46,3.23,3.4,1
30.0,75.625,2023-10-23,11,80.38,7.307272727272727,20.96,1
30.0,75.625,2023-10-24,32,166.54,5.204375,20.94,1
30.0,75.625,2023-10-25,36,337.17,9.365833333333335,36.23,1
30.0,75.625,2023-10-26,63,428.89,6.807777777777778,63.05,1
30.0,75.625,2023-10-27,55,340.45,6.1899999999999995,31.32,1
30.0,75.625,2023-10-28,27,174.23,6.452962962962963,13.03,1
30.0,75.625,2023-10-29,143,881.42,6.163776223776224,28.15,1
30.0,75.625,2023-10-30,202,1402.34,6.942277227722772,57.38,1
30.0,75.625,2023-10-31,259,1593.26,6.1515830115830115,63.67,1
30.0,75.625,2023-11-01,293,1826.21,6.232798634812287,55.32,1
30.0,75.625,2023-11-03,191,1340.25,7.017015706806283,33.58,1
30.0,75.625,2023-11-04,275,2182.04,7.934690909090909,34.0,1
30.0,75.625,2023-11-05,611,4717.57,7.721063829787234,64.88,1
30.0,75.625,2023-11-06,462,2515.03,5.443787878787879,35.36,1
30.0,75.625,2023-11-07,369,2609.57,7.072005420054201,51.46,1
30.0,75.625,2023-11-08,265,1641.07,6.192716981132075,26.8,1
30.0,75.625,2023-11-09,204,1060.49,5.1984803921568625,18.47,1
30.0,75.625,2023-11-10,1,5.05,5.05,5.05,1
30.0,75.625,2023-11-11,42,223.51,5.321666666666666,17.24,1
30.0,75.625,2023-11-12,167,1197.25,7.169161676646707,41.56,1
30.0,75.625,2023-11-13,172,1180.72,6.864651162790698,19.83,1
30.0,75.625,2023-11-14,177,902.03,5.096214689265537,21.23,1
30.0,75.625,2023-11-15,178,1222.22,6.866404494382023,36.93,1
30.0,75.625,2023-11-16,126,866.79,6.879285714285714,50.08,1
30.0,75.625,2023-11-17,66,462.49,7.007424242424243,35.42,1
30.0,75.625,2023-11-18,25,157.94,6.3176,18.45,1
30.0,75.625,2023-11-19,37,259.36,7.00972972972973,16.34,1
30.0,75.625,2023-11-20,14,83.35000000000001,5.953571428571429,18.46,1
30.0,75.625,2023-11-21,39,241.17000000000002,6.183846153846154,27.92,1
30.0,75.625,2023-11-22,25,109.97999999999999,4.3991999999999996,25.58,1
30.0,75.625,2023-11-23,10,38.72,3.872,6.34,1
30.0,75.625,2023-11-24,12,73.09,6.090833333333333,9.57,1
30.0,75.625,2023-11-25,2,7.2,3.6,4.86,1
30.0,75.625,2023-11-26,1,5.11,5.11,5.11,1
30.0,75.625,2023-11-30,1,7.61,7.61,7.61,1
30.0,75.625,2023-12-02,4,13.51,3.3775,6.47,1
30.0,75.625,2023-12-03,2,4.5,2.25,2.33,1
30.0,75.625,2023-12-20,1,0.84,0.84,0.84,1
30.0,75.625,2024-01-25,3,13.370000000000001,4.456666666666667,5.95,1
30.0,75.625,2024-01-26,1,0.84,0.84,0.84,1
30.0,75.625,2024-02-10,12,54.18,4.515,7.64,1
30.0,75.625,2024-02-17,2,10.98,5.49,6.81,1
30.0,75.625,2024-02-29,1,3.47,3.47,3.47,1
30.0,75.625,2024-04-06,1,8.77,8.77,8.77,1
30.0,75.625,2024-04-23,2,6.72,3.36,3.63,1
30.0,75.625,2024-04-24,2,9.57,4.785,6.99,1
30.0,75.625,2024-04-26,2,7.29,3.645,6.47,1
30.0,75.625,2024-04-28,3,52.08,17.36,39.3,1
30.0,75.625,2024-04-29,1,3.54,3.54,3.54,1
30.0,75.625,2024-04-30,3,12.93,4.31,11.79,1
30.0,75.625,2024-05-01,20,129.51,6.475499999999999,20.04,1
30.0,75.625,2024-05-02,58,329.49,5.680862068965517,20.2,1
30.0,75.625,2024-05-03,5,40.99,8.198,15.13,1
30.0,75.625,2024-05-04,32,412.18,12.880625,33.33,1
30.0,75.625,2024-05-05,18,123.09,6.838333333333334,27.33,1
30.0,75.625,2024-05-06,37,375.75,10.155405405405405,20.0,1
30.0,75.625,2024-05-07,127,1171.51,9.224488188976379,26.25,1
30.0,75.625,2024-05-08,100,446.29,4.4629,17.5,1
30.0,75.625,2024-05-09,34,188.87,5.555,17.82,1
30.0,75.625,2024-05-10,70,365.95,5.227857142857142,14.23,1
30.0,75.625,2024-05-11,14,91.75,6.553571428571429,26.77,1
30.0,75.625,2024-05-12,62,259.13,4.179516129032258,9.79,1
30.0,75.625,2024-05-13,77,514.48,6.681558441558442,33.02,1
30.0,75.625,2024-05-14,27,256.58,9.502962962962963,22.49,1
30.0,75.625,2024-05-15,13,93.19,7.168461538461538,11.84,1
30.0,75.625,2024-05-16,16,73.08,4.5675,9.42,1
30.0,75.625,2024-05-17,24,386.34,16.0975,42.26,1
30.0,75.625,2024-05-18,24,80.64,3.36,5.28,1
30.0,75.625,2024-05-19,10,54.02,5.402,7.56,1
30.0,75.625,2024-05-20,3,33.6,11.200000000000001,18.23,1
30.0,75.625,2024-05-21,5,24.599999999999998,4.92,9.54,1
30.0,75.625,2024-05-22,4,15.7,3.925,4.68,1
30.0,75.625,2024-05-23,2,16.169999999999998,8.084999999999999,10.11,1
30.0,75.625,2024-05-24,3,9.969999999999999,3.323333333333333,3.71,1
30.0,75.625,2024-05-25,2,14.93,7.465,8.69,1
30.0,75.625,2024-05-26,3,12.44,4.1466666666666665,6.38,1
30.0,75.625,2024-05-29,2,14.48,7.24,7.24,1
30.0,75.625,2024-06-06,3,12.49,4.163333333333333,4.54,1
30.0,75.625,2024-06-07,1,7.64,7.64,7.64,1
30.0,75.625,2024-06-11,1,9.47,9.47,9.47,1
30.0,75.625,2024-06-18,1,2.99,2.99,2.99,1
30.0,75.625,2024-06-19,54,370.77,6.866111111111111,45.44,1
30.0,75.625,2024-06-20,1,89.15,89.15,89.15,1
30.0,75.625,2024-06-21,3,4.05,1.3499999999999999,1.39,1
30.0,75.625,2024-06-23,1,1.33,1.33,1.33,1
30.0,75.625,2024-06-24,2,2.29,1.145,1.27,1
30.0,75.625,2024-06-27,1,2.08,2.08,2.08,1
30.0,75.625,2024-09-25,1,2.59,2.59,2.59,1
30.0,75.625,2024-10-02,1,4.86,4.86,4.86,1
30.0,75.625,2024-10-07,10,49.17,4.917,7.6,1
30.0,75.625,2024-10-08,1,4.4,4.4,4.4,1
30.0,75.625,2024-10-09,2,36.2,18.1,20.18,1
30.0,75.625,2024-10-10,1,2.37,2.37,2.37,1
30.0,75.625,2024-10-12,5,18.45,3.69,6.29,1
30.0,75.625,2024-10-13,6,30.74,5.123333333333333,8.28,1
30.0,75.625,2024-10-14,1,6.58,6.58,6.58,1
30.0,75.625,2024-10-15,6,27.54,4.59,7.35,1
30.0,75.625,2024-10-16,1,2.41,2.41,2.41,1
30.0,75.625,2024-10-17,16,91.71000000000001,5.7318750000000005,13.23,1
30.0,75.625,2024-10-18,6,19.7,3.283333333333333,4.47,1
30.0,75.625,2024-10-19,2,6.67,3.335,3.64,1
30.0,75.625,2024-10-21,3,50.9,16.966666666666665,25.74,1
30.0,75.625,2024-10-22,6,28.99,4.831666666666666,13.59,1
30.0,75.625,2024-10-23,3,12.62,4.206666666666666,4.93,1
30.0,75.625,2024-10-25,6,27.92,4.653333333333333,12.83,1
30.0,75.625,2024-10-26,4,10.1,2.525,2.79,1
30.0,75.625,2024-10-27,19,76.61,4.032105263157895,7.23,1
30.0,75.625,2024-10-28,28,105.63,3.7725,9.39,1
30.0,75.625,2024-10-29,15,149.55,9.97,26.9,1
30.0,75.625,2024-10-30,23,133.91,5.822173913043478,15.86,1
30.0,75.625,2024-10-31,71,382.11,5.381830985915493,18.0,1
30.0,75.625,2024-11-01,91,626.27,6.882087912087912,68.9,1
30.0,75.625,2024-11-02,87,457.53000000000003,5.258965517241379,16.51,1
30.0,75.625,2024-11-07,117,733.15,6.266239316239316,46.52,1
30.0,75.625,2024-11-08,165,974.5500000000001,5.906363636363637,30.89,1
30.0,75.625,2024-11-09,83,388.75,4.683734939759036,25.75,1
30.0,75.625,2024-11-10,55,318.07,5.783090909090909,14.33,1
30.0,75.625,2024-11-11,80,375.18,4.68975,18.34,1
30.0,75.625,2024-11-13,11,33.93,3.0845454545454545,5.27,1
30.0,75.625,2024-11-15,20,124.61,6.2305,21.28,1
30.0,75.625,2024-11-16,31,140.09,4.519032258064517,19.07,1
30.0,75.625,2024-11-17,21,125.22,5.962857142857143,16.61,1
30.0,75.625,2024-11-18,61,312.52,5.12327868852459,26.86,1
30.0,75.625,2024-11-19,28,103.49,3.6960714285714285,7.56,1
30.0,75.625,2024-11-20,11,75.81,6.891818181818182,15.02,1
30.0,75.625,2024-11-21,9,77.65,8.627777777777778,18.66,1
30.0,75.625,2024-11-22,8,30.8,3.85,10.63,1
30.0,75.625,2024-11-23,15,92.76,6.184,18.48,1
30.0,75.625,2024-11-24,5,11.799999999999999,2.36,2.57,1
30.0,75.625,2024-11-25,1,7.12,7.12,7.12,1
30.0,75.625,2024-11-27,2,4.14,2.07,2.71,1
30.0,75.625,2024-11-28,1,2.93,2.93,2.93,1
30.0,75.625,2024-11-29,3,5.1899999999999995,1.7299999999999998,2.41,1
30.0,75.625,2024-11-30,1,3.0,3.0,3.0,1
30.0,75.625,2024-12-01,1,2.18,2.18,2.18,1
30.0,75.625,2024-12-03,1,2.37,2.37,2.37,1
30.0,75.625,2024-12-10,1,9.83,9.83,9.83,1
30.0,75.625,2024-12-11,3,18.380000000000003,6.126666666666668,8.13,1
30.0,75.625,2025-01-27,18,61.53,3.4183333333333334,5.73,1
30.0,75.625,2025-01-29,3,9.04,3.013333333333333,3.79,1
30.0,75.625,2025-01-30,4,39.33,9.8325,17.38,1
30.0,75.625,2025-02-06,2,3.56,1.78,2.35,1
30.0,75.625,2025-02-12,13,55.88,4.298461538461539,9.32,1
30.0,75.625,2025-02-21,2,5.32,2.66,2.66,1
30.0,75.625,2025-03-05,2,3.88,1.94,2.39,1
30.0,75.625,2025-04-16,1,0.6,0.6,0.6,1
30.0,75.625,2025-04-20,1,1.46,1.46,1.46,1
30.0,75.625,2025-04-24,1,15.95,15.95,15.95,1
30.0,75.625,2025-04-25,4,10.879999999999999,2.7199999999999998,3.42,1
30.0,75.625,2025-04-26,6,22.34,3.723333333333333,7.5,1
30.0,75.625,2025-04-27,4,23.55,5.8875,8.17,1
30.0,75.625,2025-04-29,24,172.38,7.1825,27.36,1
30.0,75.625,2025-04-30,7,36.43,5.204285714285715,16.89,1
30.0,75.625,2025-05-01,19,131.09,6.899473684210527,16.93,1
30.0,75.625,2025-05-02,4,22.62,5.655,8.32,1
30.0,75.625,2025-05-04,203,883.42,4.351822660098522,35.96,1
30.0,75.625,2025-05-05,2,11.05,5.525,6.84,1
30.0,75.625,2025-05-06,17,73.17,4.304117647058824,10.43,1
30.0,75.625,2025-05-07,64,453.82,7.0909375,30.02,1
30.0,75.625,2025-05-08,20,212.97,10.6485,25.54,1
30.0,75.625,2025-05-09,16,84.42,5.27625,11.08,1
30.0,75.625,2025-05-10,30,171.91,5.730333333333333,27.04,1
30.0,75.625,2025-05-11,78,488.26,6.259743589743589,31.19,1
30.0,75.625,2025-05-12,17,119.39999999999999,7.023529411764706,24.52,1
30.0,75.625,2025-05-13,31,140.07999999999998,4.518709677419355,13.69,1
30.0,75.625,2025-05-14,27,176.8,6.548148148148148,12.19,1
30.0,75.625,2025-05-15,39,249.04,6.385641025641026,12.17,1
30.0,75.625,2025-05-16,66,306.9,4.6499999999999995,8.86,1
30.0,75.625,2025-05-17,19,105.95,5.576315789473685,11.71,1
30.0,75.625,2025-05-18,15,89.77,5.984666666666667,38.66,1
30.0,75.625,2025-05-19,4,45.66,11.415,25.49,1
30.0,75.625,2025-05-20,11,56.36,5.123636363636364,7.45,1
30.0,75.625,2025-05-21,9,38.769999999999996,4.307777777777777,5.84,1
30.0,75.625,2025-05-22,4,18.96,4.74,6.41,1
30.0,75.625,2025-05-23,3,14.530000000000001,4.843333333333334,5.59,1
30.0,75.625,2025-05-24,3,21.740000000000002,7.246666666666667,8.06,1
30.0,75.625,2025-05-25,1,2.64,2.64,2.64,1
30.0,75.625,2025-05-27,1,3.19,3.19,3.19,1
30.0,75.625,2025-05-28,1,5.4,5.4,5.4,1
30.0,75.625,2025-05-29,1,6.56,6.56,6.56,1
30.0,75.625,2025-05-31,2,12.83,6.415,7.17,1
30.0,75.625,2025-06-01,2,3.9299999999999997,1.9649999999999999,2.27,1
30.0,75.625,2025-06-03,2,19.69,9.845,16.17,1
30.0,75.625,2025-06-13,1,4.59,4.59,4.59,1
30.0,75.625,2025-09-18,2,5.82,2.91,3.66,1
30.0,75.625,2025-09-21,2,15.64,7.82,8.13,1
30.0,75.625,2025-10-05,2,6.9,3.45,3.87,1
30.0,75.625,2025-10-09,1,2.69,2.69,2.69,1
30.0,75.625,2025-10-10,2,7.14,3.57,4.18,1
30.0,75.625,2025-10-12,1,3.15,3.15,3.15,1
30.0,75.625,2025-10-15,1,3.06,3.06,3.06,1
30.0,75.625,2025-10-19,1,3.14,3.14,3.14,1
30.0,75.625,2025-10-21,3,9.31,3.1033333333333335,5.63,1
30.0,75.625,2025-10-23,7,72.32000000000001,10.331428571428573,16.07,1
30.0,75.625,2025-10-24,1,3.74,3.74,3.74,1
30.0,75.625,2025-10-25,4,14.9,3.725,6.47,1
30.0,75.625,2025-10-26,13,108.72,8.363076923076923,42.67,1
30.0,75.625,2025-10-27,6,34.44,5.739999999999999,9.43,1
30.0,75.625,2025-10-28,6,48.82,8.136666666666667,12.0,1
30.0,75.625,2025-10-29,21,136.08,6.48,21.05,1
30.0,75.625,2025-10-30,18,154.79,8.599444444444444,19.71,1
30.0,75.625,2025-10-31,36,219.79,6.105277777777777,15.4,1
30.0,75.625,2025-11-01,21,168.07,8.003333333333334,24.24,1
30.0,75.625,2025-11-02,17,146.29,8.605294117647059,22.86,1
30.0,75.625,2025-11-03,24,128.34,5.3475,11.55,1
30.0,75.625,2025-11-04,17,103.61,6.094705882352941,16.83,1
30.0,75.625,2025-11-05,9,33.29,3.698888888888889,10.07,1
30.0,75.625,2025-11-06,12,56.85,4.7375,14.67,1
30.0,75.625,2025-11-07,9,31.46,3.4955555555555557,8.21,1
30.0,75.625,2025-11-08,21,134.12,6.386666666666667,12.27,1
30.0,75.625,2025-11-09,31,226.89,7.3190322580645155,57.93,1
30.0,75.625,2025-11-10,13,75.46,5.804615384615384,9.87,1
30.0,75.625,2025-11-11,15,81.59,5.439333333333334,14.59,1
30.0,75.625,2025-11-13,3,12.120000000000001,4.04,5.28,1
30.0,75.625,2025-11-14,7,58.45,8.35,16.77,1
30.0,75.625,2025-11-16,3,9.6,3.1999999999999997,5.86,1
30.0,75.625,2025-11-20,2,6.779999999999999,3.3899999999999997,4.25,1
30.0,75.625,2025-11-21,1,1.84,1.84,1.84,1
30.0,75.625,2025-11-26,1,2.22,2.22,2.22,1
30.0,75.625,2025-12-03,1,3.58,3.58,3.58,1
30.0,76.25,2023-01-17,1,3.32,3.32,3.32,1
30.0,76.25,2023-02-17,1,3.63,3.63,3.63,1
30.0,76.25,2023-02-24,1,14.31,14.31,14.31,1
30.0,76.25,2023-02-26,1,4.05,4.05,4.05,1
30.0,76.25,2023-02-28,1,5.35,5.35,5.35,1
30.0,76.25,2023-03-04,2,2.65,1.325,2.46,1
30.0,76.25,2023-03-11,1,2.15,2.15,2.15,1
30.0,76.25,2023-04-01,1,1.51,1.51,1.51,1
30.0,76.25,2023-04-08,1,0.59,0.59,0.59,1
30.0,76.25,2023-04-12,1,0.61,0.61,0.61,1
30.0,76.25,2023-04-13,1,24.36,24.36,24.36,1
30.0,76.25,2023-04-15,1,0.28,0.28,0.28,1
30.0,76.25,2023-04-16,1,11.55,11.55,11.55,1
30.0,76.25,2023-04-25,4,11.28,2.82,3.79,1
30.0,76.25,2023-04-27,3,8.68,2.893333333333333,4.54,1
30.0,76.25,2023-04-30,2,16.68,8.34,8.95,1
30.0,76.25,2023-05-02,1,4.36,4.36,4.36,1
30.0,76.25,2023-05-04,82,356.81,4.351341463414634,10.18,1
30.0,76.25,2023-05-05,115,844.81,7.3461739130434776,25.26,1
30.0,76.25,2023-05-06,90,431.75,4.7972222222222225,12.78,1
30.0,76.25,2023-05-07,110,807.13,7.337545454545454,42.03,1
30.0,76.25,2023-05-08,56,470.04,8.393571428571429,22.27,1
30.0,76.25,2023-05-09,25,200.71,8.0284,17.19,1
30.0,76.25,2023-05-10,60,468.19,7.803166666666667,20.43,1
30.0,76.25,2023-05-11,72,394.5,5.479166666666667,28.57,1
30.0,76.25,2023-05-12,33,300.95,9.11969696969697,21.11,1
30.0,76.25,2023-05-13,45,279.73,6.216222222222223,16.58,1
30.0,76.25,2023-05-14,10,53.81,5.381,9.36,1
30.0,76.25,2023-05-15,19,121.05,6.371052631578947,10.32,1
30.0,76.25,2023-05-16,12,39.18,3.265,5.28,1
30.0,76.25,2023-05-17,7,31.34,4.477142857142857,10.71,1
30.0,76.25,2023-05-20,7,50.47,7.21,14.83,1
30.0,76.25,2023-05-21,7,47.03,6.718571428571429,11.71,1
30.0,76.25,2023-05-22,7,30.6,4.371428571428572,6.88,1
30.0,76.25,2023-06-08,1,5.33,5.33,5.33,1
30.0,76.25,2023-06-19,1,3.48,3.48,3.48,1
30.0,76.25,2023-07-04,1,10.43,10.43,10.43,1
30.0,76.25,2023-08-09,2,10.969999999999999,5.484999999999999,6.06,1
30.0,76.25,2023-09-02,1,3.23,3.23,3.23,1
30.0,76.25,2023-09-13,1,3.06,3.06,3.06,1
30.0,76.25,2023-09-28,1,2.63,2.63,2.63,1
30.0,76.25,2023-09-30,1,4.88,4.88,4.88,1
30.0,76.25,2023-10-01,4,24.41,6.1025,7.23,1
30.0,76.25,2023-10-02,1,2.47,2.47,2.47,1
30.0,76.25,2023-10-04,4,14.86,3.715,6.0,1
30.0,76.25,2023-10-05,8,23.560000000000002,2.9450000000000003,4.15,1
30.0,76.25,2023-10-06,6,25.01,4.168333333333334,7.9,1
30.0,76.25,2023-10-07,5,13.3,2.66,4.15,1
30.0,76.25,2023-10-08,9,27.29,3.032222222222222,5.62,1
30.0,76.25,2023-10-09,13,79.67999999999999,6.129230769230769,17.33,1
30.0,76.25,2023-10-10,8,34.48,4.31,13.97,1
30.0,76.25,2023-10-11,11,48.17,4.379090909090909,6.02,1
30.0,76.25,2023-10-12,1,4.43,4.43,4.43,1
30.0,76.25,2023-10-13,6,30.82,5.136666666666667,11.59,1
30.0,76.25,2023-10-14,14,69.03,4.930714285714286,12.41,1
30.0,76.25,2023-10-15,46,236.05,5.131521739130435,21.3,1
30.0,76.25,2023-10-18,3,7.5,2.5,2.93,1
30.0,76.25,2023-10-19,2,11.47,5.735,5.99,1
30.0,76.25,2023-10-20,32,204.83,6.4009375,26.78,1
30.0,76.25,2023-10-21,33,150.47,4.55969696969697,19.34,1
30.0,76.25,2023-10-22,16,87.43,5.464375,33.5,1
30.0,76.25,2023-10-23,18,57.480000000000004,3.1933333333333334,7.66,1
30.0,76.25,2023-10-24,36,137.81,3.8280555555555558,7.95,1
30.0,76.25,2023-10-25,30,162.25,5.408333333333333,15.94,1
30.0,76.25,2023-10-26,73,412.41,5.649452054794521,24.74,1
30.0,76.25,2023-10-27,67,396.92,5.924179104477612,20.2,1
30.0,76.25,2023-10-28,6,38.629999999999995,6.438333333333333,8.87,1
30.0,76.25,2023-10-29,74,493.74,6.672162162162162,30.51,1
30.0,76.25,2023-10-30,67,393.18,5.868358208955224,38.5,1
30.0,76.25,2023-10-31,99,511.87,5.170404040404041,27.52,1
30.0,76.25,2023-11-01,103,632.97,6.145339805825243,61.98,1
30.0,76.25,2023-11-03,77,538.75,6.996753246753247,21.57,1
30.0,76.25,2023-11-04,81,625.8100000000001,7.72604938271605,30.39,1
30.0,76.25,2023-11-05,214,1578.6200000000001,7.376728971962617,68.18,1
30.0,76.25,2023-11-06,154,798.28,5.183636363636364,23.37,1
30.0,76.25,2023-11-07,127,835.6899999999999,6.5802362204724405,33.98,1
30.0,76.25,2023-11-08,117,660.83,5.648119658119659,16.76,1
30.0,76.25,2023-11-09,38,217.57,5.725526315789473,19.12,1
30.0,76.25,2023-11-11,30,146.41,4.880333333333334,22.7,1
30.0,76.25,2023-11-12,133,976.26,7.340300751879699,37.08,1
30.0,76.25,2023-11-13,63,411.92,6.5384126984126985,18.28,1
30.0,76.25,2023-11-14,49,502.01,10.245102040816326,41.19,1
30.0,76.25,2023-11-15,73,497.42,6.813972602739726,47.26,1
30.0,76.25,2023-11-16,53,389.96999999999997,7.357924528301886,63.8,1
30.0,76.25,2023-11-17,34,239.94,7.057058823529411,43.06,1
30.0,76.25,2023-11-18,13,70.96000000000001,5.458461538461539,14.96,1
30.0,76.25,2023-11-19,13,89.35,6.873076923076923,16.96,1
30.0,76.25,2023-11-20,3,17.0,5.666666666666667,9.89,1
30.0,76.25,2023-11-21,17,95.13,5.595882352941176,13.54,1
30.0,76.25,2023-11-22,12,35.28,2.94,6.75,1
30.0,76.25,2023-11-23,9,33.21,3.69,6.1,1
30.0,76.25,2023-11-24,2,12.36,6.18,7.48,1
30.0,76.25,2023-11-25,1,3.65,3.65,3.65,1
30.0,76.25,2023-11-26,1,3.72,3.72,3.72,1
30.0,76.25,2023-12-01,1,3.44,3.44,3.44,1
30.0,76.25,2023-12-02,4,37.480000000000004,9.370000000000001,11.07,1
30.0,76.25,2023-12-05,2,9.63,4.815,6.4,1
30.0,76.25,2023-12-07,1,3.22,3.22,3.22,1
30.0,76.25,2023-12-10,1,3.94,3.94,3.94,1
30.0,76.25,2023-12-11,3,5.12,1.7066666666666668,2.21,1
30.0,76.25,2024-01-17,3,17.38,5.793333333333333,11.91,1
30.0,76.25,2024-02-23,1,1.78,1.78,1.78,1
30.0,76.25,2024-03-09,1,2.38,2.38,2.38,1
30.0,76.25,2024-03-12,1,2.83,2.83,2.83,1
30.0,76.25,2024-03-17,2,2.84,1.42,1.42,1
30.0,76.25,2024-03-18,1,2.67,2.67,2.67,1
30.0,76.25,2024-03-19,2,7.72,3.86,3.86,1
30.0,76.25,2024-03-23,1,7.17,7.17,7.17,1
30.0,76.25,2024-04-02,1,0.51,0.51,0.51,1
30.0,76.25,2024-04-21,2,19.16,9.58,11.49,1
30.0,76.25,2024-04-25,1,2.46,2.46,2.46,1
30.0,76.25,2024-04-26,2,2.1,1.05,1.09,1
30.0,76.25,2024-04-27,1,0.95,0.95,0.95,1
30.0,76.25,2024-04-29,2,9.01,4.505,5.76,1
30.0,76.25,2024-05-01,5,48.3,9.66,15.66,1
30.0,76.25,2024-05-02,35,281.2,8.034285714285714,20.46,1
30.0,76.25,2024-05-03,2,12.29,6.145,7.22,1
30.0,76.25,2024-05-04,51,546.25,10.71078431372549,45.32,1
30.0,76.25,2024-05-05,66,514.34,7.793030303030304,30.94,1
30.0,76.25,2024-05-06,21,235.26,11.202857142857143,29.88,1
30.0,76.25,2024-05-07,91,1137.12,12.495824175824175,60.0,1
30.0,76.25,2024-05-08,48,310.3,6.464583333333334,26.0,1
30.0,76.25,2024-05-09,27,147.43,5.460370370370371,18.93,1
30.0,76.25,2024-05-10,61,339.81,5.570655737704918,17.35,1
30.0,76.25,2024-05-11,24,203.01999999999998,8.459166666666667,20.86,1
30.0,76.25,2024-05-12,103,480.71,4.667087378640777,19.4,1
30.0,76.25,2024-05-13,65,393.72,6.057230769230769,16.64,1
30.0,76.25,2024-05-14,47,524.93,11.168723404255319,34.65,1
30.0,76.25,2024-05-15,36,352.38,9.788333333333334,34.5,1
30.0,76.25,2024-05-16,14,110.78999999999999,7.913571428571428,20.36,1
30.0,76.25,2024-05-17,26,262.52,10.096923076923076,18.17,1
30.0,76.25,2024-05-18,28,102.41,3.6574999999999998,7.57,1
30.0,76.25,2024-05-19,31,138.03,4.45258064516129,9.46,1
30.0,76.25,2024-05-20,10,108.86,10.886,18.72,1
30.0,76.25,2024-05-21,11,56.04,5.094545454545455,9.77,1
30.0,76.25,2024-05-22,14,94.18,6.727142857142858,12.31,1
30.0,76.25,2024-05-23,10,36.97,3.697,6.17,1
30.0,76.25,2024-05-24,8,51.0,6.375,10.73,1
30.0,76.25,2024-05-25,8,37.83,4.72875,7.76,1
30.0,76.25,2024-05-26,2,11.89,5.945,9.13,1
30.0,76.25,2024-05-27,1,2.58,2.58,2.58,1
30.0,76.25,2024-05-28,2,7.4,3.7,5.58,1
30.0,76.25,2024-05-29,3,19.29,6.43,9.78,1
30.0,76.25,2024-06-04,1,2.29,2.29,2.29,1
30.0,76.25,2024-06-07,2,10.11,5.055,7.52,1
30.0,76.25,2024-06-09,2,16.44,8.22,8.46,1
30.0,76.25,2024-06-11,5,40.16,8.032,11.93,1
30.0,76.25,2024-06-12,1,3.57,3.57,3.57,1
30.0,76.25,2024-06-14,1,5.51,5.51,5.51,1
30.0,76.25,2024-06-15,1,4.5,4.5,4.5,1
30.0,76.25,2024-06-16,4,26.95,6.7375,9.21,1
30.0,76.25,2024-06-19,1,2.54,2.54,2.54,1
30.0,76.25,2024-06-23,1,2.5,2.5,2.5,1
30.0,76.25,2024-09-21,1,4.09,4.09,4.09,1
30.0,76.25,2024-09-24,1,4.27,4.27,4.27,1
30.0,76.25,2024-09-30,1,4.15,4.15,4.15,1
30.0,76.25,2024-10-02,3,19.93,6.6433333333333335,12.32,1
30.0,76.25,2024-10-03,1,2.34,2.34,2.34,1
30.0,76.25,2024-10-04,2,7.96,3.98,4.41,1
30.0,76.25,2024-10-07,5,15.61,3.122,3.71,1
30.0,76.25,2024-10-08,6,23.86,3.9766666666666666,5.71,1
30.0,76.25,2024-10-09,4,15.34,3.835,8.39,1
30.0,76.25,2024-10-10,10,88.97,8.897,23.07,1
30.0,76.25,2024-10-11,4,22.86,5.715,10.23,1
30.0,76.25,2024-10-12,26,115.05,4.425,19.2,1
30.0,76.25,2024-10-13,10,45.410000000000004,4.541,13.07,1
30.0,76.25,2024-10-14,3,19.54,6.513333333333333,9.21,1
30.0,76.25,2024-10-15,15,122.06,8.137333333333334,26.31,1
30.0,76.25,2024-10-17,29,127.25,4.387931034482759,22.77,1
30.0,76.25,2024-10-18,22,82.15,3.7340909090909093,7.58,1
30.0,76.25,2024-10-19,9,27.65,3.072222222222222,6.09,1
30.0,76.25,2024-10-20,5,40.25,8.05,13.02,1
30.0,76.25,2024-10-21,5,15.25,3.05,3.76,1
30.0,76.25,2024-10-22,18,91.19,5.066111111111111,12.25,1
30.0,76.25,2024-10-23,15,44.99,2.9993333333333334,8.56,1
30.0,76.25,2024-10-24,12,33.65,2.8041666666666667,4.93,1
30.0,76.25,2024-10-25,17,72.2,4.247058823529412,12.74,1
30.0,76.25,2024-10-26,14,48.07,3.4335714285714287,5.54,1
30.0,76.25,2024-10-27,10,51.74,5.174,10.52,1
30.0,76.25,2024-10-28,16,66.76,4.1725,13.38,1
30.0,76.25,2024-10-29,11,60.64,5.512727272727273,11.61,1
30.0,76.25,2024-10-30,16,210.85,13.178125,31.38,1
30.0,76.25,2024-10-31,30,199.05,6.635000000000001,22.88,1
30.0,76.25,2024-11-01,46,366.56,7.968695652173913,48.58,1
30.0,76.25,2024-11-02,33,161.91,4.906363636363636,14.58,1
30.0,76.25,2024-11-07,28,178.63,6.379642857142857,29.53,1
30.0,76.25,2024-11-08,58,252.49,4.3532758620689656,21.45,1
30.0,76.25,2024-11-09,30,175.35,5.845,16.02,1
30.0,76.25,2024-11-10,16,109.81,6.863125,13.21,1
30.0,76.25,2024-11-11,29,105.76,3.6468965517241383,9.99,1
30.0,76.25,2024-11-12,8,46.45,5.80625,14.72,1
30.0,76.25,2024-11-15,15,119.95,7.996666666666667,14.08,1
30.0,76.25,2024-11-16,23,130.4,5.6695652173913045,13.44,1
30.0,76.25,2024-11-17,3,18.27,6.09,7.51,1
30.0,76.25,2024-11-18,12,58.45,4.870833333333334,26.16,1
30.0,76.25,2024-11-19,12,67.1,5.591666666666666,17.12,1
30.0,76.25,2024-11-20,3,7.62,2.54,3.31,1
30.0,76.25,2024-11-21,3,9.9,3.3000000000000003,4.16,1
30.0,76.25,2024-11-24,1,1.89,1.89,1.89,1
30.0,76.25,2024-11-26,1,5.71,5.71,5.71,1
30.0,76.25,2024-12-12,3,11.7,3.9,6.23,1
30.0,76.25,2024-12-21,1,6.13,6.13,6.13,1
30.0,76.25,2024-12-25,1,6.44,6.44,6.44,1
30.0,76.25,2025-01-05,1,2.59,2.59,2.59,1
30.0,76.25,2025-01-25,2,19.52,9.76,9.76,1
30.0,76.25,2025-01-26,1,3.8,3.8,3.8,1
30.0,76.25,2025-01-30,1,3.9,3.9,3.9,1
30.0,76.25,2025-02-02,1,6.06,6.06,6.06,1
30.0,76.25,2025-02-07,1,5.81,5.81,5.81,1
30.0,76.25,2025-02-11,1,3.96,3.96,3.96,1
30.0,76.25,2025-02-12,2,3.88,1.94,2.39,1
30.0,76.25,2025-02-15,1,2.26,2.26,2.26,1
30.0,76.25,2025-02-16,1,2.27,2.27,2.27,1
30.0,76.25,2025-02-23,2,5.1899999999999995,2.5949999999999998,3.08,1
30.0,76.25,2025-02-26,3,26.08,8.693333333333333,10.35,1
30.0,76.25,2025-03-04,2,2.58,1.29,1.29,1
30.0,76.25,2025-04-01,2,9.24,4.62,4.62,1
30.0,76.25,2025-04-03,1,4.53,4.53,4.53,1
30.0,76.25,2025-04-14,2,25.590000000000003,12.795000000000002,12.96,1
30.0,76.25,2025-04-16,1,1.77,1.77,1.77,1
30.0,76.25,2025-04-19,10,59.76,5.976,10.02,1
30.0,76.25,2025-04-21,12,259.64,21.636666666666667,58.0,1
30.0,76.25,2025-04-23,9,536.21,59.57888888888889,81.23,1
30.0,76.25,2025-04-25,6,51.42,8.57,14.83,1
30.0,76.25,2025-04-27,5,74.24,14.847999999999999,31.71,1
30.0,76.25,2025-04-29,6,157.08,26.180000000000003,83.33,1
30.0,76.25,2025-04-30,5,24.74,4.9479999999999995,6.79,1
30.0,76.25,2025-05-01,8,65.89,8.23625,10.57,1
30.0,76.25,2025-05-03,1,3.44,3.44,3.44,1
30.0,76.25,2025-05-04,5,20.580000000000002,4.1160000000000005,5.87,1
30.0,76.25,2025-05-05,4,13.96,3.49,7.9,1
30.0,76.25,2025-05-06,24,110.06,4.585833333333333,15.73,1
30.0,76.25,2025-05-07,56,482.94,8.623928571428571,30.02,1
30.0,76.25,2025-05-08,38,226.56,5.962105263157895,24.7,1
30.0,76.25,2025-05-09,4,29.96,7.49,16.45,1
30.0,76.25,2025-05-10,6,77.84,12.973333333333334,18.43,1
30.0,76.25,2025-05-11,141,661.55,4.691843971631205,19.97,1
30.0,76.25,2025-05-12,64,425.03000000000003,6.6410937500000005,41.28,1
30.0,76.25,2025-05-13,57,311.48,5.464561403508772,19.89,1
30.0,76.25,2025-05-14,48,335.7,6.9937499999999995,20.19,1
30.0,76.25,2025-05-15,30,205.1,6.836666666666667,23.51,1
30.0,76.25,2025-05-16,55,246.05,4.473636363636364,16.16,1
30.0,76.25,2025-05-17,22,123.64,5.62,13.94,1
30.0,76.25,2025-05-18,33,248.41,7.527575757575757,49.56,1
30.0,76.25,2025-05-19,5,32.8,6.56,9.49,1
30.0,76.25,2025-05-20,26,251.68,9.68,43.77,1
30.0,76.25,2025-05-21,8,18.89,2.36125,4.19,1
30.0,76.25,2025-05-22,5,15.53,3.106,4.33,1
30.0,76.25,2025-05-23,11,104.11,9.464545454545455,18.78,1
30.0,76.25,2025-05-24,3,13.72,4.573333333333333,6.87,1
30.0,76.25,2025-05-25,1,2.56,2.56,2.56,1
30.0,76.25,2025-05-26,1,3.63,3.63,3.63,1
30.0,76.25,2025-05-27,2,33.74,16.87,31.07,1
30.0,76.25,2025-05-28,2,7.45,3.725,4.66,1
30.0,76.25,2025-05-29,1,12.58,12.58,12.58,1
30.0,76.25,2025-05-31,2,16.61,8.305,9.44,1
30.0,76.25,2025-06-01,1,1.35,1.35,1.35,1
30.0,76.25,2025-06-02,2,12.2,6.1,9.54,1
30.0,76.25,2025-06-03,1,12.32,12.32,12.32,1
30.0,76.25,2025-06-04,1,6.29,6.29,6.29,1
30.0,76.25,2025-06-08,2,18.3,9.15,11.73,1
30.0,76.25,2025-06-13,1,2.51,2.51,2.51,1
30.0,76.25,2025-06-19,1,3.14,3.14,3.14,1
30.0,76.25,2025-09-15,1,5.42,5.42,5.42,1
30.0,76.25,2025-09-16,2,10.43,5.215,5.66,1
30.0,76.25,2025-09-25,1,2.59,2.59,2.59,1
30.0,76.25,2025-09-28,1,5.6,5.6,5.6,1
30.0,76.25,2025-09-30,1,3.58,3.58,3.58,1
30.0,76.25,2025-10-05,1,1.57,1.57,1.57,1
30.0,76.25,2025-10-12,1,2.77,2.77,2.77,1
30.0,76.25,2025-10-14,1,7.58,7.58,7.58,1
30.0,76.25,2025-10-16,2,7.38,3.69,4.43,1
30.0,76.25,2025-10-19,1,12.42,12.42,12.42,1
30.0,76.25,2025-10-20,6,34.32,5.72,9.49,1
30.0,76.25,2025-10-21,13,48.85,3.7576923076923077,6.31,1
30.0,76.25,2025-10-22,1,3.71,3.71,3.71,1
30.0,76.25,2025-10-23,1,6.26,6.26,6.26,1
30.0,76.25,2025-10-25,2,21.97,10.985,17.95,1
30.0,76.25,2025-10-26,12,73.57,6.1308333333333325,26.68,1
30.0,76.25,2025-10-27,5,19.59,3.918,7.92,1
30.0,76.25,2025-10-29,23,111.0,4.826086956521739,12.29,1
30.0,76.25,2025-10-30,6,45.72,7.62,17.27,1
30.0,76.25,2025-10-31,34,157.91,4.6444117647058825,26.77,1
30.0,76.25,2025-11-01,13,75.81,5.831538461538462,15.51,1
30.0,76.25,2025-11-02,6,36.89,6.148333333333333,10.45,1
30.0,76.25,2025-11-03,12,70.57,5.8808333333333325,12.68,1
30.0,76.25,2025-11-04,9,69.92,7.768888888888889,19.23,1
30.0,76.25,2025-11-05,1,3.05,3.05,3.05,1
30.0,76.25,2025-11-06,12,33.99,2.8325,4.39,1
30.0,76.25,2025-11-07,10,46.25,4.625,10.07,1
30.0,76.25,2025-11-08,19,124.06,6.529473684210527,24.68,1
30.0,76.25,2025-11-09,14,87.5,6.25,13.49,1
30.0,76.25,2025-11-10,10,88.58,8.858,51.78,1
30.0,76.25,2025-11-11,7,48.620000000000005,6.945714285714287,17.35,1
30.0,76.25,2025-11-13,2,3.41,1.705,2.07,1
30.0,76.25,2025-11-14,2,21.04,10.52,19.34,1
30.0,76.25,2025-11-15,1,3.62,3.62,3.62,1
30.0,76.25,2025-11-18,2,3.4699999999999998,1.7349999999999999,2.76,1
30.0,76.25,2025-11-20,1,0.59,0.59,0.59,1
30.0,76.25,2025-11-21,1,0.68,0.68,0.68,1
30.0,76.25,2025-11-30,8,425.36,53.17,103.74,1
30.0,76.25,2025-12-01,7,24.799999999999997,3.5428571428571423,7.56,1
30.0,76.25,2025-12-02,1,0.61,0.61,0.61,1
30.0,76.875,2023-02-02,2,3.54,1.77,1.81,1
30.0,76.875,2023-02-11,1,1.58,1.58,1.58,1
30.0,76.875,2023-02-12,2,4.05,2.025,2.31,1
30.0,76.875,2023-02-16,2,7.58,3.79,3.98,1
30.0,76.875,2023-02-26,1,1.23,1.23,1.23,1
30.0,76.875,2023-02-28,3,7.43,2.4766666666666666,3.73,1
30.0,76.875,2023-03-02,1,2.57,2.57,2.57,1
30.0,76.875,2023-03-05,3,8.95,2.983333333333333,3.31,1
30.0,76.875,2023-03-06,1,2.24,2.24,2.24,1
30.0,76.875,2023-03-07,1,2.94,2.94,2.94,1
30.0,76.875,2023-03-08,1,3.74,3.74,3.74,1
30.0,76.875,2023-03-10,1,4.56,4.56,4.56,1
30.0,76.875,2023-03-11,1,4.55,4.55,4.55,1
30.0,76.875,2023-03-12,1,5.32,5.32,5.32,1
30.0,76.875,2023-03-13,2,34.38,17.19,19.46,1
30.0,76.875,2023-03-14,1,1.97,1.97,1.97,1
30.0,76.875,2023-03-15,1,2.21,2.21,2.21,1
30.0,76.875,2023-03-16,1,2.18,2.18,2.18,1
30.0,76.875,2023-03-17,1,1.94,1.94,1.94,1
30.0,76.875,2023-03-23,1,2.77,2.77,2.77,1
30.0,76.875,2023-03-26,1,7.64,7.64,7.64,1
30.0,76.875,2023-04-07,1,0.81,0.81,0.81,1
30.0,76.875,2023-04-08,2,14.51,7.255,8.27,1
30.0,76.875,2023-04-15,1,1.44,1.44,1.44,1
30.0,76.875,2023-04-18,2,4.48,2.24,2.24,1
30.0,76.875,2023-04-22,3,10.28,3.4266666666666663,6.41,1
30.0,76.875,2023-04-26,2,8.48,4.24,4.85,1
30.0,76.875,2023-04-28,1,1.21,1.21,1.21,1
30.0,76.875,2023-05-04,2,2.8,1.4,1.83,1
30.0,76.875,2023-05-05,6,59.18,9.863333333333333,21.09,1
30.0,76.875,2023-05-06,16,72.61,4.538125,7.29,1
30.0,76.875,2023-05-07,31,175.34,5.656129032258065,12.4,1
30.0,76.875,2023-05-08,25,124.62,4.9848,13.05,1
30.0,76.875,2023-05-09,17,134.16,7.891764705882353,14.17,1
30.0,76.875,2023-05-10,34,215.53,6.339117647058823,13.95,1
30.0,76.875,2023-05-11,29,125.57000000000001,4.33,11.57,1
30.0,76.875,2023-05-12,15,88.72,5.914666666666666,10.62,1
30.0,76.875,2023-05-13,27,158.09,5.855185185185185,12.05,1
30.0,76.875,2023-05-14,9,45.85,5.094444444444445,7.62,1
30.0,76.875,2023-05-15,1,9.24,9.24,9.24,1
30.0,76.875,2023-05-16,6,13.67,2.2783333333333333,4.44,1
30.0,76.875,2023-05-17,1,3.73,3.73,3.73,1
30.0,76.875,2023-05-18,1,2.55,2.55,2.55,1
30.0,76.875,2023-05-19,7,24.93,3.5614285714285714,5.45,1
30.0,76.875,2023-05-21,1,0.94,0.94,0.94,1
30.0,76.875,2023-05-22,1,2.82,2.82,2.82,1
30.0,76.875,2023-05-28,4,29.36,7.34,8.14,1
30.0,76.875,2023-06-02,3,43.32,14.44,21.54,1
30.0,76.875,2023-06-03,7,24.669999999999998,3.524285714285714,6.18,1
30.0,76.875,2023-06-04,2,3.02,1.51,1.98,1
30.0,76.875,2023-06-05,1,5.74,5.74,5.74,1
30.0,76.875,2023-06-07,1,3.07,3.07,3.07,1
30.0,76.875,2023-06-08,1,3.2,3.2,3.2,1
30.0,76.875,2023-06-09,4,11.44,2.86,5.84,1
30.0,76.875,2023-06-11,5,20.68,4.136,5.32,1
30.0,76.875,2023-06-13,4,22.23,5.5575,8.43,1
30.0,76.875,2023-06-15,1,5.95,5.95,5.95,1
30.0,76.875,2023-06-19,2,3.25,1.625,2.01,1
30.0,76.875,2023-06-20,2,4.68,2.34,2.95,1
30.0,76.875,2023-08-30,1,4.92,4.92,4.92,1
30.0,76.875,2023-09-03,1,2.13,2.13,2.13,1
30.0,76.875,2023-09-27,4,13.83,3.4575,4.26,1
30.0,76.875,2023-09-28,4,14.120000000000001,3.5300000000000002,4.47,1
30.0,76.875,2023-09-29,3,5.66,1.8866666666666667,2.91,1
30.0,76.875,2023-09-30,8,29.03,3.62875,5.12,1
30.0,76.875,2023-10-01,3,12.72,4.24,5.49,1
30.0,76.875,2023-10-02,7,19.54,2.7914285714285714,4.62,1
30.0,76.875,2023-10-03,3,42.68,14.226666666666667,22.06,1
30.0,76.875,2023-10-04,9,45.04,5.004444444444444,10.99,1
30.0,76.875,2023-10-05,8,22.740000000000002,2.8425000000000002,4.72,1
30.0,76.875,2023-10-06,1,4.63,4.63,4.63,1
30.0,76.875,2023-10-07,2,5.65,2.825,3.06,1
30.0,76.875,2023-10-08,4,10.42,2.605,3.24,1
30.0,76.875,2023-10-09,3,12.19,4.0633333333333335,4.99,1
30.0,76.875,2023-10-12,5,14.16,2.832,5.68,1
30.0,76.875,2023-10-13,2,5.91,2.955,3.69,1
30.0,76.875,2023-10-14,6,19.18,3.1966666666666668,4.94,1
30.0,76.875,2023-10-15,16,51.67,3.229375,6.71,1
30.0,76.875,2023-10-19,5,15.55,3.1100000000000003,5.49,1
30.0,76.875,2023-10-20,6,19.29,3.215,4.43,1
30.0,76.875,2023-10-21,6,12.27,2.045,3.86,1
30.0,76.875,2023-10-22,5,10.82,2.164,4.01,1
30.0,76.875,2023-10-23,5,13.09,2.618,4.94,1
30.0,76.875,2023-10-24,13,38.77,2.9823076923076925,5.87,1
30.0,76.875,2023-10-25,17,67.55,3.9735294117647055,8.48,1
30.0,76.875,2023-10-26,21,82.1,3.9095238095238094,13.35,1
30.0,76.875,2023-10-27,11,75.49000000000001,6.862727272727273,25.44,1
30.0,76.875,2023-10-28,1,4.42,4.42,4.42,1
30.0,76.875,2023-10-29,9,44.4,4.933333333333334,9.74,1
30.0,76.875,2023-10-30,6,29.29,4.881666666666667,6.54,1
30.0,76.875,2023-10-31,7,30.6,4.371428571428572,12.35,1
30.0,76.875,2023-11-01,20,80.65,4.032500000000001,13.89,1
30.0,76.875,2023-11-03,2,8.5,4.25,4.78,1
30.0,76.875,2023-11-04,1,3.65,3.65,3.65,1
30.0,76.875,2023-11-05,10,73.66,7.366,26.11,1
30.0,76.875,2023-11-06,2,4.21,2.105,2.61,1
30.0,76.875,2023-11-08,1,6.64,6.64,6.64,1
30.0,76.875,2023-11-09,2,8.14,4.07,4.07,1
30.0,76.875,2023-11-11,1,1.48,1.48,1.48,1
30.0,76.875,2023-11-12,1,5.27,5.27,5.27,1
30.0,76.875,2023-11-14,1,2.8,2.8,2.8,1
30.0,76.875,2023-11-16,1,1.51,1.51,1.51,1
30.0,76.875,2023-11-20,1,1.46,1.46,1.46,1
30.0,76.875,2023-11-21,2,5.29,2.645,4.13,1
30.0,76.875,2023-11-22,1,2.8,2.8,2.8,1
30.0,76.875,2023-12-08,1,1.95,1.95,1.95,1
30.0,76.875,2023-12-09,2,8.9,4.45,5.42,1
30.0,76.875,2023-12-10,1,0.94,0.94,0.94,1
30.0,76.875,2023-12-19,3,9.41,3.1366666666666667,4.15,1
30.0,76.875,2023-12-24,1,2.41,2.41,2.41,1
30.0,76.875,2024-01-30,1,2.06,2.06,2.06,1
30.0,76.875,2024-02-10,2,5.73,2.865,4.19,1
30.0,76.875,2024-02-11,1,5.67,5.67,5.67,1
30.0,76.875,2024-02-13,1,1.01,1.01,1.01,1
30.0,76.875,2024-02-14,1,1.1,1.1,1.1,1
30.0,76.875,2024-02-15,2,3.78,1.89,2.03,1
30.0,76.875,2024-02-16,2,4.77,2.385,2.67,1
30.0,76.875,2024-02-22,3,18.45,6.1499999999999995,8.49,1
30.0,76.875,2024-02-23,2,4.82,2.41,2.94,1
30.0,76.875,2024-02-24,1,4.36,4.36,4.36,1
30.0,76.875,2024-02-29,1,3.26,3.26,3.26,1
30.0,76.875,2024-03-19,1,3.99,3.99,3.99,1
30.0,76.875,2024-03-20,1,4.82,4.82,4.82,1
30.0,76.875,2024-03-22,2,7.84,3.92,4.69,1
30.0,76.875,2024-03-25,1,6.52,6.52,6.52,1
30.0,76.875,2024-03-29,2,2.26,1.13,1.13,1
30.0,76.875,2024-03-30,1,1.95,1.95,1.95,1
30.0,76.875,2024-04-05,1,2.83,2.83,2.83,1
30.0,76.875,2024-04-06,1,1.43,1.43,1.43,1
30.0,76.875,2024-04-08,1,1.58,1.58,1.58,1
30.0,76.875,2024-04-09,1,0.67,0.67,0.67,1
30.0,76.875,2024-04-25,2,119.70000000000002,59.85000000000001,77.18,1
30.0,76.875,2024-04-26,3,25.8,8.6,11.63,1
30.0,76.875,2024-04-30,2,4.77,2.385,2.69,1
30.0,76.875,2024-05-02,20,83.99,4.1995,9.58,1
30.0,76.875,2024-05-03,4,19.29,4.8225,6.78,1
30.0,76.875,2024-05-04,19,220.19,11.588947368421053,40.52,1
30.0,76.875,2024-05-05,45,351.65,7.814444444444444,31.92,1
30.0,76.875,2024-05-06,13,203.41,15.646923076923077,48.28,1
30.0,76.875,2024-05-07,43,266.1,6.188372093023256,18.17,1
30.0,76.875,2024-05-08,24,156.44,6.5183333333333335,16.5,1
30.0,76.875,2024-05-09,35,256.94,7.341142857142857,45.83,1
30.0,76.875,2024-05-10,37,163.7,4.424324324324324,12.64,1
30.0,76.875,2024-05-11,7,78.44,11.205714285714285,30.79,1
30.0,76.875,2024-05-12,79,360.13,4.558607594936709,11.48,1
30.0,76.875,2024-05-13,59,255.43,4.329322033898305,10.36,1
30.0,76.875,2024-05-14,47,421.05,8.958510638297872,25.48,1
30.0,76.875,2024-05-15,22,190.64,8.665454545454544,22.22,1
30.0,76.875,2024-05-16,19,112.94,5.944210526315789,11.16,1
30.0,76.875,2024-05-17,21,192.16,9.15047619047619,25.47,1
30.0,76.875,2024-05-18,26,80.67,3.102692307692308,6.21,1
30.0,76.875,2024-05-19,3,9.68,3.2266666666666666,4.55,1
30.0,76.875,2024-05-20,4,20.58,5.145,7.21,1
30.0,76.875,2024-05-21,6,36.61,6.101666666666667,10.21,1
30.0,76.875,2024-05-23,2,9.45,4.725,6.26,1
30.0,76.875,2024-05-24,4,19.91,4.9775,6.13,1
30.0,76.875,2024-05-25,1,11.21,11.21,11.21,1
30.0,76.875,2024-05-26,2,8.57,4.285,5.82,1
30.0,76.875,2024-05-27,3,18.19,6.0633333333333335,14.07,1
30.0,76.875,2024-05-28,4,60.27,15.0675,25.3,1
30.0,76.875,2024-05-29,1,2.48,2.48,2.48,1
30.0,76.875,2024-06-04,4,13.33,3.3325,4.8,1
30.0,76.875,2024-06-06,4,11.59,2.8975,3.9,1
30.0,76.875,2024-06-09,3,14.309999999999999,4.77,6.56,1
30.0,76.875,2024-06-10,6,33.45,5.575,8.57,1
30.0,76.875,2024-06-11,4,26.0,6.5,8.73,1
30.0,76.875,2024-06-13,10,46.72,4.672,8.05,1
30.0,76.875,2024-06-14,1,2.33,2.33,2.33,1
30.0,76.875,2024-06-15,7,82.41,11.772857142857143,33.1,1
30.0,76.875,2024-06-16,4,14.99,3.7475,5.16,1
30.0,76.875,2024-06-18,2,7.99,3.995,5.25,1
30.0,76.875,2024-06-19,3,11.2,3.733333333333333,5.94,1
30.0,76.875,2024-06-21,1,2.52,2.52,2.52,1
30.0,76.875,2024-06-27,1,3.17,3.17,3.17,1
30.0,76.875,2024-08-25,1,2.09,2.09,2.09,1
30.0,76.875,2024-09-01,2,10.86,5.43,7.54,1
30.0,76.875,2024-09-20,1,3.34,3.34,3.34,1
30.0,76.875,2024-09-21,2,5.2299999999999995,2.6149999999999998,4.34,1
30.0,76.875,2024-09-23,7,26.17,3.738571428571429,5.57,1
30.0,76.875,2024-09-25,7,32.81,4.687142857142858,7.1,1
30.0,76.875,2024-09-30,1,2.07,2.07,2.07,1
30.0,76.875,2024-10-02,8,24.07,3.00875,5.85,1
30.0,76.875,2024-10-03,1,1.63,1.63,1.63,1
30.0,76.875,2024-10-04,3,12.17,4.056666666666667,4.85,1
30.0,76.875,2024-10-05,5,40.98,8.196,11.35,1
30.0,76.875,2024-10-06,9,36.64,4.071111111111112,8.72,1
30.0,76.875,2024-10-07,3,6.9399999999999995,2.313333333333333,3.53,1
30.0,76.875,2024-10-08,1,5.98,5.98,5.98,1
30.0,76.875,2024-10-09,5,22.64,4.5280000000000005,8.74,1
30.0,76.875,2024-10-10,2,6.140000000000001,3.0700000000000003,3.22,1
30.0,76.875,2024-10-11,2,5.26,2.63,2.7,1
30.0,76.875,2024-10-12,9,41.52,4.613333333333333,9.73,1
30.0,76.875,2024-10-13,10,40.71,4.071,12.24,1
30.0,76.875,2024-10-14,1,3.39,3.39,3.39,1
30.0,76.875,2024-10-15,1,2.9,2.9,2.9,1
30.0,76.875,2024-10-17,10,26.33,2.633,4.73,1
30.0,76.875,2024-10-18,1,2.5,2.5,2.5,1
30.0,76.875,2024-10-19,3,7.53,2.5100000000000002,4.69,1
30.0,76.875,2024-10-20,6,21.05,3.5083333333333333,5.12,1
30.0,76.875,2024-10-22,3,45.67,15.223333333333334,21.71,1
30.0,76.875,2024-10-23,8,28.92,3.615,8.05,1
30.0,76.875,2024-10-24,3,14.690000000000001,4.896666666666667,5.48,1
30.0,76.875,2024-10-25,7,42.39,6.055714285714286,16.42,1
30.0,76.875,2024-10-26,4,10.45,2.6125,5.45,1
30.0,76.875,2024-10-27,3,9.67,3.223333333333333,3.31,1
30.0,76.875,2024-10-28,6,21.71,3.6183333333333336,6.17,1
30.0,76.875,2024-10-29,5,17.86,3.572,4.79,1
30.0,76.875,2024-10-31,2,6.58,3.29,3.3,1
30.0,76.875,2024-11-01,3,11.66,3.8866666666666667,6.34,1
30.0,76.875,2024-11-02,3,20.98,6.993333333333333,8.04,1
30.0,76.875,2024-11-07,2,14.52,7.26,8.62,1
30.0,76.875,2024-11-10,2,3.58,1.79,2.15,1
30.0,76.875,2024-11-12,2,6.06,3.03,3.03,1
30.0,76.875,2024-11-16,1,2.69,2.69,2.69,1
30.0,76.875,2024-11-18,1,2.96,2.96,2.96,1
30.0,76.875,2024-11-29,1,1.05,1.05,1.05,1
30.0,76.875,2024-12-10,2,5.18,2.59,3.22,1
30.0,76.875,2024-12-13,2,5.46,2.73,2.73,1
30.0,76.875,2024-12-14,1,3.51,3.51,3.51,1
30.0,76.875,2024-12-15,1,3.07,3.07,3.07,1
30.0,76.875,2024-12-19,1,2.26,2.26,2.26,1
30.0,76.875,2024-12-20,1,2.14,2.14,2.14,1
30.0,76.875,2024-12-25,3,10.8,3.6,5.21,1
30.0,76.875,2024-12-26,1,7.59,7.59,7.59,1
30.0,76.875,2025-01-05,1,1.95,1.95,1.95,1
30.0,76.875,2025-01-27,1,8.51,8.51,8.51,1
30.0,76.875,2025-01-28,1,1.72,1.72,1.72,1
30.0,76.875,2025-02-01,1,1.89,1.89,1.89,1
30.0,76.875,2025-02-02,5,7.19,1.4380000000000002,2.66,1
30.0,76.875,2025-02-03,2,12.82,6.41,10.32,1
30.0,76.875,2025-02-05,1,2.37,2.37,2.37,1
30.0,76.875,2025-02-09,2,6.69,3.345,4.15,1
30.0,76.875,2025-02-14,2,3.84,1.92,2.44,1
30.0,76.875,2025-02-17,2,3.17,1.585,1.97,1
30.0,76.875,2025-02-18,2,5.17,2.585,3.16,1
30.0,76.875,2025-02-23,1,2.69,2.69,2.69,1
30.0,76.875,2025-02-26,1,3.91,3.91,3.91,1
30.0,76.875,2025-03-03,2,4.35,2.175,2.19,1
30.0,76.875,2025-03-05,1,3.01,3.01,3.01,1
30.0,76.875,2025-03-06,2,3.1100000000000003,1.5550000000000002,1.86,1
30.0,76.875,2025-03-08,2,4.21,2.105,2.46,1
30.0,76.875,2025-03-11,1,2.45,2.45,2.45,1
30.0,76.875,2025-03-12,1,7.4,7.4,7.4,1
30.0,76.875,2025-03-13,1,11.94,11.94,11.94,1
30.0,76.875,2025-03-17,1,3.31,3.31,3.31,1
30.0,76.875,2025-03-18,1,0.91,0.91,0.91,1
30.0,76.875,2025-03-20,1,1.6,1.6,1.6,1
30.0,76.875,2025-03-21,1,3.19,3.19,3.19,1
30.0,76.875,2025-04-14,1,3.84,3.84,3.84,1
30.0,76.875,2025-04-16,7,41.519999999999996,5.931428571428571,10.52,1
30.0,76.875,2025-04-22,2,1.9300000000000002,0.9650000000000001,1.54,1
30.0,76.875,2025-04-23,3,23.19,7.73,10.83,1
30.0,76.875,2025-04-24,10,57.91,5.7909999999999995,9.17,1
30.0,76.875,2025-04-25,20,573.9,28.695,161.94,1
30.0,76.875,2025-04-26,5,35.59,7.118,17.79,1
30.0,76.875,2025-04-27,3,39.629999999999995,13.209999999999999,34.16,1
30.0,76.875,2025-04-29,9,39.0,4.333333333333333,9.43,1
30.0,76.875,2025-04-30,6,50.58,8.43,20.65,1
30.0,76.875,2025-05-01,5,72.0,14.4,26.2,1
30.0,76.875,2025-05-03,1,7.16,7.16,7.16,1
30.0,76.875,2025-05-06,1,0.97,0.97,0.97,1
30.0,76.875,2025-05-07,5,32.97,6.593999999999999,10.67,1
30.0,76.875,2025-05-08,11,48.86,4.441818181818181,9.2,1
30.0,76.875,2025-05-09,1,3.65,3.65,3.65,1
30.0,76.875,2025-05-10,3,16.91,5.636666666666667,10.88,1
30.0,76.875,2025-05-11,18,69.45,3.8583333333333334,9.19,1
30.0,76.875,2025-05-12,27,123.08,4.558518518518518,15.45,1
30.0,76.875,2025-05-13,20,114.38,5.718999999999999,19.4,1
30.0,76.875,2025-05-14,5,18.6,3.72,6.96,1
30.0,76.875,2025-05-15,29,170.75,5.887931034482759,56.15,1
30.0,76.875,2025-05-16,19,98.33,5.175263157894737,12.77,1
30.0,76.875,2025-05-17,10,42.86,4.286,5.94,1
30.0,76.875,2025-05-18,25,488.68,19.5472,127.36,1
30.0,76.875,2025-05-19,4,9.85,2.4625,3.01,1
30.0,76.875,2025-05-20,6,13.44,2.2399999999999998,4.1,1
30.0,76.875,2025-05-21,7,24.259999999999998,3.4657142857142853,5.2,1
30.0,76.875,2025-05-22,2,3.8099999999999996,1.9049999999999998,2.26,1
30.0,76.875,2025-05-23,5,11.35,2.27,3.48,1
30.0,76.875,2025-05-24,11,48.37,4.397272727272727,8.23,1
30.0,76.875,2025-06-01,3,10.28,3.4266666666666663,3.84,1
30.0,76.875,2025-06-03,1,4.62,4.62,4.62,1
30.0,76.875,2025-06-06,3,5.97,1.99,2.61,1
30.0,76.875,2025-06-07,1,0.85,0.85,0.85,1
30.0,76.875,2025-06-08,1,2.81,2.81,2.81,1
30.0,76.875,2025-06-09,1,5.58,5.58,5.58,1
30.0,76.875,2025-06-11,2,7.48,3.74,3.97,1
30.0,76.875,2025-06-12,2,9.64,4.82,5.77,1
30.0,76.875,2025-06-14,3,12.91,4.303333333333334,6.7,1
30.0,76.875,2025-09-27,2,5.07,2.535,2.64,1
30.0,76.875,2025-09-29,1,3.79,3.79,3.79,1
30.0,76.875,2025-10-15,2,4.220000000000001,2.1100000000000003,2.14,1
30.0,76.875,2025-10-16,1,1.13,1.13,1.13,1
30.0,76.875,2025-10-19,3,7.43,2.4766666666666666,5.5,1
30.0,76.875,2025-10-20,6,20.36,3.393333333333333,5.58,1
30.0,76.875,2025-10-21,2,14.65,7.325,8.48,1
30.0,76.875,2025-10-22,1,3.08,3.08,3.08,1
30.0,76.875,2025-10-25,3,15.309999999999999,5.103333333333333,13.03,1
30.0,76.875,2025-10-26,2,5.109999999999999,2.5549999999999997,3.71,1
30.0,76.875,2025-10-27,2,9.3,4.65,4.84,1
30.0,76.875,2025-10-29,1,2.24,2.24,2.24,1
30.0,76.875,2025-10-31,1,1.69,1.69,1.69,1
30.0,76.875,2025-11-01,2,10.81,5.405,6.23,1
30.0,76.875,2025-11-08,2,1.08,0.54,0.55,1
30.0,76.875,2025-11-09,1,1.15,1.15,1.15,1
30.0,76.875,2025-11-10,1,0.64,0.64,0.64,1
30.0,76.875,2025-11-11,1,1.98,1.98,1.98,1
30.0,76.875,2025-11-13,1,3.9,3.9,3.9,1
30.0,76.875,2025-12-28,1,2.86,2.86,2.86,1
30.5,73.125,2023-01-02,1,1.7,1.7,1.7,1
30.5,73.125,2023-01-14,1,3.32,3.32,3.32,1
30.5,73.125,2023-01-26,1,3.64,3.64,3.64,1
30.5,73.125,2023-02-06,1,1.56,1.56,1.56,1
30.5,73.125,2023-04-18,1,2.92,2.92,2.92,1
30.5,73.125,2023-04-21,2,17.73,8.865,14.22,1
30.5,73.125,2023-05-03,1,10.81,10.81,10.81,1
30.5,73.125,2023-06-05,4,31.369999999999997,7.842499999999999,11.17,1
30.5,73.125,2023-06-07,2,9.84,4.92,5.47,1
30.5,73.125,2023-06-08,8,19.95,2.49375,4.69,1
30.5,73.125,2023-06-10,4,11.43,2.8575,4.22,1
30.5,73.125,2023-06-11,5,12.13,2.426,4.0,1
30.5,73.125,2023-06-12,1,2.33,2.33,2.33,1
30.5,73.125,2023-06-13,8,27.189999999999998,3.3987499999999997,4.33,1
30.5,73.125,2023-06-16,8,39.65,4.95625,8.68,1
30.5,73.125,2023-06-17,15,62.91,4.194,6.62,1
30.5,73.125,2023-06-18,19,63.47,3.340526315789474,7.21,1
30.5,73.125,2023-06-19,19,115.63,6.08578947368421,18.05,1
30.5,73.125,2023-06-20,2,9.32,4.66,8.31,1
30.5,73.125,2023-06-21,17,66.58,3.916470588235294,12.15,1
30.5,73.125,2023-06-22,15,45.25,3.0166666666666666,7.05,1
30.5,73.125,2023-06-23,19,232.67000000000002,12.245789473684212,25.92,1
30.5,73.125,2023-06-24,21,87.0,4.142857142857143,12.92,1
30.5,73.125,2023-06-27,3,6.11,2.0366666666666666,3.15,1
30.5,73.125,2023-06-28,5,18.06,3.6119999999999997,4.18,1
30.5,73.125,2023-07-02,7,31.32,4.474285714285714,8.72,1
30.5,73.125,2023-07-03,4,29.509999999999998,7.3774999999999995,13.85,1
30.5,73.125,2023-07-04,16,55.57,3.473125,5.41,1
30.5,73.125,2023-07-05,5,17.009999999999998,3.4019999999999997,7.01,1
30.5,73.125,2023-07-07,1,4.47,4.47,4.47,1
30.5,73.125,2023-07-10,8,21.66,2.7075,4.74,1
30.5,73.125,2023-07-12,11,31.330000000000002,2.848181818181818,4.49,1
30.5,73.125,2023-07-13,1,3.42,3.42,3.42,1
30.5,73.125,2023-07-14,6,19.73,3.2883333333333336,5.54,1
30.5,73.125,2023-07-15,10,32.239999999999995,3.2239999999999993,6.42,1
30.5,73.125,2023-07-17,3,15.24,5.08,6.81,1
30.5,73.125,2023-07-19,2,4.85,2.425,3.41,1
30.5,73.125,2023-07-28,1,2.45,2.45,2.45,1
30.5,73.125,2023-07-31,1,2.83,2.83,2.83,1
30.5,73.125,2023-08-01,2,7.0,3.5,4.74,1
30.5,73.125,2023-08-05,2,8.44,4.22,6.7,1
30.5,73.125,2023-08-06,3,8.780000000000001,2.926666666666667,4.4,1
30.5,73.125,2023-08-10,2,22.090000000000003,11.045000000000002,17.44,1
30.5,73.125,2023-08-11,2,8.67,4.335,5.56,1
30.5,73.125,2023-08-13,3,14.58,4.86,6.28,1
30.5,73.125,2023-08-16,1,3.17,3.17,3.17,1
30.5,73.125,2023-08-17,1,0.79,0.79,0.79,1
30.5,73.125,2023-08-22,7,34.47,4.924285714285714,9.54,1
30.5,73.125,2023-08-26,1,4.99,4.99,4.99,1
30.5,73.125,2023-08-29,2,33.68,16.84,16.84,1
30.5,73.125,2023-09-01,1,2.5,2.5,2.5,1
30.5,73.125,2023-09-23,1,4.42,4.42,4.42,1
30.5,73.125,2023-09-27,3,13.05,4.3500000000000005,5.11,1
30.5,73.125,2023-09-28,6,40.78,6.796666666666667,10.89,1
30.5,73.125,2023-09-29,8,28.080000000000002,3.5100000000000002,10.23,1
30.5,73.125,2023-10-01,2,5.890000000000001,2.9450000000000003,4.03,1
30.5,73.125,2023-10-02,5,17.35,3.47,5.29,1
30.5,73.125,2023-10-03,7,87.57000000000001,12.510000000000002,19.4,1
30.5,73.125,2023-10-04,8,46.01,5.75125,12.69,1
30.5,73.125,2023-10-05,10,35.75,3.575,6.41,1
30.5,73.125,2023-10-06,10,35.96,3.596,6.09,1
30.5,73.125,2023-10-08,8,30.02,3.7525,6.27,1
30.5,73.125,2023-10-09,15,76.83,5.122,17.34,1
30.5,73.125,2023-10-10,6,24.77,4.128333333333333,5.52,1
30.5,73.125,2023-10-11,10,33.82,3.382,7.05,1
30.5,73.125,2023-10-12,4,18.87,4.7175,5.57,1
30.5,73.125,2023-10-13,15,91.03999999999999,6.069333333333333,12.15,1
30.5,73.125,2023-10-14,7,39.0,5.571428571428571,10.09,1
30.5,73.125,2023-10-15,16,55.05,3.440625,7.04,1
30.5,73.125,2023-10-16,4,25.5,6.375,10.65,1
30.5,73.125,2023-10-18,12,57.92,4.826666666666667,9.47,1
30.5,73.125,2023-10-19,8,26.82,3.3525,6.3,1
30.5,73.125,2023-10-20,16,86.47,5.404375,24.65,1
30.5,73.125,2023-10-21,13,64.61,4.97,11.98,1
30.5,73.125,2023-10-22,2,9.83,4.915,5.34,1
30.5,73.125,2023-10-23,4,33.9,8.475,15.71,1
30.5,73.125,2023-10-24,3,19.99,6.663333333333333,9.93,1
30.5,73.125,2023-10-25,14,103.02,7.3585714285714285,14.92,1
30.5,73.125,2023-10-26,5,23.44,4.688000000000001,11.6,1
30.5,73.125,2023-10-27,6,20.3,3.3833333333333333,4.58,1
30.5,73.125,2023-10-29,3,14.41,4.803333333333334,5.94,1
30.5,73.125,2023-10-30,6,31.02,5.17,11.42,1
30.5,73.125,2023-10-31,6,36.92,6.153333333333333,14.26,1
30.5,73.125,2023-11-01,2,17.04,8.52,11.35,1
30.5,73.125,2023-11-03,3,18.29,6.096666666666667,8.87,1
30.5,73.125,2023-11-04,1,3.43,3.43,3.43,1
30.5,73.125,2023-11-05,2,6.6,3.3,3.99,1
30.5,73.125,2023-11-09,1,5.5,5.5,5.5,1
30.5,73.125,2023-11-11,1,7.49,7.49,7.49,1
30.5,73.125,2023-11-12,3,14.610000000000001,4.87,5.98,1
30.5,73.125,2023-11-13,2,7.18,3.59,3.76,1
30.5,73.125,2023-11-14,3,22.21,7.403333333333333,10.65,1
30.5,73.125,2023-11-15,1,3.58,3.58,3.58,1
30.5,73.125,2023-11-16,2,7.720000000000001,3.8600000000000003,5.91,1
30.5,73.125,2023-11-17,1,2.94,2.94,2.94,1
30.5,73.125,2023-11-18,1,3.55,3.55,3.55,1
30.5,73.125,2023-12-02,1,3.03,3.03,3.03,1
30.5,73.125,2023-12-13,1,1.62,1.62,1.62,1
30.5,73.125,2023-12-23,2,4.73,2.365,3.04,1
30.5,73.125,2024-02-28,1,0.99,0.99,0.99,1
30.5,73.125,2024-04-23,2,8.1,4.05,4.56,1
30.5,73.125,2024-04-25,2,8.66,4.33,4.73,1
30.5,73.125,2024-04-28,2,6.52,3.26,3.26,1
30.5,73.125,2024-04-29,1,1.6,1.6,1.6,1
30.5,73.125,2024-05-01,1,3.06,3.06,3.06,1
30.5,73.125,2024-05-04,1,4.07,4.07,4.07,1
30.5,73.125,2024-05-07,1,3.13,3.13,3.13,1
30.5,73.125,2024-05-12,1,4.19,4.19,4.19,1
30.5,73.125,2024-05-17,1,6.95,6.95,6.95,1
30.5,73.125,2024-05-29,2,14.06,7.03,11.38,1
30.5,73.125,2024-06-04,1,5.11,5.11,5.11,1
30.5,73.125,2024-06-05,1,2.02,2.02,2.02,1
30.5,73.125,2024-06-09,3,15.05,5.016666666666667,9.14,1
30.5,73.125,2024-06-10,3,14.45,4.816666666666666,5.26,1
30.5,73.125,2024-06-12,6,37.25,6.208333333333333,9.81,1
30.5,73.125,2024-06-13,7,13.25,1.8928571428571428,3.77,1
30.5,73.125,2024-06-14,9,35.699999999999996,3.9666666666666663,9.18,1
30.5,73.125,2024-06-15,8,19.36,2.42,4.97,1
30.5,73.125,2024-06-18,7,32.089999999999996,4.584285714285714,8.3,1
30.5,73.125,2024-06-19,1,1.22,1.22,1.22,1
30.5,73.125,2024-06-23,8,25.11,3.13875,5.15,1
30.5,73.125,2024-06-24,2,5.109999999999999,2.5549999999999997,3.51,1
30.5,73.125,2024-06-25,8,30.439999999999998,3.8049999999999997,5.59,1
30.5,73.125,2024-06-26,21,103.74,4.9399999999999995,18.9,1
30.5,73.125,2024-06-28,15,60.2,4.013333333333334,12.02,1
30.5,73.125,2024-06-29,11,36.98,3.3618181818181814,8.2,1
30.5,73.125,2024-06-30,9,41.95,4.661111111111111,6.07,1
30.5,73.125,2024-07-01,5,15.620000000000001,3.124,5.38,1
30.5,73.125,2024-07-03,1,2.08,2.08,2.08,1
30.5,73.125,2024-07-05,1,3.22,3.22,3.22,1
30.5,73.125,2024-07-07,2,8.54,4.27,4.27,1
30.5,73.125,2024-07-09,10,50.11,5.011,8.87,1
30.5,73.125,2024-07-17,5,22.64,4.5280000000000005,5.57,1
30.5,73.125,2024-07-19,1,3.38,3.38,3.38,1
30.5,73.125,2024-07-22,3,13.760000000000002,4.586666666666667,5.78,1
30.5,73.125,2024-07-23,2,6.73,3.365,3.92,1
30.5,73.125,2024-07-30,2,9.9,4.95,6.36,1
30.5,73.125,2024-07-31,1,3.04,3.04,3.04,1
30.5,73.125,2024-08-03,4,12.5,3.125,4.49,1
30.5,73.125,2024-08-04,1,5.01,5.01,5.01,1
30.5,73.125,2024-08-05,1,7.46,7.46,7.46,1
30.5,73.125,2024-08-08,2,11.91,5.955,8.02,1
30.5,73.125,2024-08-10,1,4.82,4.82,4.82,1
30.5,73.125,2024-08-13,1,2.51,2.51,2.51,1
30.5,73.125,2024-08-14,2,11.17,5.585,8.36,1
30.5,73.125,2024-08-16,2,6.69,3.345,4.23,1
30.5,73.125,2024-08-20,1,2.41,2.41,2.41,1
30.5,73.125,2024-08-21,2,6.07,3.035,3.58,1
30.5,73.125,2024-08-23,2,16.46,8.23,12.03,1
30.5,73.125,2024-08-24,3,9.92,3.3066666666666666,4.61,1
30.5,73.125,2024-08-25,2,6.41,3.205,4.56,1
30.5,73.125,2024-08-26,6,22.46,3.7433333333333336,6.21,1
30.5,73.125,2024-09-06,3,11.68,3.893333333333333,5.47,1
30.5,73.125,2024-09-07,3,14.3,4.766666666666667,6.07,1
30.5,73.125,2024-09-08,4,31.55,7.8875,20.89,1
30.5,73.125,2024-09-09,11,51.44,4.676363636363636,9.55,1
30.5,73.125,2024-09-10,1,6.68,6.68,6.68,1
30.5,73.125,2024-09-11,3,11.19,3.73,4.67,1
30.5,73.125,2024-09-12,8,44.75,5.59375,9.18,1
30.5,73.125,2024-09-13,2,12.059999999999999,6.029999999999999,7.46,1
30.5,73.125,2024-09-14,1,4.1,4.1,4.1,1
30.5,73.125,2024-09-15,8,23.55,2.94375,5.79,1
30.5,73.125,2024-09-16,2,5.92,2.96,5.11,1
30.5,73.125,2024-09-17,10,75.11,7.511,17.26,1
30.5,73.125,2024-09-18,3,15.57,5.19,9.5,1
30.5,73.125,2024-09-19,1,2.18,2.18,2.18,1
30.5,73.125,2024-09-21,2,14.68,7.34,7.49,1
30.5,73.125,2024-09-23,3,4.79,1.5966666666666667,2.14,1
30.5,73.125,2024-09-24,2,5.869999999999999,2.9349999999999996,3.09,1
30.5,73.125,2024-09-25,3,9.870000000000001,3.2900000000000005,3.97,1
30.5,73.125,2024-09-30,6,28.150000000000002,4.691666666666667,7.36,1
30.5,73.125,2024-10-01,4,11.56,2.89,5.03,1
30.5,73.125,2024-10-02,4,27.45,6.8625,10.26,1
30.5,73.125,2024-10-03,7,39.24,5.605714285714286,14.79,1
30.5,73.125,2024-10-04,8,21.31,2.66375,4.43,1
30.5,73.125,2024-10-05,3,15.39,5.13,7.59,1
30.5,73.125,2024-10-06,20,76.14,3.807,9.67,1
30.5,73.125,2024-10-07,10,60.089999999999996,6.0089999999999995,11.61,1
30.5,73.125,2024-10-08,4,27.43,6.8575,10.88,1
30.5,73.125,2024-10-09,5,29.630000000000003,5.926,9.64,1
30.5,73.125,2024-10-10,21,118.11,5.6242857142857146,20.45,1
30.5,73.125,2024-10-11,24,176.87,7.369583333333334,45.34,1
30.5,73.125,2024-10-12,22,163.5,7.431818181818182,46.37,1
30.5,73.125,2024-10-13,18,147.52,8.195555555555556,26.25,1
30.5,73.125,2024-10-14,15,95.8,6.386666666666667,14.49,1
30.5,73.125,2024-10-15,27,165.95,6.1462962962962955,29.16,1
30.5,73.125,2024-10-16,12,55.91,4.659166666666667,8.66,1
30.5,73.125,2024-10-17,15,77.07,5.138,24.01,1
30.5,73.125,2024-10-18,21,110.12,5.243809523809524,15.5,1
30.5,73.125,2024-10-19,11,59.9,5.445454545454545,15.55,1
30.5,73.125,2024-10-20,5,33.370000000000005,6.674000000000001,11.58,1
30.5,73.125,2024-10-21,8,30.759999999999998,3.8449999999999998,8.66,1
30.5,73.125,2024-10-22,14,37.910000000000004,2.707857142857143,4.11,1
30.5,73.125,2024-10-23,14,46.53,3.323571428571429,6.26,1
30.5,73.125,2024-10-24,4,58.28,14.57,19.93,1
30.5,73.125,2024-10-25,11,47.18,4.289090909090909,6.92,1
30.5,73.125,2024-10-26,5,22.45,4.49,5.97,1
30.5,73.125,2024-10-27,5,56.410000000000004,11.282,23.28,1
30.5,73.125,2024-10-28,8,35.85,4.48125,10.89,1
30.5,73.125,2024-10-29,5,29.769999999999996,5.953999999999999,8.54,1
30.5,73.125,2024-10-31,2,9.57,4.785,6.39,1
30.5,73.125,2024-11-01,11,46.14,4.194545454545454,6.53,1
30.5,73.125,2024-11-02,8,37.63,4.70375,13.33,1
30.5,73.125,2024-11-07,3,16.03,5.343333333333334,5.67,1
30.5,73.125,2024-11-09,1,4.34,4.34,4.34,1
30.5,73.125,2024-11-12,1,4.04,4.04,4.04,1
30.5,73.125,2024-11-26,1,2.64,2.64,2.64,1
30.5,73.125,2024-12-05,1,5.63,5.63,5.63,1
30.5,73.125,2025-01-08,1,2.99,2.99,2.99,1
30.5,73.125,2025-02-12,1,2.33,2.33,2.33,1
30.5,73.125,2025-03-02,1,2.5,2.5,2.5,1
30.5,73.125,2025-04-23,4,22.54,5.635,7.6,1
30.5,73.125,2025-04-24,1,1.79,1.79,1.79,1
30.5,73.125,2025-04-29,1,1.77,1.77,1.77,1
30.5,73.125,2025-05-15,1,2.34,2.34,2.34,1
30.5,73.125,2025-05-17,1,4.07,4.07,4.07,1
30.5,73.125,2025-05-25,1,3.72,3.72,3.72,1
30.5,73.125,2025-05-26,1,2.6,2.6,2.6,1
30.5,73.125,2025-05-27,3,14.83,4.943333333333333,5.67,1
30.5,73.125,2025-05-28,1,4.04,4.04,4.04,1
30.5,73.125,2025-05-31,1,3.28,3.28,3.28,1
30.5,73.125,2025-06-01,4,15.11,3.7775,4.8,1
30.5,73.125,2025-06-02,7,33.06,4.722857142857143,8.37,1
30.5,73.125,2025-06-03,2,5.0600000000000005,2.5300000000000002,3.06,1
30.5,73.125,2025-06-08,15,86.5,5.766666666666667,14.0,1
30.5,73.125,2025-06-10,10,71.0,7.1,41.42,1
30.5,73.125,2025-06-11,11,42.64,3.8763636363636365,6.38,1
30.5,73.125,2025-06-12,8,36.35,4.54375,8.79,1
30.5,73.125,2025-06-13,8,80.36,10.045,31.83,1
30.5,73.125,2025-06-17,3,13.16,4.386666666666667,5.52,1
30.5,73.125,2025-06-18,35,112.3,3.2085714285714286,11.5,1
30.5,73.125,2025-06-19,9,24.11,2.678888888888889,5.15,1
30.5,73.125,2025-06-21,10,44.68,4.468,13.13,1
30.5,73.125,2025-06-23,3,10.06,3.3533333333333335,3.71,1
30.5,73.125,2025-06-24,13,43.7,3.3615384615384616,5.62,1
30.5,73.125,2025-06-28,5,26.39,5.2780000000000005,8.18,1
30.5,73.125,2025-06-29,25,97.24,3.8895999999999997,8.9,1
30.5,73.125,2025-07-02,14,37.69,2.692142857142857,4.73,1
30.5,73.125,2025-07-03,3,15.530000000000001,5.176666666666667,8.49,1
30.5,73.125,2025-07-04,7,30.75,4.392857142857143,7.87,1
30.5,73.125,2025-07-08,2,9.17,4.585,5.0,1
30.5,73.125,2025-07-20,1,2.57,2.57,2.57,1
30.5,73.125,2025-08-07,1,6.56,6.56,6.56,1
30.5,73.125,2025-08-13,1,2.15,2.15,2.15,1
30.5,73.125,2025-08-16,1,2.74,2.74,2.74,1
30.5,73.125,2025-08-22,1,1.48,1.48,1.48,1
30.5,73.125,2025-09-18,1,2.95,2.95,2.95,1
30.5,73.125,2025-09-21,1,2.37,2.37,2.37,1
30.5,73.125,2025-09-23,1,3.9,3.9,3.9,1
30.5,73.125,2025-09-24,1,2.17,2.17,2.17,1
30.5,73.125,2025-09-25,1,1.94,1.94,1.94,1
30.5,73.125,2025-09-27,1,4.91,4.91,4.91,1
30.5,73.125,2025-09-28,4,27.25,6.8125,10.02,1
30.5,73.125,2025-09-29,5,25.4,5.08,8.56,1
30.5,73.125,2025-09-30,5,24.34,4.868,10.27,1
30.5,73.125,2025-10-01,1,3.38,3.38,3.38,1
30.5,73.125,2025-10-02,5,34.25,6.85,8.5,1
30.5,73.125,2025-10-03,6,31.14,5.19,8.9,1
30.5,73.125,2025-10-04,16,75.4,4.7125,12.77,1
30.5,73.125,2025-10-08,1,7.54,7.54,7.54,1
30.5,73.125,2025-10-09,13,81.72,6.286153846153846,15.54,1
30.5,73.125,2025-10-10,15,109.35,7.29,36.26,1
30.5,73.125,2025-10-11,8,52.45,6.55625,10.81,1
30.5,73.125,2025-10-12,13,47.160000000000004,3.6276923076923078,7.23,1
30.5,73.125,2025-10-13,11,69.89,6.3536363636363635,12.71,1
30.5,73.125,2025-10-14,26,120.35,4.628846153846154,28.58,1
30.5,73.125,2025-10-15,11,46.13,4.193636363636364,6.53,1
30.5,73.125,2025-10-16,6,22.87,3.811666666666667,5.61,1
30.5,73.125,2025-10-17,10,58.71,5.871,15.67,1
30.5,73.125,2025-10-18,16,88.75,5.546875,11.74,1
30.5,73.125,2025-10-19,29,123.09,4.2444827586206895,9.2,1
30.5,73.125,2025-10-20,21,68.02,3.2390476190476187,8.28,1
30.5,73.125,2025-10-21,6,34.23,5.704999999999999,8.03,1
30.5,73.125,2025-10-22,7,28.43,4.061428571428571,5.01,1
30.5,73.125,2025-10-23,16,69.39,4.336875,16.96,1
30.5,73.125,2025-10-24,23,119.72,5.205217391304347,14.36,1
30.5,73.125,2025-10-25,17,71.11,4.182941176470588,21.41,1
30.5,73.125,2025-10-26,12,47.23,3.935833333333333,7.41,1
30.5,73.125,2025-10-27,3,10.89,3.6300000000000003,3.93,1
30.5,73.125,2025-10-28,3,13.139999999999999,4.38,4.68,1
30.5,73.125,2025-10-29,2,9.0,4.5,5.98,1
30.5,73.125,2025-10-30,8,50.77,6.34625,20.22,1
30.5,73.125,2025-10-31,4,16.77,4.1925,5.37,1
30.5,73.125,2025-11-01,2,5.23,2.615,2.78,1
30.5,73.125,2025-11-02,2,10.57,5.285,5.55,1
30.5,73.125,2025-11-03,4,34.47,8.6175,15.91,1
30.5,73.125,2025-11-04,4,39.3,9.825,16.81,1
30.5,73.125,2025-11-05,2,10.61,5.305,8.33,1
30.5,73.125,2025-11-06,1,3.33,3.33,3.33,1
30.5,73.125,2025-11-07,2,6.88,3.44,3.48,1
30.5,73.125,2025-11-08,2,6.27,3.135,3.99,1
30.5,73.125,2025-11-09,1,3.82,3.82,3.82,1
30.5,73.125,2025-11-10,3,6.8,2.2666666666666666,2.85,1
30.5,73.125,2025-11-16,1,5.4,5.4,5.4,1
30.5,73.125,2025-12-07,1,2.73,2.73,2.73,1
30.5,73.125,2025-12-10,1,1.64,1.64,1.64,1
30.5,73.75,2023-01-16,1,1.58,1.58,1.58,1
30.5,73.75,2023-01-19,2,11.0,5.5,6.61,1
30.5,73.75,2023-01-26,1,3.14,3.14,3.14,1
30.5,73.75,2023-02-21,1,3.74,3.74,3.74,1
30.5,73.75,2023-02-23,1,3.66,3.66,3.66,1
30.5,73.75,2023-03-06,1,3.85,3.85,3.85,1
30.5,73.75,2023-04-14,1,4.0,4.0,4.0,1
30.5,73.75,2023-04-16,3,10.07,3.356666666666667,3.57,1
30.5,73.75,2023-04-19,4,14.39,3.5975,4.65,1
30.5,73.75,2023-04-21,11,45.25,4.113636363636363,7.11,1
30.5,73.75,2023-04-22,1,0.83,0.83,0.83,1
30.5,73.75,2023-04-23,5,18.22,3.6439999999999997,4.63,1
30.5,73.75,2023-04-24,11,33.660000000000004,3.0600000000000005,5.98,1
30.5,73.75,2023-04-25,4,19.919999999999998,4.9799999999999995,6.32,1
30.5,73.75,2023-04-27,4,17.45,4.3625,5.77,1
30.5,73.75,2023-04-29,1,7.05,7.05,7.05,1
30.5,73.75,2023-04-30,3,14.219999999999999,4.739999999999999,5.81,1
30.5,73.75,2023-05-01,4,12.219999999999999,3.0549999999999997,4.01,1
30.5,73.75,2023-05-03,1,2.53,2.53,2.53,1
30.5,73.75,2023-05-04,30,105.81,3.527,10.25,1
30.5,73.75,2023-05-05,10,29.310000000000002,2.931,5.0,1
30.5,73.75,2023-05-06,23,131.31,5.709130434782609,12.11,1
30.5,73.75,2023-05-07,21,130.43,6.2109523809523814,16.29,1
30.5,73.75,2023-05-08,18,62.15,3.4527777777777775,6.33,1
30.5,73.75,2023-05-09,17,97.72,5.748235294117647,9.19,1
30.5,73.75,2023-05-10,43,272.88,6.346046511627907,14.96,1
30.5,73.75,2023-05-11,26,148.81,5.723461538461539,13.12,1
30.5,73.75,2023-05-12,19,139.7,7.352631578947368,14.66,1
30.5,73.75,2023-05-13,12,116.88,9.74,25.3,1
30.5,73.75,2023-05-15,5,24.56,4.912,6.14,1
30.5,73.75,2023-05-16,3,7.279999999999999,2.4266666666666663,3.21,1
30.5,73.75,2023-05-17,2,1.9100000000000001,0.9550000000000001,1.01,1
30.5,73.75,2023-05-18,2,6.470000000000001,3.2350000000000003,3.54,1
30.5,73.75,2023-05-20,4,27.069999999999997,6.767499999999999,10.28,1
30.5,73.75,2023-05-21,7,47.089999999999996,6.727142857142857,9.62,1
30.5,73.75,2023-06-05,5,15.3,3.06,5.73,1
30.5,73.75,2023-06-07,3,15.76,5.253333333333333,8.36,1
30.5,73.75,2023-06-08,14,61.36,4.382857142857143,8.26,1
30.5,73.75,2023-06-10,17,70.35,4.138235294117647,10.5,1
30.5,73.75,2023-06-12,5,15.01,3.002,4.12,1
30.5,73.75,2023-06-13,27,132.14,4.894074074074074,18.45,1
30.5,73.75,2023-06-14,62,210.48,3.394838709677419,20.82,1
30.5,73.75,2023-06-16,30,159.18,5.306,12.06,1
30.5,73.75,2023-06-17,10,57.18,5.718,15.41,1
30.5,73.75,2023-06-18,35,146.99,4.199714285714286,6.79,1
30.5,73.75,2023-06-19,69,251.82,3.6495652173913045,12.41,1
30.5,73.75,2023-06-21,52,214.22,4.1196153846153845,19.68,1
30.5,73.75,2023-06-22,30,130.21,4.340333333333334,10.62,1
30.5,73.75,2023-06-23,27,108.59,4.021851851851852,6.67,1
30.5,73.75,2023-06-24,90,361.59000000000003,4.017666666666667,21.41,1
30.5,73.75,2023-06-25,1,1.18,1.18,1.18,1
30.5,73.75,2023-06-27,1,5.7,5.7,5.7,1
30.5,73.75,2023-06-28,5,19.79,3.9579999999999997,6.6,1
30.5,73.75,2023-06-29,2,8.84,4.42,5.14,1
30.5,73.75,2023-06-30,62,260.90999999999997,4.208225806451613,19.19,1
30.5,73.75,2023-07-02,27,129.66,4.802222222222222,7.65,1
30.5,73.75,2023-07-03,15,70.96000000000001,4.730666666666667,12.93,1
30.5,73.75,2023-07-04,37,199.56,5.393513513513514,16.1,1
30.5,73.75,2023-07-05,19,95.81,5.042631578947368,18.16,1
30.5,73.75,2023-07-07,6,20.32,3.3866666666666667,5.02,1
30.5,73.75,2023-07-10,4,8.83,2.2075,2.87,1
30.5,73.75,2023-07-11,14,41.45,2.960714285714286,7.19,1
30.5,73.75,2023-07-12,22,85.26,3.8754545454545455,6.75,1
30.5,73.75,2023-07-13,15,60.65,4.043333333333333,9.14,1
30.5,73.75,2023-07-14,12,42.29,3.5241666666666664,5.4,1
30.5,73.75,2023-07-15,20,60.64,3.032,4.01,1
30.5,73.75,2023-07-16,1,4.02,4.02,4.02,1
30.5,73.75,2023-07-18,5,20.15,4.029999999999999,4.92,1
30.5,73.75,2023-07-20,2,8.09,4.045,4.71,1
30.5,73.75,2023-07-23,5,22.87,4.574,6.54,1
30.5,73.75,2023-07-28,2,8.14,4.07,4.92,1
30.5,73.75,2023-07-30,1,1.66,1.66,1.66,1
30.5,73.75,2023-07-31,2,5.11,2.555,3.12,1
30.5,73.75,2023-08-01,10,29.97,2.997,4.56,1
30.5,73.75,2023-08-03,2,9.12,4.56,5.18,1
30.5,73.75,2023-08-04,1,5.45,5.45,5.45,1
30.5,73.75,2023-08-05,2,8.26,4.13,5.04,1
30.5,73.75,2023-08-06,2,3.77,1.885,1.96,1
30.5,73.75,2023-08-08,2,14.35,7.175,8.34,1
30.5,73.75,2023-08-10,1,1.57,1.57,1.57,1
30.5,73.75,2023-08-11,6,23.919999999999998,3.9866666666666664,7.06,1
30.5,73.75,2023-08-13,4,17.78,4.445,5.22,1
30.5,73.75,2023-08-17,8,36.16,4.52,9.98,1
30.5,73.75,2023-08-19,2,12.23,6.115,6.27,1
30.5,73.75,2023-08-21,4,28.36,7.09,8.64,1
30.5,73.75,2023-08-22,4,16.71,4.1775,7.05,1
30.5,73.75,2023-08-24,2,6.35,3.175,3.48,1
30.5,73.75,2023-08-28,1,1.84,1.84,1.84,1
30.5,73.75,2023-08-30,2,13.09,6.545,8.58,1
30.5,73.75,2023-08-31,2,4.74,2.37,2.51,1
30.5,73.75,2023-09-01,2,7.93,3.965,4.79,1
30.5,73.75,2023-09-02,4,12.36,3.09,4.19,1
30.5,73.75,2023-09-03,1,7.56,7.56,7.56,1
30.5,73.75,2023-09-05,4,26.54,6.635,11.12,1
30.5,73.75,2023-09-06,2,6.71,3.355,3.78,1
30.5,73.75,2023-09-07,4,13.32,3.33,3.65,1
30.5,73.75,2023-09-08,2,3.33,1.665,1.76,1
30.5,73.75,2023-09-09,4,18.27,4.5675,5.65,1
30.5,73.75,2023-09-10,2,7.83,3.915,5.29,1
30.5,73.75,2023-09-11,3,13.25,4.416666666666667,5.94,1
30.5,73.75,2023-09-12,2,10.76,5.38,6.7,1
30.5,73.75,2023-09-13,10,33.83,3.383,8.23,1
30.5,73.75,2023-09-14,1,3.91,3.91,3.91,1
30.5,73.75,2023-09-15,1,2.55,2.55,2.55,1
30.5,73.75,2023-09-22,1,8.0,8.0,8.0,1
30.5,73.75,2023-09-27,1,3.51,3.51,3.51,1
30.5,73.75,2023-09-28,6,31.05,5.175,12.56,1
30.5,73.75,2023-09-29,22,79.29,3.6040909090909095,6.44,1
30.5,73.75,2023-09-30,12,68.07,5.672499999999999,14.03,1
30.5,73.75,2023-10-01,10,49.67,4.9670000000000005,9.02,1
30.5,73.75,2023-10-02,8,25.31,3.16375,4.2,1
30.5,73.75,2023-10-03,14,67.58,4.827142857142857,9.36,1
30.5,73.75,2023-10-04,33,201.37,6.1021212121212125,24.4,1
30.5,73.75,2023-10-05,37,231.23,6.249459459459459,15.71,1
30.5,73.75,2023-10-06,15,75.19,5.012666666666666,9.62,1
30.5,73.75,2023-10-07,19,80.23,4.222631578947369,9.55,1
30.5,73.75,2023-10-08,26,152.11,5.850384615384616,10.87,1
30.5,73.75,2023-10-09,38,162.91,4.287105263157895,20.78,1
30.5,73.75,2023-10-10,38,171.85,4.522368421052631,15.31,1
30.5,73.75,2023-10-11,38,331.09,8.712894736842104,91.7,1
30.5,73.75,2023-10-12,19,80.78,4.251578947368421,8.87,1
30.5,73.75,2023-10-13,20,134.97,6.7485,14.62,1
30.5,73.75,2023-10-14,36,178.2,4.949999999999999,10.63,1
30.5,73.75,2023-10-15,20,101.61,5.0805,24.23,1
30.5,73.75,2023-10-16,5,49.980000000000004,9.996,24.76,1
30.5,73.75,2023-10-17,3,23.82,7.94,10.49,1
30.5,73.75,2023-10-18,7,33.75,4.821428571428571,10.46,1
30.5,73.75,2023-10-19,34,177.88,5.231764705882353,19.81,1
30.5,73.75,2023-10-20,66,391.71,5.935,33.06,1
30.5,73.75,2023-10-21,35,185.03,5.2865714285714285,17.76,1
30.5,73.75,2023-10-23,13,81.7,6.2846153846153845,20.44,1
30.5,73.75,2023-10-24,7,52.19,7.4557142857142855,19.06,1
30.5,73.75,2023-10-25,50,294.58,5.8915999999999995,28.38,1
30.5,73.75,2023-10-26,43,186.71,4.342093023255814,14.21,1
30.5,73.75,2023-10-27,42,203.13,4.836428571428572,14.21,1
30.5,73.75,2023-10-28,2,19.74,9.87,12.03,1
30.5,73.75,2023-10-29,20,101.51,5.0755,11.45,1
30.5,73.75,2023-10-30,11,54.14,4.921818181818182,9.28,1
30.5,73.75,2023-10-31,20,78.72,3.936,16.1,1
30.5,73.75,2023-11-01,17,162.63,9.566470588235294,36.07,1
30.5,73.75,2023-11-03,4,18.0,4.5,5.23,1
30.5,73.75,2023-11-04,5,17.65,3.53,5.83,1
30.5,73.75,2023-11-05,22,125.6,5.709090909090909,21.59,1
30.5,73.75,2023-11-06,4,17.240000000000002,4.3100000000000005,6.33,1
30.5,73.75,2023-11-07,4,26.61,6.6525,10.04,1
30.5,73.75,2023-11-08,11,51.91,4.719090909090909,9.26,1
30.5,73.75,2023-11-09,4,28.21,7.0525,16.51,1
30.5,73.75,2023-11-11,7,42.79,6.112857142857143,11.55,1
30.5,73.75,2023-11-12,17,182.9,10.758823529411766,62.1,1
30.5,73.75,2023-11-13,19,173.83,9.148947368421053,23.62,1
30.5,73.75,2023-11-14,33,163.14,4.943636363636363,17.65,1
30.5,73.75,2023-11-15,23,198.37,8.624782608695652,56.19,1
30.5,73.75,2023-11-16,13,52.68,4.052307692307692,8.81,1
30.5,73.75,2023-11-17,1,7.64,7.64,7.64,1
30.5,73.75,2023-11-18,20,262.39,13.119499999999999,30.9,1
30.5,73.75,2023-11-19,32,345.84,10.8075,51.38,1
30.5,73.75,2023-11-20,24,167.85,6.9937499999999995,17.48,1
30.5,73.75,2023-11-21,24,171.61,7.1504166666666675,23.12,1
30.5,73.75,2023-11-22,7,35.63,5.090000000000001,8.67,1
30.5,73.75,2023-11-23,11,112.94,10.267272727272728,34.64,1
30.5,73.75,2023-11-24,4,21.04,5.26,9.16,1
30.5,73.75,2023-11-26,16,132.07999999999998,8.254999999999999,19.4,1
30.5,73.75,2023-11-28,5,18.17,3.6340000000000003,4.37,1
30.5,73.75,2023-12-01,4,19.21,4.8025,6.91,1
30.5,73.75,2023-12-02,1,8.1,8.1,8.1,1
30.5,73.75,2023-12-19,1,4.78,4.78,4.78,1
30.5,73.75,2024-02-21,1,5.5,5.5,5.5,1
30.5,73.75,2024-03-14,1,4.69,4.69,4.69,1
30.5,73.75,2024-04-22,2,20.28,10.14,11.37,1
30.5,73.75,2024-04-23,1,7.66,7.66,7.66,1
30.5,73.75,2024-04-24,3,11.95,3.983333333333333,4.88,1
30.5,73.75,2024-04-25,5,82.42,16.484,63.68,1
30.5,73.75,2024-04-26,1,4.97,4.97,4.97,1
30.5,73.75,2024-04-27,18,137.4,7.633333333333334,29.53,1
30.5,73.75,2024-04-28,6,20.68,3.4466666666666668,5.81,1
30.5,73.75,2024-04-29,29,119.13,4.107931034482759,11.69,1
30.5,73.75,2024-04-30,3,18.36,6.12,8.93,1
30.5,73.75,2024-05-01,20,110.19,5.5095,10.93,1
30.5,73.75,2024-05-02,31,127.05,4.098387096774194,11.13,1
30.5,73.75,2024-05-04,32,186.95,5.8421875,12.29,1
30.5,73.75,2024-05-06,22,150.57,6.844090909090909,14.99,1
30.5,73.75,2024-05-07,47,196.45,4.179787234042553,8.66,1
30.5,73.75,2024-05-08,33,213.57999999999998,6.472121212121212,17.21,1
30.5,73.75,2024-05-09,32,283.75,8.8671875,19.36,1
30.5,73.75,2024-05-10,9,86.37,9.596666666666668,19.87,1
30.5,73.75,2024-05-11,3,6.46,2.1533333333333333,3.28,1
30.5,73.75,2024-05-12,29,165.37,5.702413793103449,17.65,1
30.5,73.75,2024-05-13,26,116.83,4.493461538461538,10.75,1
30.5,73.75,2024-05-14,25,188.8,7.5520000000000005,15.18,1
30.5,73.75,2024-05-15,17,126.89,7.464117647058823,25.3,1
30.5,73.75,2024-05-16,2,19.71,9.855,13.02,1
30.5,73.75,2024-05-17,8,84.98,10.6225,26.28,1
30.5,73.75,2024-05-18,17,74.29,4.37,7.77,1
30.5,73.75,2024-05-19,1,4.26,4.26,4.26,1
30.5,73.75,2024-05-20,4,31.169999999999998,7.7924999999999995,16.63,1
30.5,73.75,2024-05-22,2,20.630000000000003,10.315000000000001,10.72,1
30.5,73.75,2024-05-23,4,18.92,4.73,5.83,1
30.5,73.75,2024-05-25,1,3.65,3.65,3.65,1
30.5,73.75,2024-05-26,1,13.87,13.87,13.87,1
30.5,73.75,2024-05-29,1,2.56,2.56,2.56,1
30.5,73.75,2024-06-04,4,23.22,5.805,8.62,1
30.5,73.75,2024-06-05,4,13.74,3.435,4.9,1
30.5,73.75,2024-06-08,3,14.71,4.903333333333333,5.31,1
30.5,73.75,2024-06-09,20,134.51,6.725499999999999,17.63,1
30.5,73.75,2024-06-10,14,127.97,9.140714285714285,16.61,1
30.5,73.75,2024-06-11,2,13.18,6.59,7.08,1
30.5,73.75,2024-06-12,6,32.019999999999996,5.336666666666666,6.47,1
30.5,73.75,2024-06-13,24,123.85,5.160416666666666,12.19,1
30.5,73.75,2024-06-14,33,152.34,4.616363636363636,8.68,1
30.5,73.75,2024-06-15,39,133.93,3.4341025641025644,14.14,1
30.5,73.75,2024-06-16,54,289.26,5.3566666666666665,16.77,1
30.5,73.75,2024-06-18,48,272.79,5.683125,23.17,1
30.5,73.75,2024-06-19,46,291.18,6.33,32.12,1
30.5,73.75,2024-06-22,1,6.3,6.3,6.3,1
30.5,73.75,2024-06-23,62,279.53,4.5085483870967735,14.55,1
30.5,73.75,2024-06-24,58,211.53,3.6470689655172412,10.91,1
30.5,73.75,2024-06-25,40,196.32,4.9079999999999995,11.33,1
30.5,73.75,2024-06-26,44,355.27,8.074318181818182,58.85,1
30.5,73.75,2024-06-28,16,61.410000000000004,3.8381250000000002,6.36,1
30.5,73.75,2024-06-29,83,427.45,5.1499999999999995,18.03,1
30.5,73.75,2024-06-30,6,18.09,3.015,3.66,1
30.5,73.75,2024-07-01,35,120.56,3.444571428571429,12.68,1
30.5,73.75,2024-07-02,91,304.03,3.3409890109890106,11.84,1
30.5,73.75,2024-07-03,1,10.51,10.51,10.51,1
30.5,73.75,2024-07-04,1,2.65,2.65,2.65,1
30.5,73.75,2024-07-05,3,11.879999999999999,3.9599999999999995,4.49,1
30.5,73.75,2024-07-07,5,13.17,2.634,3.3,1
30.5,73.75,2024-07-09,53,213.60999999999999,4.030377358490566,22.23,1
30.5,73.75,2024-07-17,8,33.6,4.2,7.98,1
30.5,73.75,2024-07-18,8,22.39,2.79875,5.12,1
30.5,73.75,2024-07-19,1,1.38,1.38,1.38,1
30.5,73.75,2024-07-20,4,16.37,4.0925,5.14,1
30.5,73.75,2024-07-21,2,9.52,4.76,5.63,1
30.5,73.75,2024-07-23,1,3.91,3.91,3.91,1
30.5,73.75,2024-07-31,2,5.38,2.69,2.79,1
30.5,73.75,2024-08-03,1,2.18,2.18,2.18,1
30.5,73.75,2024-08-05,2,12.969999999999999,6.484999999999999,6.87,1
30.5,73.75,2024-08-06,2,7.67,3.835,4.54,1
30.5,73.75,2024-08-08,2,10.35,5.175,7.1,1
30.5,73.75,2024-08-10,2,6.050000000000001,3.0250000000000004,3.41,1
30.5,73.75,2024-08-12,3,11.940000000000001,3.9800000000000004,4.45,1
30.5,73.75,2024-08-18,2,6.49,3.245,4.37,1
30.5,73.75,2024-08-19,4,25.34,6.335,10.19,1
30.5,73.75,2024-08-20,1,6.51,6.51,6.51,1
30.5,73.75,2024-08-21,4,17.54,4.385,6.07,1
30.5,73.75,2024-08-24,10,42.0,4.2,8.2,1
30.5,73.75,2024-08-25,1,2.79,2.79,2.79,1
30.5,73.75,2024-08-26,25,205.29,8.211599999999999,21.43,1
30.5,73.75,2024-08-27,1,3.84,3.84,3.84,1
30.5,73.75,2024-09-01,2,14.82,7.41,8.37,1
30.5,73.75,2024-09-02,3,13.25,4.416666666666667,6.1,1
30.5,73.75,2024-09-03,1,8.08,8.08,8.08,1
30.5,73.75,2024-09-04,5,13.15,2.63,3.22,1
30.5,73.75,2024-09-05,1,12.5,12.5,12.5,1
30.5,73.75,2024-09-06,9,38.78,4.308888888888889,7.0,1
30.5,73.75,2024-09-07,5,33.83,6.766,10.3,1
30.5,73.75,2024-09-08,18,117.69,6.538333333333333,16.79,1
30.5,73.75,2024-09-09,27,141.91,5.255925925925926,21.08,1
30.5,73.75,2024-09-10,6,35.03,5.838333333333334,11.62,1
30.5,73.75,2024-09-11,22,147.62,6.71,39.54,1
30.5,73.75,2024-09-12,26,133.57,5.137307692307692,10.41,1
30.5,73.75,2024-09-13,11,39.75,3.6136363636363638,6.99,1
30.5,73.75,2024-09-14,25,198.71,7.9484,17.96,1
30.5,73.75,2024-09-15,70,472.28,6.746857142857142,45.91,1
30.5,73.75,2024-09-16,36,283.49,7.874722222222222,27.32,1
30.5,73.75,2024-09-17,16,75.64,4.7275,9.47,1
30.5,73.75,2024-09-18,21,192.94,9.187619047619048,20.95,1
30.5,73.75,2024-09-19,8,34.019999999999996,4.2524999999999995,6.64,1
30.5,73.75,2024-09-20,23,77.64,3.3756521739130436,6.31,1
30.5,73.75,2024-09-21,14,76.34,5.452857142857143,22.61,1
30.5,73.75,2024-09-22,26,150.3,5.7807692307692315,19.89,1
30.5,73.75,2024-09-23,9,31.43,3.4922222222222223,5.66,1
30.5,73.75,2024-09-24,25,131.03,5.2412,11.85,1
30.5,73.75,2024-09-25,48,278.19,5.795625,16.63,1
30.5,73.75,2024-09-28,1,4.46,4.46,4.46,1
30.5,73.75,2024-09-29,4,15.7,3.925,6.31,1
30.5,73.75,2024-09-30,13,80.60000000000001,6.200000000000001,16.53,1
30.5,73.75,2024-10-01,35,146.07,4.1734285714285715,16.21,1
30.5,73.75,2024-10-02,18,72.85,4.047222222222222,8.58,1
30.5,73.75,2024-10-03,38,249.99,6.578684210526316,27.35,1
30.5,73.75,2024-10-04,24,88.73,3.6970833333333335,8.27,1
30.5,73.75,2024-10-05,31,131.68,4.247741935483871,16.83,1
30.5,73.75,2024-10-06,51,198.63,3.894705882352941,22.46,1
30.5,73.75,2024-10-07,59,296.02,5.01728813559322,29.4,1
30.5,73.75,2024-10-08,21,149.75,7.130952380952381,20.1,1
30.5,73.75,2024-10-09,42,226.19,5.38547619047619,13.33,1
30.5,73.75,2024-10-10,50,369.84000000000003,7.396800000000001,48.92,1
30.5,73.75,2024-10-11,75,469.81,6.2641333333333336,22.37,1
30.5,73.75,2024-10-12,97,570.42,5.88061855670103,32.38,1
30.5,73.75,2024-10-13,68,540.65,7.950735294117647,51.98,1
30.5,73.75,2024-10-14,56,319.72,5.7092857142857145,27.49,1
30.5,73.75,2024-10-15,52,370.22,7.119615384615385,51.52,1
30.5,73.75,2024-10-16,55,325.11,5.911090909090909,28.9,1
30.5,73.75,2024-10-17,71,428.65,6.0373239436619714,47.25,1
30.5,73.75,2024-10-18,41,247.56,6.038048780487805,39.06,1
30.5,73.75,2024-10-19,38,165.03,4.342894736842105,17.33,1
30.5,73.75,2024-10-20,34,141.22,4.153529411764706,11.51,1
30.5,73.75,2024-10-21,47,171.18,3.6421276595744683,10.35,1
30.5,73.75,2024-10-22,65,301.07,4.631846153846154,20.07,1
30.5,73.75,2024-10-23,45,243.67,5.414888888888888,28.74,1
30.5,73.75,2024-10-24,26,153.42,5.90076923076923,11.46,1
30.5,73.75,2024-10-25,48,297.32,6.194166666666667,25.75,1
30.5,73.75,2024-10-26,20,107.53,5.3765,15.52,1
30.5,73.75,2024-10-27,38,236.6,6.226315789473684,26.2,1
30.5,73.75,2024-10-28,29,99.02000000000001,3.41448275862069,10.9,1
30.5,73.75,2024-10-29,15,63.43,4.228666666666666,6.23,1
30.5,73.75,2024-10-30,9,37.83,4.203333333333333,8.17,1
30.5,73.75,2024-10-31,13,79.61,6.123846153846154,18.19,1
30.5,73.75,2024-11-01,5,24.85,4.970000000000001,7.71,1
30.5,73.75,2024-11-02,16,50.6,3.1625,7.2,1
30.5,73.75,2024-11-07,1,3.22,3.22,3.22,1
30.5,73.75,2024-11-08,3,13.67,4.556666666666667,6.54,1
30.5,73.75,2024-11-12,4,23.93,5.9825,12.75,1
30.5,73.75,2024-11-15,2,11.399999999999999,5.699999999999999,6.38,1
30.5,73.75,2024-11-17,14,74.04,5.288571428571429,13.16,1
30.5,73.75,2024-11-18,18,75.08,4.171111111111111,16.36,1
30.5,73.75,2024-11-19,5,28.54,5.708,8.09,1
30.5,73.75,2024-11-21,6,39.36,6.56,12.25,1
30.5,73.75,2024-11-22,10,68.54,6.854000000000001,13.09,1
30.5,73.75,2024-11-23,10,56.06,5.606,8.75,1
30.5,73.75,2024-11-24,5,32.62,6.523999999999999,8.61,1
30.5,73.75,2024-11-25,6,46.43,7.738333333333333,25.37,1
30.5,73.75,2024-11-26,3,7.46,2.486666666666667,2.77,1
30.5,73.75,2024-11-27,9,60.53,6.725555555555555,16.12,1
30.5,73.75,2024-11-28,9,51.9,5.766666666666667,21.46,1
30.5,73.75,2024-11-29,1,4.62,4.62,4.62,1
30.5,73.75,2024-11-30,3,24.25,8.083333333333334,8.92,1
30.5,73.75,2024-12-01,11,205.93,18.720909090909092,30.35,1
30.5,73.75,2024-12-02,9,112.38,12.486666666666666,39.45,1
30.5,73.75,2024-12-03,2,17.29,8.645,12.72,1
30.5,73.75,2024-12-04,2,8.65,4.325,6.4,1
30.5,73.75,2024-12-07,3,15.91,5.303333333333334,7.89,1
30.5,73.75,2024-12-09,1,1.64,1.64,1.64,1
30.5,73.75,2024-12-15,1,4.82,4.82,4.82,1
30.5,73.75,2024-12-20,1,1.54,1.54,1.54,1
30.5,73.75,2024-12-24,1,4.35,4.35,4.35,1
30.5,73.75,2025-01-04,1,8.93,8.93,8.93,1
30.5,73.75,2025-01-10,1,3.84,3.84,3.84,1
30.5,73.75,2025-01-31,1,1.99,1.99,1.99,1
30.5,73.75,2025-02-04,1,6.2,6.2,6.2,1
30.5,73.75,2025-02-07,1,4.41,4.41,4.41,1
30.5,73.75,2025-02-11,1,4.3,4.3,4.3,1
30.5,73.75,2025-03-03,3,19.76,6.586666666666667,7.69,1
30.5,73.75,2025-03-04,2,24.5,12.25,12.25,1
30.5,73.75,2025-03-07,1,2.9,2.9,2.9,1
30.5,73.75,2025-04-13,1,8.67,8.67,8.67,1
30.5,73.75,2025-04-15,1,10.26,10.26,10.26,1
30.5,73.75,2025-04-19,1,3.23,3.23,3.23,1
30.5,73.75,2025-04-20,4,17.8,4.45,9.18,1
30.5,73.75,2025-04-21,3,10.22,3.4066666666666667,3.62,1
30.5,73.75,2025-04-23,6,52.56,8.76,21.5,1
30.5,73.75,2025-04-24,2,2.34,1.17,1.67,1
30.5,73.75,2025-04-25,11,71.17999999999999,6.47090909090909,20.95,1
30.5,73.75,2025-04-26,10,115.92999999999999,11.593,45.87,1
30.5,73.75,2025-04-27,2,17.77,8.885,15.72,1
30.5,73.75,2025-04-28,10,133.3,13.330000000000002,36.12,1
30.5,73.75,2025-04-29,37,242.85999999999999,6.563783783783784,14.88,1
30.5,73.75,2025-04-30,39,157.61,4.041282051282051,8.73,1
30.5,73.75,2025-05-01,14,56.58,4.041428571428571,18.64,1
30.5,73.75,2025-05-02,11,49.190000000000005,4.471818181818183,10.8,1
30.5,73.75,2025-05-04,1,4.54,4.54,4.54,1
30.5,73.75,2025-05-06,14,86.55,6.182142857142857,27.08,1
30.5,73.75,2025-05-07,27,184.4,6.82962962962963,29.6,1
30.5,73.75,2025-05-09,13,61.29,4.714615384615384,10.4,1
30.5,73.75,2025-05-10,12,45.629999999999995,3.8024999999999998,11.83,1
30.5,73.75,2025-05-11,38,181.23,4.769210526315789,16.7,1
30.5,73.75,2025-05-12,8,40.86,5.1075,7.59,1
30.5,73.75,2025-05-13,2,10.11,5.055,7.22,1
30.5,73.75,2025-05-14,7,105.96,15.137142857142857,40.15,1
30.5,73.75,2025-05-15,10,64.89,6.489,20.53,1
30.5,73.75,2025-05-16,16,64.11,4.006875,9.8,1
30.5,73.75,2025-05-17,6,62.94,10.49,19.22,1
30.5,73.75,2025-05-18,10,86.82000000000001,8.682,16.02,1
30.5,73.75,2025-05-19,1,9.38,9.38,9.38,1
30.5,73.75,2025-05-20,4,36.17,9.0425,10.58,1
30.5,73.75,2025-05-21,3,29.52,9.84,14.11,1
30.5,73.75,2025-05-23,7,56.94,8.134285714285713,11.59,1
30.5,73.75,2025-05-25,5,21.509999999999998,4.302,5.41,1
30.5,73.75,2025-05-26,8,26.16,3.27,6.07,1
30.5,73.75,2025-05-27,12,43.14,3.595,9.89,1
30.5,73.75,2025-05-28,5,14.91,2.982,5.77,1
30.5,73.75,2025-05-29,2,28.49,14.245,17.56,1
30.5,73.75,2025-05-31,5,12.379999999999999,2.476,4.16,1
30.5,73.75,2025-06-01,14,55.85,3.9892857142857143,9.16,1
30.5,73.75,2025-06-02,32,233.76,7.305,39.58,1
30.5,73.75,2025-06-03,1,3.68,3.68,3.68,1
30.5,73.75,2025-06-05,1,6.49,6.49,6.49,1
30.5,73.75,2025-06-06,15,69.03,4.602,17.77,1
30.5,73.75,2025-06-07,1,6.94,6.94,6.94,1
30.5,73.75,2025-06-08,57,354.68,6.222456140350877,22.55,1
30.5,73.75,2025-06-09,2,13.82,6.91,11.77,1
30.5,73.75,2025-06-10,38,253.82,6.679473684210526,44.12,1
30.5,73.75,2025-06-11,48,161.37,3.361875,7.33,1
30.5,73.75,2025-06-12,30,133.71,4.457,9.68,1
30.5,73.75,2025-06-13,37,354.96,9.593513513513512,52.32,1
30.5,73.75,2025-06-14,1,7.79,7.79,7.79,1
30.5,73.75,2025-06-18,96,373.85,3.8942708333333336,34.24,1
30.5,73.75,2025-06-19,107,501.29,4.6849532710280375,23.14,1
30.5,73.75,2025-06-21,65,410.51,6.315538461538462,24.98,1
30.5,73.75,2025-06-23,24,87.32,3.638333333333333,6.79,1
30.5,73.75,2025-06-24,21,124.24,5.916190476190476,17.29,1
30.5,73.75,2025-06-29,15,66.24,4.4159999999999995,7.15,1
30.5,73.75,2025-07-02,13,44.73,3.4407692307692304,7.65,1
30.5,73.75,2025-07-03,23,97.07000000000001,4.220434782608696,8.98,1
30.5,73.75,2025-07-04,58,245.08,4.22551724137931,10.19,1
30.5,73.75,2025-07-12,7,26.63,3.8042857142857143,9.2,1
30.5,73.75,2025-07-28,2,6.609999999999999,3.3049999999999997,3.8,1
30.5,73.75,2025-08-05,2,7.98,3.99,4.12,1
30.5,73.75,2025-08-06,2,2.62,1.31,1.67,1
30.5,73.75,2025-08-08,2,7.05,3.525,3.63,1
30.5,73.75,2025-08-10,1,1.46,1.46,1.46,1
30.5,73.75,2025-08-11,1,8.28,8.28,8.28,1
30.5,73.75,2025-08-13,1,3.92,3.92,3.92,1
30.5,73.75,2025-08-21,3,19.270000000000003,6.423333333333335,8.63,1
30.5,73.75,2025-08-22,1,1.87,1.87,1.87,1
30.5,73.75,2025-09-12,1,2.21,2.21,2.21,1
30.5,73.75,2025-09-14,1,5.01,5.01,5.01,1
30.5,73.75,2025-09-15,4,15.63,3.9075,4.49,1
30.5,73.75,2025-09-16,3,24.1,8.033333333333333,8.88,1
30.5,73.75,2025-09-18,3,14.060000000000002,4.686666666666667,9.06,1
30.5,73.75,2025-09-19,7,39.86,5.694285714285714,6.98,1
30.5,73.75,2025-09-20,1,3.49,3.49,3.49,1
30.5,73.75,2025-09-22,7,26.07,3.724285714285714,6.7,1
30.5,73.75,2025-09-23,5,18.75,3.75,6.92,1
30.5,73.75,2025-09-24,5,25.81,5.162,12.15,1
30.5,73.75,2025-09-25,2,11.66,5.83,7.05,1
30.5,73.75,2025-09-26,4,14.42,3.605,5.03,1
30.5,73.75,2025-09-27,11,75.98,6.907272727272727,11.66,1
30.5,73.75,2025-09-28,24,129.53,5.397083333333334,32.2,1
30.5,73.75,2025-09-29,17,122.81,7.224117647058824,47.61,1
30.5,73.75,2025-09-30,9,33.57,3.73,7.27,1
30.5,73.75,2025-10-01,16,75.44,4.715,7.95,1
30.5,73.75,2025-10-02,15,82.87,5.524666666666667,9.46,1
30.5,73.75,2025-10-03,31,184.42,5.949032258064515,19.66,1
30.5,73.75,2025-10-04,42,168.33,4.0078571428571435,12.38,1
30.5,73.75,2025-10-08,5,24.28,4.856,8.66,1
30.5,73.75,2025-10-09,29,142.75,4.922413793103448,12.57,1
30.5,73.75,2025-10-10,39,204.0,5.230769230769231,24.94,1
30.5,73.75,2025-10-11,36,202.98,5.638333333333333,11.05,1
30.5,73.75,2025-10-12,34,197.66,5.813529411764706,17.24,1
30.5,73.75,2025-10-13,33,143.15,4.337878787878788,9.89,1
30.5,73.75,2025-10-14,73,427.73,5.859315068493151,76.41,1
30.5,73.75,2025-10-15,85,542.14,6.378117647058823,45.33,1
30.5,73.75,2025-10-16,69,336.06,4.870434782608696,13.05,1
30.5,73.75,2025-10-17,51,231.6,4.541176470588235,20.1,1
30.5,73.75,2025-10-18,48,254.75,5.307291666666667,14.18,1
30.5,73.75,2025-10-19,77,454.06,5.896883116883117,31.97,1
30.5,73.75,2025-10-20,75,316.94,4.225866666666667,21.84,1
30.5,73.75,2025-10-21,42,253.70000000000002,6.040476190476191,19.93,1
30.5,73.75,2025-10-22,26,154.82999999999998,5.954999999999999,12.25,1
30.5,73.75,2025-10-23,46,191.67,4.166739130434783,7.48,1
30.5,73.75,2025-10-24,79,412.06,5.215949367088608,37.73,1
30.5,73.75,2025-10-25,52,198.09,3.809423076923077,17.93,1
30.5,73.75,2025-10-26,42,228.10999999999999,5.4311904761904755,21.5,1
30.5,73.75,2025-10-27,5,22.34,4.468,5.75,1
30.5,73.75,2025-10-28,8,31.88,3.985,6.27,1
30.5,73.75,2025-10-29,17,97.60000000000001,5.741176470588236,13.18,1
30.5,73.75,2025-10-30,15,67.58,4.505333333333334,9.9,1
30.5,73.75,2025-10-31,28,106.73,3.8117857142857146,9.14,1
30.5,73.75,2025-11-01,14,71.15,5.082142857142857,12.26,1
30.5,73.75,2025-11-02,11,40.56,3.6872727272727275,4.55,1
30.5,73.75,2025-11-03,2,16.599999999999998,8.299999999999999,10.79,1
30.5,73.75,2025-11-04,7,31.130000000000003,4.4471428571428575,8.32,1
30.5,73.75,2025-11-05,13,45.28,3.483076923076923,10.21,1
30.5,73.75,2025-11-06,11,204.37,18.579090909090908,80.73,1
30.5,73.75,2025-11-07,8,54.44,6.805,12.75,1
30.5,73.75,2025-11-08,10,43.480000000000004,4.348000000000001,6.2,1
30.5,73.75,2025-11-09,13,54.75,4.211538461538462,9.63,1
30.5,73.75,2025-11-10,4,10.379999999999999,2.5949999999999998,2.93,1
30.5,73.75,2025-11-11,3,52.040000000000006,17.346666666666668,32.03,1
30.5,73.75,2025-11-13,2,10.52,5.26,6.43,1
30.5,73.75,2025-11-14,4,18.88,4.72,9.79,1
30.5,73.75,2025-11-15,6,30.56,5.093333333333333,7.77,1
30.5,73.75,2025-11-17,2,5.720000000000001,2.8600000000000003,3.1,1
30.5,73.75,2025-11-18,2,14.399999999999999,7.199999999999999,9.79,1
30.5,73.75,2025-11-19,1,1.63,1.63,1.63,1
30.5,73.75,2025-11-21,2,12.42,6.21,11.06,1
30.5,73.75,2025-11-23,3,33.96,11.32,18.02,1
30.5,73.75,2025-11-28,2,27.68,13.84,19.03,1
30.5,73.75,2025-12-28,1,6.57,6.57,6.57,1
30.5,74.375,2023-01-02,1,2.51,2.51,2.51,1
30.5,74.375,2023-01-14,1,2.03,2.03,2.03,1
30.5,74.375,2023-01-15,3,11.719999999999999,3.9066666666666663,4.39,1
30.5,74.375,2023-01-25,1,2.53,2.53,2.53,1
30.5,74.375,2023-02-07,1,3.34,3.34,3.34,1
30.5,74.375,2023-04-22,1,2.82,2.82,2.82,1
30.5,74.375,2023-04-24,1,3.72,3.72,3.72,1
30.5,74.375,2023-04-25,2,3.8099999999999996,1.9049999999999998,2.17,1
30.5,74.375,2023-04-26,1,5.25,5.25,5.25,1
30.5,74.375,2023-04-29,2,13.3,6.65,6.65,1
30.5,74.375,2023-05-01,7,27.17,3.8814285714285717,6.65,1
30.5,74.375,2023-05-03,8,30.72,3.84,5.08,1
30.5,74.375,2023-05-04,126,495.37,3.9315079365079364,28.18,1
30.5,74.375,2023-05-05,69,262.2,3.8,11.52,1
30.5,74.375,2023-05-06,160,887.08,5.54425,27.31,1
30.5,74.375,2023-05-07,96,607.46,6.327708333333334,34.32,1
30.5,74.375,2023-05-08,92,584.11,6.349021739130435,31.84,1
30.5,74.375,2023-05-09,126,918.4,7.288888888888889,29.42,1
30.5,74.375,2023-05-10,152,1338.05,8.80296052631579,40.4,1
30.5,74.375,2023-05-11,178,1510.08,8.483595505617977,32.39,1
30.5,74.375,2023-05-12,71,746.65,10.51619718309859,38.25,1
30.5,74.375,2023-05-13,90,681.46,7.571777777777778,36.38,1
30.5,74.375,2023-05-15,55,451.54,8.209818181818182,24.93,1
30.5,74.375,2023-05-16,54,249.92,4.628148148148148,13.26,1
30.5,74.375,2023-05-17,12,100.41,8.3675,27.3,1
30.5,74.375,2023-05-20,9,53.32,5.924444444444444,11.82,1
30.5,74.375,2023-05-21,37,186.25,5.033783783783784,33.3,1
30.5,74.375,2023-05-22,4,18.560000000000002,4.640000000000001,7.79,1
30.5,74.375,2023-05-24,1,4.92,4.92,4.92,1
30.5,74.375,2023-06-07,1,1.83,1.83,1.83,1
30.5,74.375,2023-06-11,1,2.71,2.71,2.71,1
30.5,74.375,2023-06-12,1,3.84,3.84,3.84,1
30.5,74.375,2023-06-13,3,15.950000000000003,5.316666666666667,12.21,1
30.5,74.375,2023-06-18,1,4.17,4.17,4.17,1
30.5,74.375,2023-06-19,1,4.69,4.69,4.69,1
30.5,74.375,2023-06-21,1,1.66,1.66,1.66,1
30.5,74.375,2023-06-22,4,9.16,2.29,3.4,1
30.5,74.375,2023-06-23,1,2.6,2.6,2.6,1
30.5,74.375,2023-06-24,7,52.09,7.441428571428572,14.01,1
30.5,74.375,2023-06-30,2,9.42,4.71,6.01,1
30.5,74.375,2023-07-07,3,11.559999999999999,3.853333333333333,4.14,1
30.5,74.375,2023-07-15,2,6.96,3.48,3.7,1
30.5,74.375,2023-08-06,1,6.26,6.26,6.26,1
30.5,74.375,2023-08-11,1,3.31,3.31,3.31,1
30.5,74.375,2023-09-23,1,4.07,4.07,4.07,1
30.5,74.375,2023-09-29,1,3.98,3.98,3.98,1
30.5,74.375,2023-10-01,4,30.93,7.7325,13.74,1
30.5,74.375,2023-10-03,1,4.71,4.71,4.71,1
30.5,74.375,2023-10-06,1,3.45,3.45,3.45,1
30.5,74.375,2023-10-09,2,11.4,5.7,8.07,1
30.5,74.375,2023-10-11,2,7.38,3.69,5.49,1
30.5,74.375,2023-10-12,2,9.9,4.95,6.72,1
30.5,74.375,2023-10-13,2,13.61,6.805,6.9,1
30.5,74.375,2023-10-14,3,8.89,2.9633333333333334,4.82,1
30.5,74.375,2023-10-15,1,3.27,3.27,3.27,1
30.5,74.375,2023-10-20,5,26.66,5.332,8.11,1
30.5,74.375,2023-10-21,5,24.11,4.822,6.57,1
30.5,74.375,2023-10-23,3,11.440000000000001,3.813333333333334,5.73,1
30.5,74.375,2023-10-24,7,54.61,7.801428571428572,13.5,1
30.5,74.375,2023-10-25,14,100.3,7.164285714285714,40.19,1
30.5,74.375,2023-10-26,16,100.65,6.290625,15.95,1
30.5,74.375,2023-10-27,6,23.509999999999998,3.918333333333333,7.26,1
30.5,74.375,2023-10-28,8,35.55,4.44375,8.8,1
30.5,74.375,2023-10-29,38,290.82,7.653157894736842,66.71,1
30.5,74.375,2023-10-30,30,243.64000000000001,8.121333333333334,19.35,1
30.5,74.375,2023-10-31,73,406.16,5.5638356164383564,19.85,1
30.5,74.375,2023-11-01,42,296.43,7.057857142857143,32.11,1
30.5,74.375,2023-11-03,37,227.62,6.151891891891892,18.43,1
30.5,74.375,2023-11-04,46,414.19,9.004130434782608,45.11,1
30.5,74.375,2023-11-05,153,1336.73,8.736797385620916,84.14,1
30.5,74.375,2023-11-06,55,403.12,7.329454545454546,43.98,1
30.5,74.375,2023-11-07,60,414.19,6.9031666666666665,48.97,1
30.5,74.375,2023-11-08,75,466.03,6.213733333333333,13.57,1
30.5,74.375,2023-11-09,78,727.46,9.326410256410258,60.28,1
30.5,74.375,2023-11-11,1,2.38,2.38,2.38,1
30.5,74.375,2023-11-12,53,315.67,5.956037735849057,20.5,1
30.5,74.375,2023-11-13,170,1347.52,7.926588235294117,38.66,1
30.5,74.375,2023-11-14,244,1609.61,6.596762295081967,47.97,1
30.5,74.375,2023-11-15,193,1907.2,9.881865284974094,74.52,1
30.5,74.375,2023-11-16,89,467.13,5.248651685393258,19.97,1
30.5,74.375,2023-11-17,141,1135.8,8.055319148936169,48.14,1
30.5,74.375,2023-11-18,76,629.16,8.278421052631579,49.9,1
30.5,74.375,2023-11-19,173,1279.06,7.3934104046242775,54.05,1
30.5,74.375,2023-11-20,135,1133.75,8.398148148148149,44.43,1
30.5,74.375,2023-11-21,141,1279.5,9.074468085106384,130.1,1
30.5,74.375,2023-11-22,70,679.08,9.701142857142857,61.37,1
30.5,74.375,2023-11-23,60,564.71,9.411833333333334,37.73,1
30.5,74.375,2023-11-24,28,148.42,5.300714285714285,17.4,1
30.5,74.375,2023-11-25,25,253.21,10.128400000000001,32.76,1
30.5,74.375,2023-11-26,34,270.33,7.950882352941176,24.64,1
30.5,74.375,2023-11-28,4,14.899999999999999,3.7249999999999996,6.35,1
30.5,74.375,2023-11-29,2,5.470000000000001,2.7350000000000003,3.2,1
30.5,74.375,2023-11-30,5,12.790000000000001,2.5580000000000003,4.03,1
30.5,74.375,2023-12-01,5,22.47,4.494,9.75,1
30.5,74.375,2023-12-02,3,13.9,4.633333333333334,6.9,1
30.5,74.375,2023-12-03,1,2.86,2.86,2.86,1
30.5,74.375,2023-12-05,1,3.22,3.22,3.22,1
30.5,74.375,2023-12-06,2,58.64,29.32,39.5,1
30.5,74.375,2023-12-07,3,43.36,14.453333333333333,35.22,1
30.5,74.375,2023-12-08,1,4.29,4.29,4.29,1
30.5,74.375,2023-12-12,1,1.62,1.62,1.62,1
30.5,74.375,2023-12-19,1,3.83,3.83,3.83,1
30.5,74.375,2023-12-21,1,3.89,3.89,3.89,1
30.5,74.375,2024-02-01,1,3.62,3.62,3.62,1
30.5,74.375,2024-02-09,1,2.34,2.34,2.34,1
30.5,74.375,2024-02-11,1,6.82,6.82,6.82,1
30.5,74.375,2024-02-29,2,8.68,4.34,5.28,1
30.5,74.375,2024-03-02,1,5.12,5.12,5.12,1
30.5,74.375,2024-03-03,1,3.59,3.59,3.59,1
30.5,74.375,2024-03-06,2,5.130000000000001,2.5650000000000004,2.68,1
30.5,74.375,2024-03-18,1,4.12,4.12,4.12,1
30.5,74.375,2024-04-24,1,3.17,3.17,3.17,1
30.5,74.375,2024-04-26,3,17.54,5.846666666666667,6.84,1
30.5,74.375,2024-04-27,11,65.39,5.944545454545454,10.77,1
30.5,74.375,2024-04-29,5,18.13,3.626,4.39,1
30.5,74.375,2024-05-01,29,125.02,4.311034482758621,15.92,1
30.5,74.375,2024-05-02,17,108.75,6.397058823529412,16.02,1
30.5,74.375,2024-05-04,41,485.37,11.838292682926829,50.11,1
30.5,74.375,2024-05-05,25,175.13,7.005199999999999,37.66,1
30.5,74.375,2024-05-06,53,628.67,11.861698113207547,42.77,1
30.5,74.375,2024-05-07,215,1524.52,7.090790697674419,40.56,1
30.5,74.375,2024-05-08,204,1734.1299999999999,8.50063725490196,63.19,1
30.5,74.375,2024-05-09,62,454.32,7.32774193548387,21.44,1
30.5,74.375,2024-05-10,62,418.38,6.748064516129032,21.06,1
30.5,74.375,2024-05-12,19,81.66,4.297894736842105,6.58,1
30.5,74.375,2024-05-13,93,543.9,5.848387096774193,52.41,1
30.5,74.375,2024-05-14,90,722.77,8.030777777777777,22.88,1
30.5,74.375,2024-05-15,72,491.73,6.829583333333334,38.21,1
30.5,74.375,2024-05-16,35,356.34,10.181142857142856,39.01,1
30.5,74.375,2024-05-17,63,668.9,10.617460317460317,22.21,1
30.5,74.375,2024-05-18,48,307.62,6.40875,15.57,1
30.5,74.375,2024-05-19,17,154.38,9.081176470588234,17.78,1
30.5,74.375,2024-05-20,11,196.71,17.882727272727273,29.61,1
30.5,74.375,2024-05-21,19,251.55,13.239473684210527,39.37,1
30.5,74.375,2024-05-22,13,110.55,8.503846153846153,16.41,1
30.5,74.375,2024-05-23,13,44.38,3.413846153846154,6.24,1
30.5,74.375,2024-05-24,13,48.8,3.753846153846154,6.87,1
30.5,74.375,2024-05-25,13,121.05,9.311538461538461,17.2,1
30.5,74.375,2024-05-26,3,60.9,20.3,25.33,1
30.5,74.375,2024-05-28,1,6.43,6.43,6.43,1
30.5,74.375,2024-05-29,1,7.52,7.52,7.52,1
30.5,74.375,2024-06-05,4,24.54,6.135,11.63,1
30.5,74.375,2024-06-14,1,2.19,2.19,2.19,1
30.5,74.375,2024-06-16,1,4.97,4.97,4.97,1
30.5,74.375,2024-06-18,1,7.1,7.1,7.1,1
30.5,74.375,2024-06-25,3,13.96,4.653333333333333,5.91,1
30.5,74.375,2024-06-26,2,14.26,7.13,8.0,1
30.5,74.375,2024-06-29,1,3.52,3.52,3.52,1
30.5,74.375,2024-07-02,2,8.33,4.165,4.97,1
30.5,74.375,2024-07-18,2,3.89,1.945,2.2,1
30.5,74.375,2024-07-23,2,7.960000000000001,3.9800000000000004,4.53,1
30.5,74.375,2024-09-09,1,5.05,5.05,5.05,1
30.5,74.375,2024-09-11,1,4.97,4.97,4.97,1
30.5,74.375,2024-09-13,2,3.7199999999999998,1.8599999999999999,2.0,1
30.5,74.375,2024-09-14,1,4.55,4.55,4.55,1
30.5,74.375,2024-09-15,3,14.530000000000001,4.843333333333334,7.21,1
30.5,74.375,2024-09-17,1,7.0,7.0,7.0,1
30.5,74.375,2024-09-20,3,13.370000000000001,4.456666666666667,7.15,1
30.5,74.375,2024-09-21,5,46.27,9.254000000000001,27.21,1
30.5,74.375,2024-09-23,1,4.19,4.19,4.19,1
30.5,74.375,2024-09-24,3,19.27,6.423333333333333,10.09,1
30.5,74.375,2024-10-03,2,6.09,3.045,3.07,1
30.5,74.375,2024-10-04,1,3.44,3.44,3.44,1
30.5,74.375,2024-10-05,2,5.32,2.66,3.06,1
30.5,74.375,2024-10-07,1,2.12,2.12,2.12,1
30.5,74.375,2024-10-10,1,7.66,7.66,7.66,1
30.5,74.375,2024-10-11,1,2.83,2.83,2.83,1
30.5,74.375,2024-10-14,1,3.61,3.61,3.61,1
30.5,74.375,2024-10-15,2,5.1899999999999995,2.5949999999999998,4.0,1
30.5,74.375,2024-10-17,2,6.119999999999999,3.0599999999999996,3.07,1
30.5,74.375,2024-10-18,4,19.85,4.9625,7.56,1
30.5,74.375,2024-10-20,4,16.1,4.025,5.58,1
30.5,74.375,2024-10-21,1,4.57,4.57,4.57,1
30.5,74.375,2024-10-22,3,19.11,6.37,13.52,1
30.5,74.375,2024-10-24,1,14.32,14.32,14.32,1
30.5,74.375,2024-10-25,5,28.18,5.636,7.71,1
30.5,74.375,2024-10-26,4,37.68,9.42,14.01,1
30.5,74.375,2024-10-27,3,8.09,2.6966666666666668,2.98,1
30.5,74.375,2024-10-28,10,66.94,6.694,18.71,1
30.5,74.375,2024-10-29,4,18.86,4.715,9.85,1
30.5,74.375,2024-10-30,5,29.6,5.92,8.41,1
30.5,74.375,2024-10-31,11,50.39,4.580909090909091,11.67,1
30.5,74.375,2024-11-01,23,231.07,10.046521739130435,30.72,1
30.5,74.375,2024-11-02,15,97.04,6.469333333333334,20.19,1
30.5,74.375,2024-11-07,37,193.12,5.219459459459459,19.73,1
30.5,74.375,2024-11-08,34,220.82999999999998,6.494999999999999,31.54,1
30.5,74.375,2024-11-09,8,39.82,4.9775,8.97,1
30.5,74.375,2024-11-10,14,62.59,4.470714285714286,10.73,1
30.5,74.375,2024-11-11,28,188.66,6.737857142857143,15.97,1
30.5,74.375,2024-11-12,24,140.3,5.845833333333334,15.59,1
30.5,74.375,2024-11-13,39,194.58,4.98923076923077,11.82,1
30.5,74.375,2024-11-15,10,63.45,6.345000000000001,11.83,1
30.5,74.375,2024-11-16,11,37.620000000000005,3.4200000000000004,5.91,1
30.5,74.375,2024-11-17,54,308.89,5.720185185185185,14.26,1
30.5,74.375,2024-11-18,194,998.47,5.146752577319588,26.72,1
30.5,74.375,2024-11-19,40,314.54,7.8635,43.06,1
30.5,74.375,2024-11-20,18,144.25,8.01388888888889,18.74,1
30.5,74.375,2024-11-21,37,263.06,7.10972972972973,22.18,1
30.5,74.375,2024-11-22,56,750.38,13.399642857142856,63.66,1
30.5,74.375,2024-11-23,16,84.86,5.30375,26.59,1
30.5,74.375,2024-11-24,20,124.86,6.243,15.17,1
30.5,74.375,2024-11-25,12,108.94999999999999,9.079166666666666,24.78,1
30.5,74.375,2024-11-26,8,46.63,5.82875,11.31,1
30.5,74.375,2024-11-27,9,47.95,5.327777777777778,11.14,1
30.5,74.375,2024-11-28,9,44.35,4.927777777777778,11.19,1
30.5,74.375,2024-11-29,11,42.5,3.8636363636363638,9.31,1
30.5,74.375,2024-11-30,2,52.919999999999995,26.459999999999997,49.73,1
30.5,74.375,2024-12-02,1,5.12,5.12,5.12,1
30.5,74.375,2024-12-03,2,5.890000000000001,2.9450000000000003,3.54,1
30.5,74.375,2024-12-04,4,40.7,10.175,16.71,1
30.5,74.375,2024-12-05,1,8.47,8.47,8.47,1
30.5,74.375,2024-12-07,2,7.39,3.695,4.39,1
30.5,74.375,2024-12-08,1,7.1,7.1,7.1,1
30.5,74.375,2024-12-10,1,1.56,1.56,1.56,1
30.5,74.375,2024-12-14,1,2.51,2.51,2.51,1
30.5,74.375,2024-12-20,1,5.08,5.08,5.08,1
30.5,74.375,2024-12-25,1,3.3,3.3,3.3,1
30.5,74.375,2025-02-24,1,7.29,7.29,7.29,1
30.5,74.375,2025-03-02,1,3.48,3.48,3.48,1
30.5,74.375,2025-03-04,1,14.19,14.19,14.19,1
30.5,74.375,2025-03-05,4,13.719999999999999,3.4299999999999997,4.46,1
30.5,74.375,2025-03-07,1,1.38,1.38,1.38,1
30.5,74.375,2025-03-10,1,4.31,4.31,4.31,1
30.5,74.375,2025-03-11,2,2.24,1.12,1.12,1
30.5,74.375,2025-03-31,1,3.65,3.65,3.65,1
30.5,74.375,2025-04-19,9,96.63,10.736666666666666,17.32,1
30.5,74.375,2025-04-20,10,213.76,21.375999999999998,73.55,1
30.5,74.375,2025-04-24,7,59.410000000000004,8.487142857142858,25.18,1
30.5,74.375,2025-04-25,15,75.75,5.05,15.9,1
30.5,74.375,2025-04-26,7,39.74,5.677142857142857,16.77,1
30.5,74.375,2025-04-27,18,142.8,7.933333333333334,33.63,1
30.5,74.375,2025-04-28,6,56.92,9.486666666666666,21.98,1
30.5,74.375,2025-04-29,28,182.97,6.534642857142857,23.09,1
30.5,74.375,2025-04-30,70,705.01,10.071571428571428,55.06,1
30.5,74.375,2025-05-01,50,291.56,5.8312,20.08,1
30.5,74.375,2025-05-04,8,49.5,6.1875,8.8,1
30.5,74.375,2025-05-05,31,162.13,5.2299999999999995,12.76,1
30.5,74.375,2025-05-06,28,158.54,5.6621428571428565,14.63,1
30.5,74.375,2025-05-07,72,619.3100000000001,8.601527777777779,34.69,1
30.5,74.375,2025-05-08,6,34.09,5.6816666666666675,7.34,1
30.5,74.375,2025-05-09,47,232.77,4.952553191489362,14.65,1
30.5,74.375,2025-05-10,51,231.18,4.5329411764705885,11.32,1
30.5,74.375,2025-05-11,122,607.3,4.977868852459016,29.08,1
30.5,74.375,2025-05-12,48,412.86,8.60125,34.26,1
30.5,74.375,2025-05-13,57,371.92,6.524912280701755,27.58,1
30.5,74.375,2025-05-14,63,536.04,8.508571428571427,28.56,1
30.5,74.375,2025-05-15,39,358.54,9.193333333333333,21.84,1
30.5,74.375,2025-05-16,81,482.14,5.952345679012345,15.66,1
30.5,74.375,2025-05-17,12,184.76,15.396666666666667,37.9,1
30.5,74.375,2025-05-18,21,172.43,8.210952380952381,25.59,1
30.5,74.375,2025-05-19,12,136.38,11.365,18.86,1
30.5,74.375,2025-05-20,15,105.4,7.026666666666667,13.81,1
30.5,74.375,2025-05-21,8,48.74,6.0925,10.51,1
30.5,74.375,2025-05-22,6,59.18,9.863333333333333,15.45,1
30.5,74.375,2025-05-23,11,94.79,8.617272727272727,14.55,1
30.5,74.375,2025-05-24,4,91.82,22.955,28.43,1
30.5,74.375,2025-05-25,6,57.72,9.62,35.29,1
30.5,74.375,2025-05-26,8,58.53,7.31625,10.29,1
30.5,74.375,2025-05-27,7,51.44,7.348571428571428,9.15,1
30.5,74.375,2025-05-28,2,18.91,9.455,10.49,1
30.5,74.375,2025-05-29,1,4.63,4.63,4.63,1
30.5,74.375,2025-05-30,1,5.72,5.72,5.72,1
30.5,74.375,2025-06-01,6,26.02,4.336666666666667,6.11,1
30.5,74.375,2025-06-02,3,19.55,6.516666666666667,7.64,1
30.5,74.375,2025-06-03,1,4.81,4.81,4.81,1
30.5,74.375,2025-06-05,1,9.8,9.8,9.8,1
30.5,74.375,2025-06-08,3,19.1,6.366666666666667,8.32,1
30.5,74.375,2025-06-11,2,14.56,7.28,10.81,1
30.5,74.375,2025-06-12,1,3.97,3.97,3.97,1
30.5,74.375,2025-06-13,1,21.99,21.99,21.99,1
30.5,74.375,2025-06-14,2,14.850000000000001,7.425000000000001,8.8,1
30.5,74.375,2025-06-21,1,10.8,10.8,10.8,1
30.5,74.375,2025-06-24,2,9.1,4.55,6.27,1
30.5,74.375,2025-07-02,2,13.11,6.555,6.58,1
30.5,74.375,2025-07-04,4,15.84,3.96,7.06,1
30.5,74.375,2025-09-23,1,3.21,3.21,3.21,1
30.5,74.375,2025-09-24,1,3.47,3.47,3.47,1
30.5,74.375,2025-10-04,3,12.58,4.193333333333333,6.81,1
30.5,74.375,2025-10-10,12,73.29,6.107500000000001,12.2,1
30.5,74.375,2025-10-11,2,10.280000000000001,5.140000000000001,6.95,1
30.5,74.375,2025-10-12,1,3.68,3.68,3.68,1
30.5,74.375,2025-10-13,1,3.81,3.81,3.81,1
30.5,74.375,2025-10-14,1,3.09,3.09,3.09,1
30.5,74.375,2025-10-15,2,5.11,2.555,2.95,1
30.5,74.375,2025-10-16,1,6.46,6.46,6.46,1
30.5,74.375,2025-10-17,4,11.27,2.8175,4.06,1
30.5,74.375,2025-10-18,7,15.35,2.1928571428571426,3.85,1
30.5,74.375,2025-10-19,2,9.629999999999999,4.8149999999999995,5.07,1
30.5,74.375,2025-10-20,9,52.18,5.797777777777778,19.9,1
30.5,74.375,2025-10-21,7,35.7,5.1000000000000005,8.83,1
30.5,74.375,2025-10-22,1,8.02,8.02,8.02,1
30.5,74.375,2025-10-23,1,3.33,3.33,3.33,1
30.5,74.375,2025-10-25,5,20.21,4.042,6.13,1
30.5,74.375,2025-10-26,14,93.48,6.677142857142857,22.23,1
30.5,74.375,2025-10-27,1,4.25,4.25,4.25,1
30.5,74.375,2025-10-28,1,4.04,4.04,4.04,1
30.5,74.375,2025-10-29,5,30.23,6.046,12.47,1
30.5,74.375,2025-10-30,9,64.52,7.168888888888889,16.95,1
30.5,74.375,2025-10-31,10,65.32000000000001,6.532000000000001,14.49,1
30.5,74.375,2025-11-01,5,23.52,4.704,6.64,1
30.5,74.375,2025-11-02,19,178.66,9.403157894736841,25.69,1
30.5,74.375,2025-11-03,15,143.02,9.534666666666668,24.33,1
30.5,74.375,2025-11-04,10,114.6,11.459999999999999,30.66,1
30.5,74.375,2025-11-05,23,110.6,4.808695652173912,20.97,1
30.5,74.375,2025-11-06,22,155.98,7.09,24.31,1
30.5,74.375,2025-11-07,17,144.24,8.48470588235294,23.13,1
30.5,74.375,2025-11-08,26,145.75,5.605769230769231,11.41,1
30.5,74.375,2025-11-09,41,222.89,5.436341463414633,15.41,1
30.5,74.375,2025-11-10,18,89.69,4.982777777777778,11.32,1
30.5,74.375,2025-11-11,16,115.34,7.20875,23.77,1
30.5,74.375,2025-11-13,22,205.4,9.336363636363636,20.79,1
30.5,74.375,2025-11-14,21,140.03,6.668095238095238,17.77,1
30.5,74.375,2025-11-15,12,276.29,23.02416666666667,61.59,1
30.5,74.375,2025-11-16,16,66.39,4.149375,13.0,1
30.5,74.375,2025-11-17,4,17.92,4.48,8.03,1
30.5,74.375,2025-11-18,6,19.94,3.3233333333333337,5.37,1
30.5,74.375,2025-11-19,1,5.34,5.34,5.34,1
30.5,74.375,2025-11-20,2,11.06,5.53,6.82,1
30.5,74.375,2025-11-21,3,8.76,2.92,3.6,1
30.5,74.375,2025-11-23,1,3.44,3.44,3.44,1
30.5,74.375,2025-11-24,2,4.57,2.285,2.61,1
30.5,74.375,2025-11-26,1,0.84,0.84,0.84,1
30.5,74.375,2025-12-01,2,13.1,6.55,6.55,1
30.5,74.375,2025-12-02,1,4.25,4.25,4.25,1
30.5,74.375,2025-12-04,2,3.46,1.73,1.89,1
30.5,75.0,2023-02-06,1,3.88,3.88,3.88,1
30.5,75.0,2023-02-26,5,96.38000000000001,19.276000000000003,32.13,1
30.5,75.0,2023-04-06,1,1.98,1.98,1.98,1
30.5,75.0,2023-04-22,2,5.78,2.89,2.89,1
30.5,75.0,2023-04-24,5,32.85,6.57,8.14,1
30.5,75.0,2023-04-25,4,11.9,2.975,4.23,1
30.5,75.0,2023-04-27,1,1.65,1.65,1.65,1
30.5,75.0,2023-04-28,1,2.05,2.05,2.05,1
30.5,75.0,2023-04-29,3,13.61,4.536666666666666,7.81,1
30.5,75.0,2023-05-01,17,112.71000000000001,6.630000000000001,12.5,1
30.5,75.0,2023-05-02,6,21.080000000000002,3.5133333333333336,4.23,1
30.5,75.0,2023-05-03,1,0.67,0.67,0.67,1
30.5,75.0,2023-05-04,40,185.0,4.625,10.8,1
30.5,75.0,2023-05-05,103,310.47,3.0142718446601946,10.6,1
30.5,75.0,2023-05-06,129,800.86,6.208217054263566,17.41,1
30.5,75.0,2023-05-07,132,808.39,6.1241666666666665,20.56,1
30.5,75.0,2023-05-08,180,995.29,5.529388888888889,28.02,1
30.5,75.0,2023-05-09,133,976.24,7.340150375939849,49.38,1
30.5,75.0,2023-05-10,213,1812.9,8.511267605633803,73.95,1
30.5,75.0,2023-05-11,296,2338.86,7.9015540540540545,38.96,1
30.5,75.0,2023-05-12,85,797.87,9.386705882352942,43.6,1
30.5,75.0,2023-05-13,269,1810.21,6.729405204460966,45.96,1
30.5,75.0,2023-05-14,21,140.26,6.679047619047618,13.53,1
30.5,75.0,2023-05-15,76,501.37,6.596973684210527,15.0,1
30.5,75.0,2023-05-16,70,253.88,3.626857142857143,10.28,1
30.5,75.0,2023-05-17,16,123.17,7.698125,12.07,1
30.5,75.0,2023-05-18,2,2.8899999999999997,1.4449999999999998,1.88,1
30.5,75.0,2023-05-19,7,19.36,2.7657142857142856,4.65,1
30.5,75.0,2023-05-20,10,61.3,6.13,9.61,1
30.5,75.0,2023-05-21,24,106.22,4.425833333333333,7.02,1
30.5,75.0,2023-05-22,5,17.47,3.4939999999999998,5.08,1
30.5,75.0,2023-05-24,2,2.67,1.335,1.44,1
30.5,75.0,2023-05-27,1,0.77,0.77,0.77,1
30.5,75.0,2023-05-30,1,4.35,4.35,4.35,1
30.5,75.0,2023-06-02,1,1.25,1.25,1.25,1
30.5,75.0,2023-06-04,1,2.17,2.17,2.17,1
30.5,75.0,2023-06-05,2,2.17,1.085,1.22,1
30.5,75.0,2023-06-07,1,1.18,1.18,1.18,1
30.5,75.0,2023-06-08,1,1.6,1.6,1.6,1
30.5,75.0,2023-06-09,1,1.56,1.56,1.56,1
30.5,75.0,2023-06-14,1,1.69,1.69,1.69,1
30.5,75.0,2023-06-18,1,2.74,2.74,2.74,1
30.5,75.0,2023-06-19,4,53.56,13.39,29.18,1
30.5,75.0,2023-06-20,1,7.5,7.5,7.5,1
30.5,75.0,2023-06-22,1,4.18,4.18,4.18,1
30.5,75.0,2023-06-23,1,3.03,3.03,3.03,1
30.5,75.0,2023-06-24,5,15.76,3.152,3.59,1
30.5,75.0,2023-06-30,2,7.49,3.745,4.02,1
30.5,75.0,2023-07-02,1,18.75,18.75,18.75,1
30.5,75.0,2023-07-03,2,6.35,3.175,3.18,1
30.5,75.0,2023-07-17,1,4.46,4.46,4.46,1
30.5,75.0,2023-07-23,1,4.33,4.33,4.33,1
30.5,75.0,2023-10-02,1,4.43,4.43,4.43,1
30.5,75.0,2023-10-04,1,2.65,2.65,2.65,1
30.5,75.0,2023-10-05,1,4.91,4.91,4.91,1
30.5,75.0,2023-10-06,2,17.75,8.875,8.97,1
30.5,75.0,2023-10-13,1,2.71,2.71,2.71,1
30.5,75.0,2023-10-14,2,5.55,2.775,2.94,1
30.5,75.0,2023-10-20,1,5.38,5.38,5.38,1
30.5,75.0,2023-10-21,5,13.53,2.706,3.43,1
30.5,75.0,2023-10-24,4,18.01,4.5025,6.4,1
30.5,75.0,2023-10-25,9,50.6,5.622222222222223,11.3,1
30.5,75.0,2023-10-26,21,106.43,5.068095238095238,21.29,1
30.5,75.0,2023-10-27,8,50.21,6.27625,10.5,1
30.5,75.0,2023-10-28,2,5.24,2.62,3.09,1
30.5,75.0,2023-10-29,23,147.58,6.416521739130435,12.64,1
30.5,75.0,2023-10-30,52,343.2,6.6,27.74,1
30.5,75.0,2023-10-31,63,462.0,7.333333333333333,84.45,1
30.5,75.0,2023-11-01,75,478.94,6.385866666666667,32.52,1
30.5,75.0,2023-11-03,49,274.49,5.601836734693878,11.8,1
30.5,75.0,2023-11-04,113,931.86,8.246548672566371,51.6,1
30.5,75.0,2023-11-05,251,1833.05,7.302988047808765,42.21,1
30.5,75.0,2023-11-06,175,1153.92,6.593828571428572,40.54,1
30.5,75.0,2023-11-07,148,933.93,6.310337837837838,35.73,1
30.5,75.0,2023-11-08,140,972.08,6.943428571428572,26.83,1
30.5,75.0,2023-11-09,16,156.1,9.75625,22.33,1
30.5,75.0,2023-11-12,37,231.97,6.269459459459459,24.43,1
30.5,75.0,2023-11-13,242,1628.64,6.729917355371901,30.03,1
30.5,75.0,2023-11-14,370,2324.76,6.283135135135136,44.31,1
30.5,75.0,2023-11-15,394,3190.54,8.097817258883248,53.44,1
30.5,75.0,2023-11-16,335,2087.66,6.231820895522388,45.66,1
30.5,75.0,2023-11-17,208,1540.0,7.403846153846154,45.03,1
30.5,75.0,2023-11-18,76,560.38,7.373421052631579,31.85,1
30.5,75.0,2023-11-19,116,886.45,7.6418103448275865,45.69,1
30.5,75.0,2023-11-20,64,449.0,7.015625,19.56,1
30.5,75.0,2023-11-21,59,403.07,6.831694915254237,39.49,1
30.5,75.0,2023-11-22,70,356.4,5.091428571428571,52.05,1
30.5,75.0,2023-11-23,30,181.97,6.065666666666667,15.31,1
30.5,75.0,2023-11-24,17,83.05,4.885294117647058,8.89,1
30.5,75.0,2023-11-25,3,22.54,7.513333333333333,10.16,1
30.5,75.0,2023-11-26,2,8.15,4.075,4.36,1
30.5,75.0,2023-11-28,1,6.44,6.44,6.44,1
30.5,75.0,2023-11-29,1,3.11,3.11,3.11,1
30.5,75.0,2023-11-30,1,3.15,3.15,3.15,1
30.5,75.0,2023-12-01,3,9.91,3.3033333333333332,3.68,1
30.5,75.0,2023-12-02,2,5.88,2.94,3.93,1
30.5,75.0,2023-12-03,1,6.65,6.65,6.65,1
30.5,75.0,2023-12-04,1,5.5,5.5,5.5,1
30.5,75.0,2024-02-03,2,0.92,0.46,0.46,1
30.5,75.0,2024-02-08,1,1.2,1.2,1.2,1
30.5,75.0,2024-02-09,1,0.82,0.82,0.82,1
30.5,75.0,2024-02-10,1,0.98,0.98,0.98,1
30.5,75.0,2024-02-11,1,0.76,0.76,0.76,1
30.5,75.0,2024-02-13,1,1.01,1.01,1.01,1
30.5,75.0,2024-02-14,1,0.62,0.62,0.62,1
30.5,75.0,2024-02-18,1,1.22,1.22,1.22,1
30.5,75.0,2024-02-19,1,1.08,1.08,1.08,1
30.5,75.0,2024-02-20,1,0.92,0.92,0.92,1
30.5,75.0,2024-02-21,1,1.1,1.1,1.1,1
30.5,75.0,2024-02-22,1,1.25,1.25,1.25,1
30.5,75.0,2024-02-24,1,0.91,0.91,0.91,1
30.5,75.0,2024-02-25,5,125.32000000000001,25.064,31.03,1
30.5,75.0,2024-02-26,3,17.22,5.739999999999999,5.88,1
30.5,75.0,2024-02-27,1,0.64,0.64,0.64,1
30.5,75.0,2024-02-28,1,0.77,0.77,0.77,1
30.5,75.0,2024-03-06,1,0.73,0.73,0.73,1
30.5,75.0,2024-03-07,1,0.51,0.51,0.51,1
30.5,75.0,2024-03-10,1,0.89,0.89,0.89,1
30.5,75.0,2024-03-11,1,0.73,0.73,0.73,1
30.5,75.0,2024-03-12,2,6.180000000000001,3.0900000000000003,5.28,1
30.5,75.0,2024-03-14,1,1.84,1.84,1.84,1
30.5,75.0,2024-03-15,1,0.65,0.65,0.65,1
30.5,75.0,2024-03-20,2,9.36,4.68,4.68,1
30.5,75.0,2024-04-01,1,0.67,0.67,0.67,1
30.5,75.0,2024-04-02,1,1.36,1.36,1.36,1
30.5,75.0,2024-04-03,1,1.42,1.42,1.42,1
30.5,75.0,2024-04-07,1,1.11,1.11,1.11,1
30.5,75.0,2024-04-12,1,1.08,1.08,1.08,1
30.5,75.0,2024-04-21,1,0.61,0.61,0.61,1
30.5,75.0,2024-04-22,1,0.89,0.89,0.89,1
30.5,75.0,2024-04-23,2,2.7800000000000002,1.3900000000000001,1.66,1
30.5,75.0,2024-04-24,2,9.2,4.6,4.6,1
30.5,75.0,2024-04-26,2,2.6,1.3,1.93,1
30.5,75.0,2024-04-27,2,3.98,1.99,2.98,1
30.5,75.0,2024-04-28,2,7.61,3.805,5.95,1
30.5,75.0,2024-04-29,1,0.85,0.85,0.85,1
30.5,75.0,2024-04-30,1,0.76,0.76,0.76,1
30.5,75.0,2024-05-01,22,101.83,4.628636363636364,16.54,1
30.5,75.0,2024-05-02,20,97.21000000000001,4.8605,14.21,1
30.5,75.0,2024-05-03,1,1.22,1.22,1.22,1
30.5,75.0,2024-05-04,13,239.06,18.38923076923077,54.28,1
30.5,75.0,2024-05-05,12,129.5,10.791666666666666,29.45,1
30.5,75.0,2024-05-06,16,214.67,13.416875,22.36,1
30.5,75.0,2024-05-07,97,633.92,6.535257731958763,35.12,1
30.5,75.0,2024-05-08,129,737.79,5.7193023255813955,18.72,1
30.5,75.0,2024-05-09,74,612.51,8.277162162162162,44.45,1
30.5,75.0,2024-05-10,121,660.69,5.460247933884298,22.93,1
30.5,75.0,2024-05-11,4,34.9,8.725,12.03,1
30.5,75.0,2024-05-12,88,463.98,5.2725,20.44,1
30.5,75.0,2024-05-13,187,1193.4,6.381818181818183,22.0,1
30.5,75.0,2024-05-14,151,1753.69,11.613841059602649,55.82,1
30.5,75.0,2024-05-15,94,702.54,7.473829787234042,36.07,1
30.5,75.0,2024-05-16,104,933.86,8.979423076923077,49.9,1
30.5,75.0,2024-05-17,78,994.74,12.753076923076923,40.86,1
30.5,75.0,2024-05-18,97,637.02,6.56721649484536,19.9,1
30.5,75.0,2024-05-19,29,281.1,9.693103448275863,22.61,1
30.5,75.0,2024-05-20,12,224.20999999999998,18.684166666666666,57.18,1
30.5,75.0,2024-05-21,24,161.66,6.735833333333333,17.18,1
30.5,75.0,2024-05-22,35,293.5,8.385714285714286,25.68,1
30.5,75.0,2024-05-23,10,26.71,2.6710000000000003,4.79,1
30.5,75.0,2024-05-24,9,28.75,3.1944444444444446,5.46,1
30.5,75.0,2024-05-25,18,168.47,9.359444444444444,34.15,1
30.5,75.0,2024-05-26,5,41.14,8.228,22.13,1
30.5,75.0,2024-05-27,6,27.7,4.616666666666666,8.27,1
30.5,75.0,2024-05-29,8,45.47,5.68375,8.34,1
30.5,75.0,2024-06-04,2,4.58,2.29,2.31,1
30.5,75.0,2024-06-05,2,4.74,2.37,2.37,1
30.5,75.0,2024-06-06,3,11.15,3.716666666666667,7.41,1
30.5,75.0,2024-06-08,3,5.4,1.8,2.06,1
30.5,75.0,2024-06-09,3,8.55,2.85,4.12,1
30.5,75.0,2024-06-10,2,3.1,1.55,1.55,1
30.5,75.0,2024-06-11,2,19.7,9.85,16.15,1
30.5,75.0,2024-06-14,1,1.9,1.9,1.9,1
30.5,75.0,2024-06-15,1,2.79,2.79,2.79,1
30.5,75.0,2024-06-16,1,1.18,1.18,1.18,1
30.5,75.0,2024-06-17,3,18.03,6.010000000000001,10.0,1
30.5,75.0,2024-06-18,2,4.2,2.1,2.4,1
30.5,75.0,2024-06-21,1,1.14,1.14,1.14,1
30.5,75.0,2024-06-23,1,10.49,10.49,10.49,1
30.5,75.0,2024-06-28,1,2.52,2.52,2.52,1
30.5,75.0,2024-06-29,1,8.5,8.5,8.5,1
30.5,75.0,2024-07-18,1,6.13,6.13,6.13,1
30.5,75.0,2024-08-03,1,4.73,4.73,4.73,1
30.5,75.0,2024-08-14,1,7.71,7.71,7.71,1
30.5,75.0,2024-10-07,1,3.01,3.01,3.01,1
30.5,75.0,2024-10-12,1,2.33,2.33,2.33,1
30.5,75.0,2024-10-16,1,3.5,3.5,3.5,1
30.5,75.0,2024-10-17,1,2.24,2.24,2.24,1
30.5,75.0,2024-10-18,1,2.65,2.65,2.65,1
30.5,75.0,2024-10-21,2,19.4,9.7,9.7,1
30.5,75.0,2024-10-22,3,7.74,2.58,2.92,1
30.5,75.0,2024-10-23,3,11.99,3.9966666666666666,4.61,1
30.5,75.0,2024-10-24,5,19.45,3.8899999999999997,4.55,1
30.5,75.0,2024-10-25,5,29.41,5.882,9.89,1
30.5,75.0,2024-10-26,8,50.01,6.25125,10.95,1
30.5,75.0,2024-10-27,4,18.63,4.6575,6.33,1
30.5,75.0,2024-10-28,7,20.94,2.9914285714285715,4.75,1
30.5,75.0,2024-10-29,7,79.08,11.297142857142857,22.08,1
30.5,75.0,2024-10-30,18,104.89,5.827222222222222,13.33,1
30.5,75.0,2024-10-31,15,59.9,3.993333333333333,7.53,1
30.5,75.0,2024-11-01,33,194.32,5.888484848484849,24.84,1
30.5,75.0,2024-11-02,33,211.85,6.41969696969697,19.37,1
30.5,75.0,2024-11-07,51,246.98,4.842745098039216,25.25,1
30.5,75.0,2024-11-08,49,228.95,4.672448979591836,14.43,1
30.5,75.0,2024-11-09,24,121.60000000000001,5.066666666666667,14.31,1
30.5,75.0,2024-11-10,19,106.49,5.604736842105263,12.27,1
30.5,75.0,2024-11-11,39,324.34,8.316410256410256,25.81,1
30.5,75.0,2024-11-12,10,52.870000000000005,5.287000000000001,18.1,1
30.5,75.0,2024-11-13,89,374.94,4.212808988764045,11.92,1
30.5,75.0,2024-11-16,2,5.51,2.755,2.83,1
30.5,75.0,2024-11-17,93,503.23,5.411075268817204,18.8,1
30.5,75.0,2024-11-18,176,1085.22,6.166022727272727,98.0,1
30.5,75.0,2024-11-19,52,282.73,5.437115384615385,30.6,1
30.5,75.0,2024-11-20,8,53.66,6.7075,15.55,1
30.5,75.0,2024-11-21,17,98.42,5.789411764705882,20.67,1
30.5,75.0,2024-11-22,12,77.93,6.4941666666666675,14.34,1
30.5,75.0,2024-11-23,13,67.51,5.193076923076924,10.95,1
30.5,75.0,2024-11-24,8,22.79,2.84875,5.41,1
30.5,75.0,2024-11-25,4,30.68,7.67,17.79,1
30.5,75.0,2024-11-26,4,18.65,4.6625,6.47,1
30.5,75.0,2024-11-27,4,20.96,5.24,7.63,1
30.5,75.0,2024-11-28,3,7.67,2.5566666666666666,3.46,1
30.5,75.0,2024-11-29,5,18.32,3.664,8.2,1
30.5,75.0,2024-11-30,3,15.29,5.096666666666667,8.34,1
30.5,75.0,2024-12-01,2,4.06,2.03,2.07,1
30.5,75.0,2024-12-05,6,90.31,15.051666666666668,24.35,1
30.5,75.0,2024-12-10,2,6.44,3.22,4.36,1
30.5,75.0,2024-12-12,1,1.38,1.38,1.38,1
30.5,75.0,2025-01-20,1,0.98,0.98,0.98,1
30.5,75.0,2025-01-23,1,2.03,2.03,2.03,1
30.5,75.0,2025-01-24,2,2.08,1.04,1.04,1
30.5,75.0,2025-01-25,2,8.11,4.055,6.21,1
30.5,75.0,2025-01-26,2,1.97,0.985,1.01,1
30.5,75.0,2025-01-27,1,0.68,0.68,0.68,1
30.5,75.0,2025-02-12,1,1.34,1.34,1.34,1
30.5,75.0,2025-02-17,1,3.52,3.52,3.52,1
30.5,75.0,2025-03-12,2,11.57,5.785,7.25,1
30.5,75.0,2025-03-16,1,3.04,3.04,3.04,1
30.5,75.0,2025-03-20,1,4.89,4.89,4.89,1
30.5,75.0,2025-03-21,1,5.94,5.94,5.94,1
30.5,75.0,2025-04-06,1,2.63,2.63,2.63,1
30.5,75.0,2025-04-07,1,1.22,1.22,1.22,1
30.5,75.0,2025-04-14,2,2.96,1.48,1.95,1
30.5,75.0,2025-04-15,2,7.36,3.68,3.68,1
30.5,75.0,2025-04-20,19,464.04,24.423157894736843,47.15,1
30.5,75.0,2025-04-21,2,18.52,9.26,10.92,1
30.5,75.0,2025-04-24,15,119.42,7.961333333333333,16.55,1
30.5,75.0,2025-04-25,4,12.59,3.1475,5.38,1
30.5,75.0,2025-04-26,1,12.19,12.19,12.19,1
30.5,75.0,2025-04-27,1,4.45,4.45,4.45,1
30.5,75.0,2025-04-28,5,25.119999999999997,5.023999999999999,13.53,1
30.5,75.0,2025-04-29,15,72.89,4.859333333333334,11.49,1
30.5,75.0,2025-04-30,11,40.87,3.7154545454545453,5.77,1
30.5,75.0,2025-05-01,7,41.239999999999995,5.891428571428571,12.21,1
30.5,75.0,2025-05-04,102,749.85,7.351470588235294,75.91,1
30.5,75.0,2025-05-06,19,134.01,7.053157894736842,15.09,1
30.5,75.0,2025-05-07,65,507.12,7.801846153846154,45.75,1
30.5,75.0,2025-05-08,9,25.14,2.7933333333333334,6.53,1
30.5,75.0,2025-05-09,67,405.46,6.0516417910447755,61.13,1
30.5,75.0,2025-05-10,118,612.1,5.187288135593221,28.89,1
30.5,75.0,2025-05-11,116,731.13,6.302844827586207,30.31,1
30.5,75.0,2025-05-12,73,535.73,7.3387671232876714,39.02,1
30.5,75.0,2025-05-13,179,969.68,5.417206703910614,23.21,1
30.5,75.0,2025-05-14,164,1571.44,9.581951219512195,83.62,1
30.5,75.0,2025-05-15,165,1619.15,9.813030303030304,52.37,1
30.5,75.0,2025-05-16,188,1197.85,6.371542553191489,33.16,1
30.5,75.0,2025-05-17,68,670.66,9.862647058823528,50.19,1
30.5,75.0,2025-05-18,56,512.68,9.155,31.23,1
30.5,75.0,2025-05-19,37,306.98,8.296756756756757,40.52,1
30.5,75.0,2025-05-20,21,219.66,10.459999999999999,48.66,1
30.5,75.0,2025-05-21,16,80.31,5.019375,6.85,1
30.5,75.0,2025-05-22,16,126.16,7.885,23.36,1
30.5,75.0,2025-05-23,12,172.94,14.411666666666667,59.67,1
30.5,75.0,2025-05-24,6,88.31,14.718333333333334,29.52,1
30.5,75.0,2025-05-25,2,14.86,7.43,7.47,1
30.5,75.0,2025-05-26,1,1.44,1.44,1.44,1
30.5,75.0,2025-05-27,5,18.62,3.724,4.49,1
30.5,75.0,2025-05-28,6,23.82,3.97,7.15,1
30.5,75.0,2025-05-29,3,19.29,6.43,15.05,1
30.5,75.0,2025-05-31,4,31.72,7.93,17.82,1
30.5,75.0,2025-06-05,1,7.35,7.35,7.35,1
30.5,75.0,2025-06-07,1,3.78,3.78,3.78,1
30.5,75.0,2025-06-08,1,11.73,11.73,11.73,1
30.5,75.0,2025-06-11,2,6.4399999999999995,3.2199999999999998,3.42,1
30.5,75.0,2025-06-13,1,2.97,2.97,2.97,1
30.5,75.0,2025-06-19,1,2.28,2.28,2.28,1
30.5,75.0,2025-06-21,2,16.39,8.195,9.23,1
30.5,75.0,2025-06-24,2,8.77,4.385,4.59,1
30.5,75.0,2025-07-02,1,4.39,4.39,4.39,1
30.5,75.0,2025-09-18,1,1.82,1.82,1.82,1
30.5,75.0,2025-09-24,2,7.9799999999999995,3.9899999999999998,4.97,1
30.5,75.0,2025-10-14,1,1.19,1.19,1.19,1
30.5,75.0,2025-10-17,1,5.47,5.47,5.47,1
30.5,75.0,2025-10-20,1,6.19,6.19,6.19,1
30.5,75.0,2025-10-21,3,3.58,1.1933333333333334,1.92,1
30.5,75.0,2025-10-22,3,17.92,5.973333333333334,8.5,1
30.5,75.0,2025-10-24,4,25.94,6.485,13.48,1
30.5,75.0,2025-10-25,4,11.04,2.76,5.06,1
30.5,75.0,2025-10-26,12,45.57,3.7975,6.35,1
30.5,75.0,2025-10-27,6,36.769999999999996,6.128333333333333,11.5,1
30.5,75.0,2025-10-28,3,29.01,9.67,13.38,1
30.5,75.0,2025-10-29,1,3.26,3.26,3.26,1
30.5,75.0,2025-10-30,9,61.75,6.861111111111111,17.89,1
30.5,75.0,2025-10-31,21,133.97,6.37952380952381,30.98,1
30.5,75.0,2025-11-01,6,28.39,4.7316666666666665,7.34,1
30.5,75.0,2025-11-02,11,93.58,8.507272727272728,16.25,1
30.5,75.0,2025-11-03,6,23.13,3.855,5.74,1
30.5,75.0,2025-11-04,24,163.82,6.825833333333333,21.21,1
30.5,75.0,2025-11-05,20,143.65,7.1825,26.05,1
30.5,75.0,2025-11-06,16,65.06,4.06625,13.36,1
30.5,75.0,2025-11-07,15,110.06,7.3373333333333335,23.46,1
30.5,75.0,2025-11-08,23,174.21,7.574347826086957,17.86,1
30.5,75.0,2025-11-09,20,123.01,6.1505,45.8,1
30.5,75.0,2025-11-10,21,116.99,5.570952380952381,14.18,1
30.5,75.0,2025-11-11,16,65.83,4.114375,14.17,1
30.5,75.0,2025-11-13,8,37.839999999999996,4.7299999999999995,8.82,1
30.5,75.0,2025-11-14,1,10.06,10.06,10.06,1
30.5,75.0,2025-11-15,6,50.29,8.381666666666666,17.86,1
30.5,75.0,2025-11-16,3,8.07,2.69,3.38,1
30.5,75.0,2025-11-17,3,25.46,8.486666666666666,14.71,1
30.5,75.0,2025-11-18,1,4.56,4.56,4.56,1
30.5,75.0,2025-11-19,4,18.0,4.5,6.89,1
30.5,75.0,2025-11-21,2,5.62,2.81,3.7,1
30.5,75.0,2025-11-24,3,12.15,4.05,4.44,1
30.5,75.0,2025-11-27,2,5.59,2.795,3.8,1
30.5,75.0,2025-11-30,1,4.5,4.5,4.5,1
30.5,75.0,2025-12-02,1,1.05,1.05,1.05,1
30.5,75.625,2023-02-07,1,2.8,2.8,2.8,1
30.5,75.625,2023-02-12,1,1.76,1.76,1.76,1
30.5,75.625,2023-02-14,1,4.71,4.71,4.71,1
30.5,75.625,2023-02-18,3,11.46,3.8200000000000003,4.13,1
30.5,75.625,2023-02-19,2,23.6,11.8,17.44,1
30.5,75.625,2023-02-23,4,7.619999999999999,1.9049999999999998,2.55,1
30.5,75.625,2023-02-26,1,2.69,2.69,2.69,1
30.5,75.625,2023-03-03,1,4.93,4.93,4.93,1
30.5,75.625,2023-03-06,1,2.18,2.18,2.18,1
30.5,75.625,2023-03-10,1,3.42,3.42,3.42,1
30.5,75.625,2023-03-14,2,9.98,4.99,5.14,1
30.5,75.625,2023-04-14,2,10.309999999999999,5.154999999999999,5.18,1
30.5,75.625,2023-04-16,1,0.58,0.58,0.58,1
30.5,75.625,2023-04-19,1,1.49,1.49,1.49,1
30.5,75.625,2023-04-22,2,4.88,2.44,3.01,1
30.5,75.625,2023-04-24,5,31.049999999999997,6.209999999999999,17.38,1
30.5,75.625,2023-04-25,8,30.22,3.7775,6.69,1
30.5,75.625,2023-04-26,5,12.09,2.418,4.56,1
30.5,75.625,2023-04-27,2,7.16,3.58,4.06,1
30.5,75.625,2023-04-28,3,23.830000000000002,7.943333333333334,16.85,1
30.5,75.625,2023-04-29,1,4.7,4.7,4.7,1
30.5,75.625,2023-04-30,5,18.16,3.632,5.41,1
30.5,75.625,2023-05-01,1,4.33,4.33,4.33,1
30.5,75.625,2023-05-02,1,7.02,7.02,7.02,1
30.5,75.625,2023-05-03,1,8.04,8.04,8.04,1
30.5,75.625,2023-05-04,71,439.75,6.193661971830986,32.04,1
30.5,75.625,2023-05-05,270,1218.64,4.513481481481482,19.69,1
30.5,75.625,2023-05-06,339,1764.21,5.204159292035398,22.7,1
30.5,75.625,2023-05-07,203,1310.66,6.456453201970444,27.85,1
30.5,75.625,2023-05-08,231,1477.92,6.397922077922078,41.32,1
30.5,75.625,2023-05-09,69,810.86,11.75159420289855,61.68,1
30.5,75.625,2023-05-10,138,1372.95,9.948913043478262,60.13,1
30.5,75.625,2023-05-11,144,879.42,6.107083333333333,20.07,1
30.5,75.625,2023-05-12,68,670.31,9.8575,27.47,1
30.5,75.625,2023-05-13,123,1005.7,8.176422764227643,37.39,1
30.5,75.625,2023-05-14,34,228.59,6.723235294117647,20.25,1
30.5,75.625,2023-05-15,42,246.43,5.867380952380953,14.58,1
30.5,75.625,2023-05-16,38,138.49,3.6444736842105265,12.55,1
30.5,75.625,2023-05-17,23,116.74000000000001,5.075652173913044,12.62,1
30.5,75.625,2023-05-18,1,7.99,7.99,7.99,1
30.5,75.625,2023-05-19,7,33.67,4.8100000000000005,7.75,1
30.5,75.625,2023-05-20,8,50.31,6.28875,9.65,1
30.5,75.625,2023-05-21,5,27.82,5.564,9.08,1
30.5,75.625,2023-05-22,6,23.37,3.895,6.88,1
30.5,75.625,2023-05-23,2,8.600000000000001,4.300000000000001,5.94,1
30.5,75.625,2023-05-31,1,2.16,2.16,2.16,1
30.5,75.625,2023-06-08,1,7.83,7.83,7.83,1
30.5,75.625,2023-06-11,1,1.39,1.39,1.39,1
30.5,75.625,2023-06-12,1,2.48,2.48,2.48,1
30.5,75.625,2023-06-16,1,8.24,8.24,8.24,1
30.5,75.625,2023-06-17,1,6.65,6.65,6.65,1
30.5,75.625,2023-06-18,4,28.27,7.0675,10.69,1
30.5,75.625,2023-06-19,1,25.28,25.28,25.28,1
30.5,75.625,2023-06-21,5,74.5,14.9,56.85,1
30.5,75.625,2023-06-22,2,12.08,6.04,7.28,1
30.5,75.625,2023-06-23,1,2.55,2.55,2.55,1
30.5,75.625,2023-06-24,3,17.27,5.756666666666667,9.16,1
30.5,75.625,2023-06-25,4,14.3,3.575,5.95,1
30.5,75.625,2023-06-29,2,12.56,6.28,6.33,1
30.5,75.625,2023-06-30,1,2.65,2.65,2.65,1
30.5,75.625,2023-07-01,1,1.92,1.92,1.92,1
30.5,75.625,2023-07-02,3,27.06,9.02,13.52,1
30.5,75.625,2023-07-03,4,52.75,13.1875,31.6,1
30.5,75.625,2023-08-01,1,4.84,4.84,4.84,1
30.5,75.625,2023-08-27,1,4.84,4.84,4.84,1
30.5,75.625,2023-09-30,1,3.9,3.9,3.9,1
30.5,75.625,2023-10-03,2,18.1,9.05,11.14,1
30.5,75.625,2023-10-06,2,11.350000000000001,5.675000000000001,5.94,1
30.5,75.625,2023-10-09,1,4.52,4.52,4.52,1
30.5,75.625,2023-10-11,2,8.379999999999999,4.1899999999999995,5.09,1
30.5,75.625,2023-10-12,3,13.43,4.476666666666667,4.59,1
30.5,75.625,2023-10-13,2,7.140000000000001,3.5700000000000003,3.97,1
30.5,75.625,2023-10-14,2,11.49,5.745,6.13,1
30.5,75.625,2023-10-19,1,6.64,6.64,6.64,1
30.5,75.625,2023-10-20,5,38.86,7.772,12.28,1
30.5,75.625,2023-10-22,6,19.88,3.313333333333333,5.09,1
30.5,75.625,2023-10-23,7,39.52,5.645714285714286,9.24,1
30.5,75.625,2023-10-24,22,87.48,3.9763636363636365,8.2,1
30.5,75.625,2023-10-25,9,61.17,6.796666666666667,13.14,1
30.5,75.625,2023-10-26,20,84.55,4.2275,10.74,1
30.5,75.625,2023-10-27,30,256.92,8.564,37.22,1
30.5,75.625,2023-10-28,2,8.53,4.265,5.35,1
30.5,75.625,2023-10-29,31,144.21,4.651935483870968,9.94,1
30.5,75.625,2023-10-30,88,601.19,6.831704545454546,32.28,1
30.5,75.625,2023-10-31,95,542.05,5.70578947368421,30.63,1
30.5,75.625,2023-11-01,87,480.93,5.527931034482759,21.93,1
30.5,75.625,2023-11-03,65,358.07,5.50876923076923,12.62,1
30.5,75.625,2023-11-04,177,1424.32,8.047005649717514,32.81,1
30.5,75.625,2023-11-05,403,3100.32,7.6931017369727055,47.2,1
30.5,75.625,2023-11-06,321,1874.82,5.8405607476635515,40.15,1
30.5,75.625,2023-11-07,287,1941.98,6.7664808362369335,41.17,1
30.5,75.625,2023-11-08,292,1858.61,6.365102739726027,26.65,1
30.5,75.625,2023-11-09,57,350.22,6.14421052631579,14.04,1
30.5,75.625,2023-11-11,5,14.87,2.9739999999999998,4.38,1
30.5,75.625,2023-11-12,196,1482.62,7.56438775510204,38.08,1
30.5,75.625,2023-11-13,153,1189.17,7.772352941176471,29.54,1
30.5,75.625,2023-11-14,378,2593.81,6.861931216931217,35.17,1
30.5,75.625,2023-11-15,325,2303.64,7.088123076923076,44.92,1
30.5,75.625,2023-11-16,285,1880.05,6.596666666666667,78.71,1
30.5,75.625,2023-11-17,149,1065.9,7.153691275167786,32.37,1
30.5,75.625,2023-11-18,64,496.95,7.76484375,42.22,1
30.5,75.625,2023-11-19,66,542.37,8.217727272727274,33.35,1
30.5,75.625,2023-11-20,34,390.12,11.474117647058824,73.27,1
30.5,75.625,2023-11-21,51,372.64,7.306666666666667,31.06,1
30.5,75.625,2023-11-22,32,150.01,4.6878125,24.31,1
30.5,75.625,2023-11-23,11,92.88,8.443636363636363,40.7,1
30.5,75.625,2023-11-24,17,51.79,3.046470588235294,5.5,1
30.5,75.625,2023-11-29,3,14.55,4.8500000000000005,5.93,1
30.5,75.625,2023-12-02,2,14.579999999999998,7.289999999999999,8.12,1
30.5,75.625,2023-12-03,2,6.33,3.165,4.32,1
30.5,75.625,2023-12-07,1,2.96,2.96,2.96,1
30.5,75.625,2023-12-12,1,5.57,5.57,5.57,1
30.5,75.625,2023-12-16,1,3.4,3.4,3.4,1
30.5,75.625,2024-01-29,2,14.370000000000001,7.1850000000000005,7.46,1
30.5,75.625,2024-02-06,2,6.26,3.13,3.74,1
30.5,75.625,2024-02-11,1,1.67,1.67,1.67,1
30.5,75.625,2024-02-15,1,2.66,2.66,2.66,1
30.5,75.625,2024-02-25,1,5.27,5.27,5.27,1
30.5,75.625,2024-02-26,1,2.66,2.66,2.66,1
30.5,75.625,2024-03-07,1,4.85,4.85,4.85,1
30.5,75.625,2024-03-12,2,48.21,24.105,33.24,1
30.5,75.625,2024-03-15,2,15.200000000000001,7.6000000000000005,8.38,1
30.5,75.625,2024-03-22,1,9.03,9.03,9.03,1
30.5,75.625,2024-03-28,1,7.66,7.66,7.66,1
30.5,75.625,2024-04-22,1,2.82,2.82,2.82,1
30.5,75.625,2024-04-26,1,4.02,4.02,4.02,1
30.5,75.625,2024-04-28,1,6.34,6.34,6.34,1
30.5,75.625,2024-05-01,12,28.39,2.3658333333333332,3.86,1
30.5,75.625,2024-05-02,6,11.879999999999999,1.9799999999999998,2.65,1
30.5,75.625,2024-05-04,6,111.35,18.558333333333334,38.76,1
30.5,75.625,2024-05-05,6,39.97,6.661666666666666,18.89,1
30.5,75.625,2024-05-06,9,74.75,8.305555555555555,19.39,1
30.5,75.625,2024-05-07,30,450.39,15.013,34.17,1
30.5,75.625,2024-05-08,49,196.74,4.015102040816327,8.63,1
30.5,75.625,2024-05-09,50,226.97,4.5394,12.11,1
30.5,75.625,2024-05-10,99,492.0,4.96969696969697,45.75,1
30.5,75.625,2024-05-11,13,87.53,6.733076923076923,16.94,1
30.5,75.625,2024-05-12,160,680.78,4.254875,12.93,1
30.5,75.625,2024-05-13,188,1168.54,6.21563829787234,21.08,1
30.5,75.625,2024-05-14,145,1455.22,10.036,30.92,1
30.5,75.625,2024-05-15,80,771.21,9.640125000000001,31.29,1
30.5,75.625,2024-05-16,93,759.12,8.16258064516129,20.82,1
30.5,75.625,2024-05-17,118,1105.39,9.36771186440678,40.57,1
30.5,75.625,2024-05-18,167,1115.6,6.680239520958083,35.73,1
30.5,75.625,2024-05-19,83,526.8,6.346987951807228,20.18,1
30.5,75.625,2024-05-20,13,132.55,10.196153846153846,23.93,1
30.5,75.625,2024-05-21,33,227.39000000000001,6.890606060606061,23.44,1
30.5,75.625,2024-05-22,35,202.72,5.792,15.12,1
30.5,75.625,2024-05-23,26,137.39,5.284230769230769,24.33,1
30.5,75.625,2024-05-24,9,30.909999999999997,3.434444444444444,7.02,1
30.5,75.625,2024-05-25,16,103.95,6.496875,9.97,1
30.5,75.625,2024-05-26,6,36.7,6.116666666666667,10.93,1
30.5,75.625,2024-05-27,2,16.9,8.45,10.02,1
30.5,75.625,2024-05-28,5,36.9,7.38,16.14,1
30.5,75.625,2024-05-29,7,61.89,8.84142857142857,13.64,1
30.5,75.625,2024-06-05,11,134.82,12.256363636363636,31.58,1
30.5,75.625,2024-06-06,2,20.94,10.47,10.47,1
30.5,75.625,2024-06-09,2,9.21,4.605,4.91,1
30.5,75.625,2024-06-11,1,13.83,13.83,13.83,1
30.5,75.625,2024-06-13,2,8.25,4.125,5.19,1
30.5,75.625,2024-06-14,7,23.1,3.3000000000000003,5.53,1
30.5,75.625,2024-06-16,1,26.28,26.28,26.28,1
30.5,75.625,2024-06-17,2,9.24,4.62,4.62,1
30.5,75.625,2024-06-18,3,15.19,5.0633333333333335,8.76,1
30.5,75.625,2024-06-19,9,31.05,3.45,5.52,1
30.5,75.625,2024-06-20,2,13.52,6.76,7.31,1
30.5,75.625,2024-06-22,2,3.2,1.6,1.6,1
30.5,75.625,2024-06-23,6,77.02,12.836666666666666,28.87,1
30.5,75.625,2024-06-24,8,99.15,12.39375,47.14,1
30.5,75.625,2024-06-26,7,30.82,4.402857142857143,5.07,1
30.5,75.625,2024-06-29,5,25.29,5.058,6.17,1
30.5,75.625,2024-07-02,1,5.84,5.84,5.84,1
30.5,75.625,2024-07-09,3,17.26,5.753333333333334,6.4,1
30.5,75.625,2024-07-29,1,4.49,4.49,4.49,1
30.5,75.625,2024-09-21,1,2.41,2.41,2.41,1
30.5,75.625,2024-09-30,1,6.47,6.47,6.47,1
30.5,75.625,2024-10-01,2,4.18,2.09,3.31,1
30.5,75.625,2024-10-02,2,5.23,2.615,2.78,1
30.5,75.625,2024-10-07,4,15.08,3.77,4.26,1
30.5,75.625,2024-10-12,4,18.84,4.71,10.04,1
30.5,75.625,2024-10-13,4,14.35,3.5875,4.35,1
30.5,75.625,2024-10-15,1,1.48,1.48,1.48,1
30.5,75.625,2024-10-16,2,5.59,2.795,2.84,1
30.5,75.625,2024-10-17,3,19.95,6.6499999999999995,11.69,1
30.5,75.625,2024-10-20,1,2.37,2.37,2.37,1
30.5,75.625,2024-10-21,1,3.85,3.85,3.85,1
30.5,75.625,2024-10-22,1,11.04,11.04,11.04,1
30.5,75.625,2024-10-23,3,11.81,3.936666666666667,5.15,1
30.5,75.625,2024-10-25,4,48.84,12.21,18.45,1
30.5,75.625,2024-10-26,3,18.56,6.1866666666666665,13.43,1
30.5,75.625,2024-10-27,6,42.120000000000005,7.0200000000000005,10.07,1
30.5,75.625,2024-10-28,15,89.62,5.974666666666667,18.9,1
30.5,75.625,2024-10-29,11,82.02,7.456363636363636,22.44,1
30.5,75.625,2024-10-30,1,2.53,2.53,2.53,1
30.5,75.625,2024-10-31,20,120.25,6.0125,17.59,1
30.5,75.625,2024-11-01,50,298.79,5.9758000000000004,17.88,1
30.5,75.625,2024-11-02,44,249.56,5.671818181818182,28.52,1
30.5,75.625,2024-11-07,62,332.71,5.366290322580645,25.24,1
30.5,75.625,2024-11-08,65,289.77,4.457999999999999,26.38,1
30.5,75.625,2024-11-09,58,282.82,4.876206896551724,20.56,1
30.5,75.625,2024-11-10,14,75.26,5.375714285714286,11.75,1
30.5,75.625,2024-11-11,50,180.09,3.6018,11.93,1
30.5,75.625,2024-11-12,9,67.18,7.464444444444445,14.52,1
30.5,75.625,2024-11-13,6,15.57,2.595,4.28,1
30.5,75.625,2024-11-16,37,146.17,3.95054054054054,14.23,1
30.5,75.625,2024-11-17,23,80.28,3.4904347826086957,5.74,1
30.5,75.625,2024-11-18,112,476.21,4.251875,31.69,1
30.5,75.625,2024-11-19,53,316.44,5.970566037735849,19.69,1
30.5,75.625,2024-11-20,16,73.39,4.586875,20.5,1
30.5,75.625,2024-11-21,22,118.71,5.3959090909090905,20.63,1
30.5,75.625,2024-11-22,2,14.709999999999999,7.3549999999999995,8.69,1
30.5,75.625,2024-11-23,38,190.41,5.01078947368421,16.35,1
30.5,75.625,2024-11-24,7,35.93,5.132857142857143,14.21,1
30.5,75.625,2024-11-25,5,22.990000000000002,4.598000000000001,7.48,1
30.5,75.625,2024-11-26,2,6.5600000000000005,3.2800000000000002,3.86,1
30.5,75.625,2024-11-27,4,13.8,3.45,3.96,1
30.5,75.625,2024-11-29,5,18.46,3.692,5.56,1
30.5,75.625,2024-12-01,2,9.61,4.805,5.11,1
30.5,75.625,2024-12-03,1,2.9,2.9,2.9,1
30.5,75.625,2024-12-04,2,2.51,1.255,1.76,1
30.5,75.625,2025-01-03,1,1.72,1.72,1.72,1
30.5,75.625,2025-01-15,2,8.36,4.18,4.52,1
30.5,75.625,2025-01-17,1,7.3,7.3,7.3,1
30.5,75.625,2025-02-03,1,2.02,2.02,2.02,1
30.5,75.625,2025-03-05,3,10.329999999999998,3.443333333333333,4.81,1
30.5,75.625,2025-03-06,1,2.15,2.15,2.15,1
30.5,75.625,2025-03-08,2,14.86,7.43,8.8,1
30.5,75.625,2025-03-10,1,2.66,2.66,2.66,1
30.5,75.625,2025-03-20,1,5.65,5.65,5.65,1
30.5,75.625,2025-04-11,1,4.04,4.04,4.04,1
30.5,75.625,2025-04-20,5,29.35,5.87,9.43,1
30.5,75.625,2025-04-23,2,137.58,68.79,68.79,1
30.5,75.625,2025-04-24,2,22.18,11.09,16.25,1
30.5,75.625,2025-04-25,6,29.62,4.9366666666666665,7.46,1
30.5,75.625,2025-04-26,3,20.05,6.683333333333334,11.53,1
30.5,75.625,2025-04-27,2,24.529999999999998,12.264999999999999,21.63,1
30.5,75.625,2025-04-29,4,12.42,3.105,5.18,1
30.5,75.625,2025-04-30,9,59.99,6.665555555555556,13.75,1
30.5,75.625,2025-05-01,5,31.299999999999997,6.26,8.62,1
30.5,75.625,2025-05-03,1,9.34,9.34,9.34,1
30.5,75.625,2025-05-04,99,557.25,5.628787878787879,29.38,1
30.5,75.625,2025-05-06,19,91.79,4.831052631578948,14.65,1
30.5,75.625,2025-05-07,91,865.27,9.508461538461539,41.34,1
30.5,75.625,2025-05-09,8,60.91,7.61375,12.35,1
30.5,75.625,2025-05-10,45,299.35,6.652222222222223,18.73,1
30.5,75.625,2025-05-11,78,369.62,4.738717948717949,11.12,1
30.5,75.625,2025-05-12,101,639.01,6.326831683168317,42.59,1
30.5,75.625,2025-05-13,173,1077.04,6.225664739884393,35.76,1
30.5,75.625,2025-05-14,181,1413.24,7.807955801104972,38.13,1
30.5,75.625,2025-05-15,162,1268.09,7.827716049382715,19.54,1
30.5,75.625,2025-05-16,184,918.38,4.991195652173913,18.49,1
30.5,75.625,2025-05-17,54,492.12,9.113333333333333,24.23,1
30.5,75.625,2025-05-18,86,748.6899999999999,8.705697674418603,29.42,1
30.5,75.625,2025-05-19,31,337.81,10.897096774193548,44.7,1
30.5,75.625,2025-05-20,60,434.02,7.233666666666666,19.8,1
30.5,75.625,2025-05-21,34,228.39,6.71735294117647,23.64,1
30.5,75.625,2025-05-22,10,29.11,2.911,6.78,1
30.5,75.625,2025-05-23,12,73.08,6.09,11.58,1
30.5,75.625,2025-05-24,2,18.92,9.46,12.73,1
30.5,75.625,2025-05-25,1,3.6,3.6,3.6,1
30.5,75.625,2025-05-26,4,25.55,6.3875,10.1,1
30.5,75.625,2025-05-27,6,41.41,6.901666666666666,10.72,1
30.5,75.625,2025-05-28,6,52.77,8.795,25.34,1
30.5,75.625,2025-05-29,4,34.39,8.5975,11.9,1
30.5,75.625,2025-05-31,1,5.08,5.08,5.08,1
30.5,75.625,2025-06-02,1,3.21,3.21,3.21,1
30.5,75.625,2025-06-03,2,3.86,1.93,1.93,1
30.5,75.625,2025-06-06,7,44.54,6.362857142857143,12.04,1
30.5,75.625,2025-06-07,1,2.3,2.3,2.3,1
30.5,75.625,2025-06-10,1,3.75,3.75,3.75,1
30.5,75.625,2025-06-11,2,16.240000000000002,8.120000000000001,11.57,1
30.5,75.625,2025-06-12,1,2.12,2.12,2.12,1
30.5,75.625,2025-06-14,1,21.21,21.21,21.21,1
30.5,75.625,2025-06-19,1,3.36,3.36,3.36,1
30.5,75.625,2025-06-21,2,6.33,3.165,3.8,1
30.5,75.625,2025-06-27,2,12.25,6.125,8.16,1
30.5,75.625,2025-07-01,1,2.67,2.67,2.67,1
30.5,75.625,2025-07-02,1,5.84,5.84,5.84,1
30.5,75.625,2025-07-08,1,5.6,5.6,5.6,1
30.5,75.625,2025-09-21,1,2.99,2.99,2.99,1
30.5,75.625,2025-09-26,2,5.109999999999999,2.5549999999999997,3.44,1
30.5,75.625,2025-09-28,1,2.81,2.81,2.81,1
30.5,75.625,2025-09-29,1,13.59,13.59,13.59,1
30.5,75.625,2025-10-10,1,2.76,2.76,2.76,1
30.5,75.625,2025-10-17,1,2.66,2.66,2.66,1
30.5,75.625,2025-10-21,2,6.890000000000001,3.4450000000000003,4.12,1
30.5,75.625,2025-10-24,2,13.49,6.745,7.67,1
30.5,75.625,2025-10-25,2,12.69,6.345,7.14,1
30.5,75.625,2025-10-26,1,2.58,2.58,2.58,1
30.5,75.625,2025-10-27,1,2.64,2.64,2.64,1
30.5,75.625,2025-10-28,6,38.71,6.451666666666667,10.99,1
30.5,75.625,2025-10-29,16,130.25,8.140625,28.68,1
30.5,75.625,2025-10-30,12,101.34,8.445,15.94,1
30.5,75.625,2025-10-31,33,158.32,4.797575757575757,19.79,1
30.5,75.625,2025-11-01,11,61.62,5.601818181818182,9.12,1
30.5,75.625,2025-11-02,21,155.23000000000002,7.391904761904763,15.64,1
30.5,75.625,2025-11-03,24,120.28,5.011666666666667,12.31,1
30.5,75.625,2025-11-04,31,216.10999999999999,6.971290322580645,50.58,1
30.5,75.625,2025-11-05,20,117.37,5.8685,13.17,1
30.5,75.625,2025-11-06,20,112.53,5.6265,20.99,1
30.5,75.625,2025-11-07,14,73.34,5.238571428571428,20.74,1
30.5,75.625,2025-11-08,8,28.66,3.5825,5.65,1
30.5,75.625,2025-11-09,19,91.76,4.829473684210527,9.63,1
30.5,75.625,2025-11-10,22,91.91,4.177727272727273,11.21,1
30.5,75.625,2025-11-11,11,38.99,3.544545454545455,9.02,1
30.5,75.625,2025-11-13,11,64.46,5.859999999999999,11.17,1
30.5,75.625,2025-11-14,5,9.620000000000001,1.9240000000000002,3.14,1
30.5,75.625,2025-11-15,8,24.03,3.00375,7.9,1
30.5,75.625,2025-11-16,2,4.109999999999999,2.0549999999999997,2.59,1
30.5,75.625,2025-11-17,2,6.23,3.115,3.26,1
30.5,75.625,2025-11-20,1,3.44,3.44,3.44,1
30.5,75.625,2025-11-21,1,0.59,0.59,0.59,1
30.5,75.625,2025-11-22,1,4.83,4.83,4.83,1
30.5,75.625,2025-11-28,2,2.12,1.06,1.32,1
30.5,75.625,2025-11-30,1,5.45,5.45,5.45,1
30.5,75.625,2025-12-01,1,0.27,0.27,0.27,1
30.5,75.625,2025-12-06,1,0.62,0.62,0.62,1
30.5,75.625,2025-12-16,2,3.1399999999999997,1.5699999999999998,1.73,1
30.5,76.25,2023-01-18,1,5.62,5.62,5.62,1
30.5,76.25,2023-01-19,1,7.02,7.02,7.02,1
30.5,76.25,2023-01-23,1,1.68,1.68,1.68,1
30.5,76.25,2023-01-26,1,0.55,0.55,0.55,1
30.5,76.25,2023-01-31,1,0.35,0.35,0.35,1
30.5,76.25,2023-02-02,2,2.2399999999999998,1.1199999999999999,1.66,1
30.5,76.25,2023-02-03,2,11.41,5.705,6.86,1
30.5,76.25,2023-02-06,1,8.73,8.73,8.73,1
30.5,76.25,2023-02-10,1,0.67,0.67,0.67,1
30.5,76.25,2023-02-23,1,3.02,3.02,3.02,1
30.5,76.25,2023-02-24,4,21.07,5.2675,6.83,1
30.5,76.25,2023-02-27,1,2.76,2.76,2.76,1
30.5,76.25,2023-02-28,1,2.97,2.97,2.97,1
30.5,76.25,2023-03-01,1,9.29,9.29,9.29,1
30.5,76.25,2023-03-02,1,9.57,9.57,9.57,1
30.5,76.25,2023-03-03,1,4.02,4.02,4.02,1
30.5,76.25,2023-03-04,1,18.27,18.27,18.27,1
30.5,76.25,2023-03-05,2,8.1,4.05,4.09,1
30.5,76.25,2023-03-06,1,1.89,1.89,1.89,1
30.5,76.25,2023-03-07,2,7.14,3.57,5.6,1
30.5,76.25,2023-03-09,1,6.52,6.52,6.52,1
30.5,76.25,2023-03-10,1,4.09,4.09,4.09,1
30.5,76.25,2023-03-12,1,6.37,6.37,6.37,1
30.5,76.25,2023-03-14,1,3.55,3.55,3.55,1
30.5,76.25,2023-03-16,2,10.09,5.045,5.93,1
30.5,76.25,2023-03-28,2,6.25,3.125,3.64,1
30.5,76.25,2023-03-30,1,2.91,2.91,2.91,1
30.5,76.25,2023-04-10,4,23.33,5.8325,8.07,1
30.5,76.25,2023-04-19,1,5.65,5.65,5.65,1
30.5,76.25,2023-04-21,2,8.21,4.105,4.79,1
30.5,76.25,2023-04-22,1,0.24,0.24,0.24,1
30.5,76.25,2023-04-24,2,6.71,3.355,3.55,1
30.5,76.25,2023-04-26,1,13.69,13.69,13.69,1
30.5,76.25,2023-04-27,2,7.22,3.61,3.61,1
30.5,76.25,2023-04-29,2,7.49,3.745,4.61,1
30.5,76.25,2023-05-03,6,31.48,5.246666666666667,10.14,1
30.5,76.25,2023-05-04,34,194.63,5.7244117647058825,36.85,1
30.5,76.25,2023-05-05,49,265.43,5.4169387755102045,11.45,1
30.5,76.25,2023-05-06,50,233.88,4.6776,12.89,1
30.5,76.25,2023-05-07,85,420.56,4.947764705882353,17.91,1
30.5,76.25,2023-05-08,77,603.8,7.841558441558441,32.91,1
30.5,76.25,2023-05-09,14,104.98,7.498571428571429,29.79,1
30.5,76.25,2023-05-10,80,611.46,7.64325,30.91,1
30.5,76.25,2023-05-11,111,610.38,5.4989189189189185,15.18,1
30.5,76.25,2023-05-12,71,763.92,10.75943661971831,25.87,1
30.5,76.25,2023-05-13,123,976.59,7.939756097560976,28.5,1
30.5,76.25,2023-05-14,27,226.42,8.385925925925925,22.99,1
30.5,76.25,2023-05-15,15,138.59,9.239333333333333,18.1,1
30.5,76.25,2023-05-16,99,396.2,4.002020202020202,10.46,1
30.5,76.25,2023-05-17,42,222.43,5.295952380952381,12.32,1
30.5,76.25,2023-05-18,8,30.74,3.8425,5.85,1
30.5,76.25,2023-05-19,35,193.76,5.536,20.14,1
30.5,76.25,2023-05-20,23,196.62,8.548695652173913,17.13,1
30.5,76.25,2023-05-21,10,109.3,10.93,14.41,1
30.5,76.25,2023-05-22,25,156.60999999999999,6.264399999999999,11.21,1
30.5,76.25,2023-05-23,2,10.84,5.42,5.42,1
30.5,76.25,2023-05-24,1,1.38,1.38,1.38,1
30.5,76.25,2023-05-27,1,2.7,2.7,2.7,1
30.5,76.25,2023-06-08,5,19.11,3.822,6.29,1
30.5,76.25,2023-06-09,2,11.559999999999999,5.779999999999999,6.0,1
30.5,76.25,2023-06-11,5,17.76,3.5520000000000005,5.22,1
30.5,76.25,2023-06-12,9,48.68,5.408888888888889,13.4,1
30.5,76.25,2023-06-13,10,46.97,4.697,8.57,1
30.5,76.25,2023-06-14,5,84.58,16.916,48.76,1
30.5,76.25,2023-06-17,2,9.870000000000001,4.9350000000000005,7.42,1
30.5,76.25,2023-06-19,14,164.99,11.785,61.61,1
30.5,76.25,2023-06-20,9,29.79,3.31,7.42,1
30.5,76.25,2023-06-21,7,64.71000000000001,9.244285714285715,22.91,1
30.5,76.25,2023-06-28,1,5.2,5.2,5.2,1
30.5,76.25,2023-07-02,1,1.96,1.96,1.96,1
30.5,76.25,2023-07-10,1,0.88,0.88,0.88,1
30.5,76.25,2023-08-17,2,7.890000000000001,3.9450000000000003,4.58,1
30.5,76.25,2023-09-29,1,2.14,2.14,2.14,1
30.5,76.25,2023-09-30,2,9.780000000000001,4.890000000000001,5.61,1
30.5,76.25,2023-10-01,1,4.7,4.7,4.7,1
30.5,76.25,2023-10-02,6,26.09,4.348333333333334,5.34,1
30.5,76.25,2023-10-03,9,69.66,7.739999999999999,14.07,1
30.5,76.25,2023-10-04,5,22.98,4.596,7.71,1
30.5,76.25,2023-10-05,5,29.009999999999998,5.802,9.75,1
30.5,76.25,2023-10-06,6,18.580000000000002,3.096666666666667,4.99,1
30.5,76.25,2023-10-07,3,7.800000000000001,2.6,2.86,1
30.5,76.25,2023-10-08,5,23.8,4.76,11.08,1
30.5,76.25,2023-10-09,8,49.36,6.17,11.34,1
30.5,76.25,2023-10-11,4,17.36,4.34,7.95,1
30.5,76.25,2023-10-12,4,32.19,8.0475,9.06,1
30.5,76.25,2023-10-13,3,18.630000000000003,6.210000000000001,8.05,1
30.5,76.25,2023-10-14,9,43.57,4.841111111111111,11.87,1
30.5,76.25,2023-10-15,5,17.73,3.5460000000000003,5.43,1
30.5,76.25,2023-10-18,1,4.6,4.6,4.6,1
30.5,76.25,2023-10-19,3,42.99,14.33,36.28,1
30.5,76.25,2023-10-20,20,103.24,5.162,19.87,1
30.5,76.25,2023-10-21,18,60.519999999999996,3.362222222222222,8.59,1
30.5,76.25,2023-10-22,1,1.93,1.93,1.93,1
30.5,76.25,2023-10-23,26,123.37,4.745,16.83,1
30.5,76.25,2023-10-24,61,246.72,4.044590163934426,12.02,1
30.5,76.25,2023-10-25,40,251.93,6.29825,30.65,1
30.5,76.25,2023-10-26,73,360.96,4.944657534246575,24.71,1
30.5,76.25,2023-10-27,67,528.1,7.882089552238806,42.64,1
30.5,76.25,2023-10-28,8,75.93,9.49125,19.17,1
30.5,76.25,2023-10-29,65,357.49,5.499846153846154,12.69,1
30.5,76.25,2023-10-30,69,405.7,5.879710144927536,13.89,1
30.5,76.25,2023-10-31,101,539.45,5.341089108910891,19.26,1
30.5,76.25,2023-11-01,109,717.92,6.586422018348624,44.84,1
30.5,76.25,2023-11-03,78,470.69,6.034487179487179,20.2,1
30.5,76.25,2023-11-04,62,456.31,7.35983870967742,26.48,1
30.5,76.25,2023-11-05,198,1378.46,6.9619191919191925,42.82,1
30.5,76.25,2023-11-06,122,775.37,6.355491803278689,31.18,1
30.5,76.25,2023-11-07,95,582.7,6.133684210526316,23.35,1
30.5,76.25,2023-11-08,72,396.01,5.5001388888888885,23.59,1
30.5,76.25,2023-11-09,40,196.01,4.90025,18.44,1
30.5,76.25,2023-11-11,12,47.26,3.938333333333333,7.76,1
30.5,76.25,2023-11-12,121,849.33,7.019256198347108,45.37,1
30.5,76.25,2023-11-13,27,146.56,5.428148148148148,11.07,1
30.5,76.25,2023-11-14,64,371.32,5.801875,14.5,1
30.5,76.25,2023-11-15,49,401.25,8.188775510204081,60.85,1
30.5,76.25,2023-11-16,36,211.44,5.873333333333333,24.69,1
30.5,76.25,2023-11-17,14,93.16,6.654285714285714,18.05,1
30.5,76.25,2023-11-18,11,50.24,4.567272727272727,13.75,1
30.5,76.25,2023-11-19,17,77.1,4.535294117647059,9.89,1
30.5,76.25,2023-11-20,11,73.32,6.665454545454545,11.16,1
30.5,76.25,2023-11-21,7,32.86,4.694285714285714,15.22,1
30.5,76.25,2023-11-22,5,23.82,4.764,9.05,1
30.5,76.25,2023-11-23,2,9.39,4.695,5.42,1
30.5,76.25,2023-11-24,3,18.5,6.166666666666667,9.0,1
30.5,76.25,2023-11-29,1,5.3,5.3,5.3,1
30.5,76.25,2023-12-01,1,2.95,2.95,2.95,1
30.5,76.25,2023-12-03,4,18.67,4.6675,10.51,1
30.5,76.25,2023-12-06,1,8.31,8.31,8.31,1
30.5,76.25,2023-12-08,1,2.69,2.69,2.69,1
30.5,76.25,2023-12-14,1,2.88,2.88,2.88,1
30.5,76.25,2023-12-16,1,1.49,1.49,1.49,1
30.5,76.25,2023-12-17,1,4.4,4.4,4.4,1
30.5,76.25,2023-12-20,1,1.93,1.93,1.93,1
30.5,76.25,2023-12-23,1,0.56,0.56,0.56,1
30.5,76.25,2023-12-24,1,1.81,1.81,1.81,1
30.5,76.25,2024-01-14,1,1.9,1.9,1.9,1
30.5,76.25,2024-01-27,1,4.97,4.97,4.97,1
30.5,76.25,2024-01-29,1,3.91,3.91,3.91,1
30.5,76.25,2024-01-30,1,2.82,2.82,2.82,1
30.5,76.25,2024-02-07,1,3.56,3.56,3.56,1
30.5,76.25,2024-02-09,1,3.05,3.05,3.05,1
30.5,76.25,2024-02-10,1,4.58,4.58,4.58,1
30.5,76.25,2024-02-13,1,0.55,0.55,0.55,1
30.5,76.25,2024-02-14,3,12.74,4.246666666666667,6.74,1
30.5,76.25,2024-02-17,1,4.68,4.68,4.68,1
30.5,76.25,2024-02-19,1,3.59,3.59,3.59,1
30.5,76.25,2024-02-24,1,5.04,5.04,5.04,1
30.5,76.25,2024-02-25,1,8.19,8.19,8.19,1
30.5,76.25,2024-02-28,2,4.58,2.29,2.63,1
30.5,76.25,2024-02-29,1,3.32,3.32,3.32,1
30.5,76.25,2024-03-04,1,3.19,3.19,3.19,1
30.5,76.25,2024-03-08,2,3.8000000000000003,1.9000000000000001,2.93,1
30.5,76.25,2024-03-09,3,13.330000000000002,4.443333333333334,6.11,1
30.5,76.25,2024-03-12,3,32.61,10.87,14.03,1
30.5,76.25,2024-03-14,2,13.350000000000001,6.675000000000001,9.71,1
30.5,76.25,2024-03-16,1,3.4,3.4,3.4,1
30.5,76.25,2024-03-19,2,8.780000000000001,4.390000000000001,6.41,1
30.5,76.25,2024-03-22,1,2.84,2.84,2.84,1
30.5,76.25,2024-03-24,3,6.6,2.1999999999999997,3.02,1
30.5,76.25,2024-03-25,1,4.08,4.08,4.08,1
30.5,76.25,2024-03-28,1,3.22,3.22,3.22,1
30.5,76.25,2024-03-30,1,2.23,2.23,2.23,1
30.5,76.25,2024-04-06,2,4.82,2.41,4.28,1
30.5,76.25,2024-04-08,2,3.5,1.75,2.63,1
30.5,76.25,2024-04-25,1,0.33,0.33,0.33,1
30.5,76.25,2024-04-29,1,0.4,0.4,0.4,1
30.5,76.25,2024-05-01,1,1.08,1.08,1.08,1
30.5,76.25,2024-05-02,4,14.629999999999999,3.6574999999999998,8.36,1
30.5,76.25,2024-05-03,1,1.0,1.0,1.0,1
30.5,76.25,2024-05-04,22,309.15000000000003,14.05227272727273,36.49,1
30.5,76.25,2024-05-05,8,44.84,5.605,14.02,1
30.5,76.25,2024-05-06,3,34.03,11.343333333333334,15.86,1
30.5,76.25,2024-05-07,13,126.6,9.738461538461538,16.27,1
30.5,76.25,2024-05-08,12,50.32,4.193333333333333,8.85,1
30.5,76.25,2024-05-09,13,92.21000000000001,7.093076923076923,20.96,1
30.5,76.25,2024-05-10,36,137.31,3.814166666666667,17.0,1
30.5,76.25,2024-05-11,13,118.26,9.096923076923078,21.04,1
30.5,76.25,2024-05-12,51,217.59,4.266470588235294,14.89,1
30.5,76.25,2024-05-13,78,553.33,7.09397435897436,19.6,1
30.5,76.25,2024-05-14,92,1015.52,11.038260869565217,36.54,1
30.5,76.25,2024-05-15,58,618.21,10.658793103448277,33.71,1
30.5,76.25,2024-05-16,32,292.68,9.14625,28.64,1
30.5,76.25,2024-05-17,62,549.63,8.865,15.39,1
30.5,76.25,2024-05-18,141,653.73,4.636382978723405,18.31,1
30.5,76.25,2024-05-19,87,492.98,5.666436781609195,14.01,1
30.5,76.25,2024-05-20,36,279.48,7.763333333333334,21.22,1
30.5,76.25,2024-05-21,23,142.82,6.209565217391304,12.41,1
30.5,76.25,2024-05-22,15,90.26,6.017333333333334,20.04,1
30.5,76.25,2024-05-23,18,59.67,3.315,4.99,1
30.5,76.25,2024-05-24,25,90.92999999999999,3.6371999999999995,6.11,1
30.5,76.25,2024-05-25,32,275.81,8.6190625,18.63,1
30.5,76.25,2024-05-26,10,60.01,6.0009999999999994,10.35,1
30.5,76.25,2024-05-27,1,6.74,6.74,6.74,1
30.5,76.25,2024-05-28,1,9.64,9.64,9.64,1
30.5,76.25,2024-05-29,9,76.02,8.446666666666665,18.19,1
30.5,76.25,2024-06-04,2,4.2,2.1,2.87,1
30.5,76.25,2024-06-07,3,21.43,7.1433333333333335,12.59,1
30.5,76.25,2024-06-09,6,41.76,6.96,11.14,1
30.5,76.25,2024-06-10,5,26.0,5.2,8.88,1
30.5,76.25,2024-06-11,6,61.28,10.213333333333333,28.74,1
30.5,76.25,2024-06-12,1,9.1,9.1,9.1,1
30.5,76.25,2024-06-13,6,44.43,7.405,10.55,1
30.5,76.25,2024-06-14,17,79.51,4.677058823529412,8.96,1
30.5,76.25,2024-06-15,6,34.370000000000005,5.728333333333334,9.48,1
30.5,76.25,2024-06-16,11,88.86,8.078181818181818,17.25,1
30.5,76.25,2024-06-17,1,33.31,33.31,33.31,1
30.5,76.25,2024-06-18,12,44.57,3.714166666666667,11.48,1
30.5,76.25,2024-06-19,7,16.85,2.4071428571428575,4.08,1
30.5,76.25,2024-06-21,3,23.3,7.766666666666667,11.83,1
30.5,76.25,2024-06-23,13,87.53,6.733076923076923,20.7,1
30.5,76.25,2024-06-24,9,77.62,8.624444444444444,21.57,1
30.5,76.25,2024-06-25,5,31.91,6.382,10.17,1
30.5,76.25,2024-06-26,7,41.15,5.878571428571428,8.49,1
30.5,76.25,2024-06-29,2,6.66,3.33,3.79,1
30.5,76.25,2024-07-21,1,2.38,2.38,2.38,1
30.5,76.25,2024-09-21,1,3.68,3.68,3.68,1
30.5,76.25,2024-09-22,2,7.26,3.63,4.23,1
30.5,76.25,2024-09-23,1,1.49,1.49,1.49,1
30.5,76.25,2024-09-25,1,11.16,11.16,11.16,1
30.5,76.25,2024-10-01,2,22.14,11.07,12.66,1
30.5,76.25,2024-10-07,7,26.979999999999997,3.8542857142857136,4.42,1
30.5,76.25,2024-10-08,3,17.8,5.933333333333334,7.52,1
30.5,76.25,2024-10-09,2,6.87,3.435,4.08,1
30.5,76.25,2024-10-10,6,17.12,2.8533333333333335,4.14,1
30.5,76.25,2024-10-11,2,10.51,5.255,7.21,1
30.5,76.25,2024-10-12,7,23.47,3.3528571428571428,7.18,1
30.5,76.25,2024-10-13,5,26.53,5.306,9.9,1
30.5,76.25,2024-10-14,6,44.93,7.488333333333333,14.14,1
30.5,76.25,2024-10-15,6,46.66,7.776666666666666,19.18,1
30.5,76.25,2024-10-16,2,1.66,0.83,0.83,1
30.5,76.25,2024-10-17,8,19.9,2.4875,3.59,1
30.5,76.25,2024-10-18,7,22.26,3.18,4.2,1
30.5,76.25,2024-10-19,2,9.129999999999999,4.5649999999999995,5.63,1
30.5,76.25,2024-10-20,14,57.31,4.093571428571429,8.14,1
30.5,76.25,2024-10-21,9,79.34,8.815555555555555,14.61,1
30.5,76.25,2024-10-22,5,27.5,5.5,13.47,1
30.5,76.25,2024-10-23,13,73.86,5.681538461538461,19.48,1
30.5,76.25,2024-10-24,7,28.95,4.135714285714285,7.79,1
30.5,76.25,2024-10-25,8,33.96,4.245,6.83,1
30.5,76.25,2024-10-26,4,21.11,5.2775,8.54,1
30.5,76.25,2024-10-27,28,176.6,6.307142857142857,16.57,1
30.5,76.25,2024-10-28,14,74.19,5.299285714285714,15.03,1
30.5,76.25,2024-10-29,17,84.51,4.971176470588236,8.38,1
30.5,76.25,2024-10-30,14,72.7,5.192857142857143,9.22,1
30.5,76.25,2024-10-31,53,431.39,8.139433962264151,42.67,1
30.5,76.25,2024-11-01,67,484.15,7.226119402985074,32.39,1
30.5,76.25,2024-11-02,34,295.21,8.682647058823528,51.07,1
30.5,76.25,2024-11-07,42,182.0,4.333333333333333,7.79,1
30.5,76.25,2024-11-08,31,134.05,4.324193548387097,15.7,1
30.5,76.25,2024-11-09,39,227.69,5.838205128205128,22.22,1
30.5,76.25,2024-11-10,9,40.03,4.447777777777778,10.64,1
30.5,76.25,2024-11-11,14,42.8,3.057142857142857,6.42,1
30.5,76.25,2024-11-12,15,64.2,4.28,9.64,1
30.5,76.25,2024-11-13,1,2.78,2.78,2.78,1
30.5,76.25,2024-11-15,1,2.88,2.88,2.88,1
30.5,76.25,2024-11-16,14,44.04,3.1457142857142855,5.55,1
30.5,76.25,2024-11-17,5,14.34,2.868,5.49,1
30.5,76.25,2024-11-18,24,86.67,3.61125,8.94,1
30.5,76.25,2024-11-19,11,38.19,3.4718181818181817,5.37,1
30.5,76.25,2024-11-20,2,7.17,3.585,5.46,1
30.5,76.25,2024-11-21,6,23.04,3.84,7.21,1
30.5,76.25,2024-11-22,5,19.24,3.848,4.75,1
30.5,76.25,2024-11-23,5,16.240000000000002,3.248,4.25,1
30.5,76.25,2024-11-24,1,1.71,1.71,1.71,1
30.5,76.25,2024-11-25,3,15.19,5.0633333333333335,8.02,1
30.5,76.25,2024-11-26,3,14.21,4.736666666666667,5.73,1
30.5,76.25,2024-11-27,2,18.869999999999997,9.434999999999999,13.36,1
30.5,76.25,2024-11-28,2,6.22,3.11,4.3,1
30.5,76.25,2024-11-29,1,4.54,4.54,4.54,1
30.5,76.25,2024-12-04,2,7.199999999999999,3.5999999999999996,4.35,1
30.5,76.25,2024-12-12,1,3.93,3.93,3.93,1
30.5,76.25,2024-12-20,2,3.43,1.715,1.86,1
30.5,76.25,2025-01-03,1,2.89,2.89,2.89,1
30.5,76.25,2025-01-05,4,6.800000000000001,1.7000000000000002,2.24,1
30.5,76.25,2025-01-06,1,3.89,3.89,3.89,1
30.5,76.25,2025-01-12,2,0.97,0.485,0.62,1
30.5,76.25,2025-01-13,1,0.57,0.57,0.57,1
30.5,76.25,2025-01-21,1,3.44,3.44,3.44,1
30.5,76.25,2025-01-23,2,10.5,5.25,8.31,1
30.5,76.25,2025-01-24,2,13.75,6.875,8.28,1
30.5,76.25,2025-01-25,2,9.83,4.915,6.76,1
30.5,76.25,2025-01-27,1,3.35,3.35,3.35,1
30.5,76.25,2025-01-28,1,3.43,3.43,3.43,1
30.5,76.25,2025-01-29,2,5.11,2.555,3.24,1
30.5,76.25,2025-02-02,1,1.75,1.75,1.75,1
30.5,76.25,2025-02-05,1,5.29,5.29,5.29,1
30.5,76.25,2025-02-07,1,3.48,3.48,3.48,1
30.5,76.25,2025-02-11,3,10.77,3.59,4.31,1
30.5,76.25,2025-02-12,5,26.08,5.215999999999999,10.28,1
30.5,76.25,2025-02-15,2,16.76,8.38,8.38,1
30.5,76.25,2025-02-17,1,1.79,1.79,1.79,1
30.5,76.25,2025-02-23,2,6.44,3.22,3.22,1
30.5,76.25,2025-02-24,1,8.87,8.87,8.87,1
30.5,76.25,2025-03-04,2,26.2,13.1,19.33,1
30.5,76.25,2025-03-06,3,9.96,3.3200000000000003,4.28,1
30.5,76.25,2025-03-07,3,25.07,8.356666666666667,11.3,1
30.5,76.25,2025-03-11,2,12.51,6.255,10.5,1
30.5,76.25,2025-03-12,3,10.2,3.4,5.72,1
30.5,76.25,2025-03-13,1,1.89,1.89,1.89,1
30.5,76.25,2025-03-16,2,16.06,8.03,10.35,1
30.5,76.25,2025-03-17,1,3.96,3.96,3.96,1
30.5,76.25,2025-03-20,1,3.86,3.86,3.86,1
30.5,76.25,2025-03-21,2,5.279999999999999,2.6399999999999997,2.92,1
30.5,76.25,2025-03-22,1,8.57,8.57,8.57,1
30.5,76.25,2025-03-24,1,2.56,2.56,2.56,1
30.5,76.25,2025-03-25,1,1.18,1.18,1.18,1
30.5,76.25,2025-03-26,3,8.94,2.98,3.95,1
30.5,76.25,2025-03-28,1,3.91,3.91,3.91,1
30.5,76.25,2025-03-31,2,3.64,1.82,3.0,1
30.5,76.25,2025-04-01,1,4.4,4.4,4.4,1
30.5,76.25,2025-04-05,2,1.12,0.56,0.67,1
30.5,76.25,2025-04-13,1,2.25,2.25,2.25,1
30.5,76.25,2025-04-18,6,22.810000000000002,3.801666666666667,8.72,1
30.5,76.25,2025-04-19,3,31.759999999999998,10.586666666666666,18.55,1
30.5,76.25,2025-04-21,4,67.64,16.91,25.96,1
30.5,76.25,2025-04-22,1,2.76,2.76,2.76,1
30.5,76.25,2025-04-23,1,1.5,1.5,1.5,1
30.5,76.25,2025-04-25,3,14.48,4.826666666666667,8.13,1
30.5,76.25,2025-04-26,5,21.66,4.332,6.92,1
30.5,76.25,2025-04-27,2,13.129999999999999,6.5649999999999995,8.04,1
30.5,76.25,2025-04-28,1,0.6,0.6,0.6,1
30.5,76.25,2025-04-29,5,17.98,3.596,7.75,1
30.5,76.25,2025-04-30,3,8.6,2.8666666666666667,5.16,1
30.5,76.25,2025-05-01,2,5.779999999999999,2.8899999999999997,3.67,1
30.5,76.25,2025-05-04,15,58.48,3.8986666666666663,10.61,1
30.5,76.25,2025-05-06,3,8.58,2.86,4.86,1
30.5,76.25,2025-05-07,19,186.9,9.836842105263159,27.35,1
30.5,76.25,2025-05-08,35,157.0,4.485714285714286,8.63,1
30.5,76.25,2025-05-09,9,293.46,32.60666666666666,118.88,1
30.5,76.25,2025-05-10,45,249.24,5.538666666666667,21.24,1
30.5,76.25,2025-05-11,97,418.67,4.31618556701031,12.11,1
30.5,76.25,2025-05-12,84,601.56,7.161428571428571,40.54,1
30.5,76.25,2025-05-13,91,562.48,6.181098901098902,17.45,1
30.5,76.25,2025-05-14,53,538.42,10.158867924528302,30.78,1
30.5,76.25,2025-05-15,127,917.45,7.224015748031497,26.58,1
30.5,76.25,2025-05-16,84,372.63,4.436071428571428,16.73,1
30.5,76.25,2025-05-17,54,503.93,9.332037037037038,48.02,1
30.5,76.25,2025-05-18,71,502.0,7.070422535211268,13.85,1
30.5,76.25,2025-05-19,10,62.58,6.258,17.18,1
30.5,76.25,2025-05-20,48,258.41,5.383541666666667,16.29,1
30.5,76.25,2025-05-21,34,141.75,4.169117647058823,11.86,1
30.5,76.25,2025-05-22,5,19.19,3.838,8.78,1
30.5,76.25,2025-05-23,34,171.71,5.050294117647059,12.91,1
30.5,76.25,2025-05-24,23,113.66,4.941739130434782,14.25,1
30.5,76.25,2025-05-25,8,36.269999999999996,4.5337499999999995,9.36,1
30.5,76.25,2025-05-26,17,85.72,5.04235294117647,13.16,1
30.5,76.25,2025-05-27,9,39.2,4.355555555555556,7.06,1
30.5,76.25,2025-05-28,8,66.09,8.26125,15.88,1
30.5,76.25,2025-05-29,6,69.53,11.588333333333333,20.79,1
30.5,76.25,2025-05-31,10,91.68,9.168000000000001,19.87,1
30.5,76.25,2025-06-01,1,2.17,2.17,2.17,1
30.5,76.25,2025-06-02,3,17.61,5.87,7.86,1
30.5,76.25,2025-06-03,1,4.91,4.91,4.91,1
30.5,76.25,2025-06-04,1,1.24,1.24,1.24,1
30.5,76.25,2025-06-05,3,11.579999999999998,3.8599999999999994,5.38,1
30.5,76.25,2025-06-06,3,8.66,2.8866666666666667,4.15,1
30.5,76.25,2025-06-07,9,25.28,2.808888888888889,10.96,1
30.5,76.25,2025-06-08,3,21.95,7.316666666666666,8.73,1
30.5,76.25,2025-06-09,6,70.29,11.715000000000002,22.44,1
30.5,76.25,2025-06-10,2,18.64,9.32,11.3,1
30.5,76.25,2025-06-11,2,22.97,11.485,15.18,1
30.5,76.25,2025-06-12,12,48.61,4.050833333333333,9.56,1
30.5,76.25,2025-06-13,14,96.91,6.922142857142857,15.04,1
30.5,76.25,2025-06-14,9,58.739999999999995,6.526666666666666,10.42,1
30.5,76.25,2025-06-19,5,29.42,5.884,9.45,1
30.5,76.25,2025-06-22,2,4.74,2.37,2.55,1
30.5,76.25,2025-07-11,1,2.27,2.27,2.27,1
30.5,76.25,2025-09-15,2,15.16,7.58,8.07,1
30.5,76.25,2025-09-16,4,27.689999999999998,6.922499999999999,9.45,1
30.5,76.25,2025-09-20,1,1.69,1.69,1.69,1
30.5,76.25,2025-09-23,1,3.85,3.85,3.85,1
30.5,76.25,2025-09-24,1,1.38,1.38,1.38,1
30.5,76.25,2025-10-05,1,5.99,5.99,5.99,1
30.5,76.25,2025-10-08,1,1.44,1.44,1.44,1
30.5,76.25,2025-10-09,1,0.48,0.48,0.48,1
30.5,76.25,2025-10-14,1,7.12,7.12,7.12,1
30.5,76.25,2025-10-15,2,5.11,2.555,3.33,1
30.5,76.25,2025-10-19,1,4.22,4.22,4.22,1
30.5,76.25,2025-10-20,4,8.78,2.195,3.01,1
30.5,76.25,2025-10-21,3,12.26,4.086666666666667,7.44,1
30.5,76.25,2025-10-22,3,23.17,7.723333333333334,10.64,1
30.5,76.25,2025-10-23,2,31.57,15.785,22.98,1
30.5,76.25,2025-10-25,4,96.35,24.0875,75.21,1
30.5,76.25,2025-10-26,6,16.53,2.7550000000000003,4.51,1
30.5,76.25,2025-10-27,5,84.25999999999999,16.851999999999997,36.63,1
30.5,76.25,2025-10-28,6,27.490000000000002,4.581666666666667,6.13,1
30.5,76.25,2025-10-29,10,65.42999999999999,6.542999999999999,13.93,1
30.5,76.25,2025-10-30,12,80.53999999999999,6.711666666666666,20.93,1
30.5,76.25,2025-10-31,17,81.86,4.815294117647059,10.41,1
30.5,76.25,2025-11-01,15,77.38,5.158666666666666,12.67,1
30.5,76.25,2025-11-02,12,102.79,8.565833333333334,28.39,1
30.5,76.25,2025-11-03,2,12.2,6.1,6.1,1
30.5,76.25,2025-11-04,14,64.14,4.581428571428572,11.92,1
30.5,76.25,2025-11-05,12,65.85,5.4875,26.19,1
30.5,76.25,2025-11-06,16,63.13,3.945625,11.23,1
30.5,76.25,2025-11-07,8,36.37,4.54625,6.39,1
30.5,76.25,2025-11-08,10,40.57,4.057,5.41,1
30.5,76.25,2025-11-09,16,82.86,5.17875,19.76,1
30.5,76.25,2025-11-10,6,22.990000000000002,3.831666666666667,6.72,1
30.5,76.25,2025-11-11,3,13.41,4.47,5.8,1
30.5,76.25,2025-11-13,2,12.93,6.465,7.79,1
30.5,76.25,2025-11-15,5,46.64,9.328,16.22,1
30.5,76.25,2025-11-16,4,6.7299999999999995,1.6824999999999999,3.07,1
30.5,76.25,2025-11-18,3,17.46,5.82,9.16,1
30.5,76.25,2025-11-19,2,9.68,4.84,4.84,1
30.5,76.25,2025-11-20,3,3.65,1.2166666666666666,2.0,1
30.5,76.25,2025-11-22,1,2.19,2.19,2.19,1
30.5,76.25,2025-11-27,1,2.51,2.51,2.51,1
30.5,76.25,2025-12-06,1,0.81,0.81,0.81,1
30.5,76.25,2025-12-10,1,4.4,4.4,4.4,1
30.5,76.25,2025-12-16,1,2.13,2.13,2.13,1
30.5,76.25,2025-12-23,1,1.97,1.97,1.97,1
30.5,76.25,2025-12-24,1,0.42,0.42,0.42,1
30.5,76.25,2025-12-30,1,8.05,8.05,8.05,1
30.5,76.875,2023-01-16,1,1.77,1.77,1.77,1
30.5,76.875,2023-01-17,2,5.32,2.66,3.6,1
30.5,76.875,2023-01-22,1,2.32,2.32,2.32,1
30.5,76.875,2023-02-05,4,24.11,6.0275,9.05,1
30.5,76.875,2023-02-11,1,1.19,1.19,1.19,1
30.5,76.875,2023-02-13,6,29.64,4.94,10.09,1
30.5,76.875,2023-02-15,1,2.5,2.5,2.5,1
30.5,76.875,2023-02-16,3,11.1,3.6999999999999997,3.84,1
30.5,76.875,2023-02-23,2,4.43,2.215,2.67,1
30.5,76.875,2023-02-24,7,35.82,5.117142857142857,14.87,1
30.5,76.875,2023-03-01,1,2.78,2.78,2.78,1
30.5,76.875,2023-03-06,1,2.09,2.09,2.09,1
30.5,76.875,2023-03-10,1,2.9,2.9,2.9,1
30.5,76.875,2023-03-14,2,8.190000000000001,4.095000000000001,4.78,1
30.5,76.875,2023-03-16,2,7.119999999999999,3.5599999999999996,3.86,1
30.5,76.875,2023-03-17,3,8.729999999999999,2.9099999999999997,5.13,1
30.5,76.875,2023-04-01,1,1.2,1.2,1.2,1
30.5,76.875,2023-04-06,1,2.46,2.46,2.46,1
30.5,76.875,2023-04-14,6,18.4,3.0666666666666664,5.68,1
30.5,76.875,2023-04-27,1,0.35,0.35,0.35,1
30.5,76.875,2023-04-28,2,3.64,1.82,1.82,1
30.5,76.875,2023-05-03,2,5.890000000000001,2.9450000000000003,3.16,1
30.5,76.875,2023-05-04,2,11.26,5.63,7.05,1
30.5,76.875,2023-05-05,11,59.88,5.443636363636364,8.11,1
30.5,76.875,2023-05-06,15,106.46000000000001,7.097333333333334,33.27,1
30.5,76.875,2023-05-07,25,136.62,5.4648,26.68,1
30.5,76.875,2023-05-08,10,25.98,2.598,4.14,1
30.5,76.875,2023-05-09,8,43.78,5.4725,9.32,1
30.5,76.875,2023-05-10,22,128.09,5.822272727272727,18.28,1
30.5,76.875,2023-05-11,32,173.69,5.4278125,14.0,1
30.5,76.875,2023-05-12,23,162.53,7.066521739130435,16.86,1
30.5,76.875,2023-05-13,17,166.57,9.798235294117646,44.48,1
30.5,76.875,2023-05-14,10,82.22,8.222,43.68,1
30.5,76.875,2023-05-15,4,33.91,8.4775,12.27,1
30.5,76.875,2023-05-16,2,4.4,2.2,2.5,1
30.5,76.875,2023-05-17,3,8.03,2.6766666666666663,4.14,1
30.5,76.875,2023-05-19,4,11.05,2.7625,4.72,1
30.5,76.875,2023-05-22,9,51.510000000000005,5.723333333333334,12.72,1
30.5,76.875,2023-05-28,1,4.7,4.7,4.7,1
30.5,76.875,2023-06-04,1,1.31,1.31,1.31,1
30.5,76.875,2023-06-08,1,3.48,3.48,3.48,1
30.5,76.875,2023-06-09,2,11.93,5.965,7.09,1
30.5,76.875,2023-06-16,4,16.34,4.085,6.2,1
30.5,76.875,2023-08-29,1,3.72,3.72,3.72,1
30.5,76.875,2023-09-27,2,6.85,3.425,3.48,1
30.5,76.875,2023-09-28,1,3.51,3.51,3.51,1
30.5,76.875,2023-09-29,4,8.86,2.215,3.22,1
30.5,76.875,2023-09-30,11,33.56,3.0509090909090912,7.18,1
30.5,76.875,2023-10-01,5,21.55,4.3100000000000005,7.81,1
30.5,76.875,2023-10-02,14,54.55,3.8964285714285714,5.18,1
30.5,76.875,2023-10-03,6,39.46,6.576666666666667,8.78,1
30.5,76.875,2023-10-04,15,64.6,4.306666666666667,8.64,1
30.5,76.875,2023-10-05,7,25.75,3.6785714285714284,5.8,1
30.5,76.875,2023-10-06,4,31.45,7.8625,20.47,1
30.5,76.875,2023-10-07,2,5.4,2.7,3.83,1
30.5,76.875,2023-10-08,15,48.21,3.214,4.75,1
30.5,76.875,2023-10-09,6,22.66,3.776666666666667,5.35,1
30.5,76.875,2023-10-11,5,13.74,2.748,4.61,1
30.5,76.875,2023-10-12,11,49.78,4.525454545454545,8.96,1
30.5,76.875,2023-10-13,16,71.77,4.485625,8.4,1
30.5,76.875,2023-10-14,20,109.16,5.458,11.06,1
30.5,76.875,2023-10-15,9,26.63,2.9588888888888887,6.96,1
30.5,76.875,2023-10-18,3,5.8100000000000005,1.9366666666666668,2.27,1
30.5,76.875,2023-10-19,1,5.73,5.73,5.73,1
30.5,76.875,2023-10-20,6,16.68,2.78,4.45,1
30.5,76.875,2023-10-21,19,47.98,2.5252631578947367,3.47,1
30.5,76.875,2023-10-23,8,35.36,4.42,8.02,1
30.5,76.875,2023-10-24,32,115.64,3.61375,9.48,1
30.5,76.875,2023-10-25,25,103.84,4.1536,8.87,1
30.5,76.875,2023-10-26,35,132.75,3.7928571428571427,9.95,1
30.5,76.875,2023-10-27,19,97.21,5.116315789473684,10.62,1
30.5,76.875,2023-10-28,4,20.14,5.035,8.75,1
30.5,76.875,2023-10-29,14,51.75,3.6964285714285716,6.15,1
30.5,76.875,2023-10-30,11,69.25,6.295454545454546,12.26,1
30.5,76.875,2023-10-31,22,89.62,4.073636363636364,12.38,1
30.5,76.875,2023-11-01,32,112.12,3.50375,11.94,1
30.5,76.875,2023-11-03,8,48.78,6.0975,9.85,1
30.5,76.875,2023-11-04,9,60.73,6.747777777777777,14.35,1
30.5,76.875,2023-11-05,16,52.0,3.25,6.63,1
30.5,76.875,2023-11-06,9,34.95,3.8833333333333337,8.89,1
30.5,76.875,2023-11-07,3,12.89,4.296666666666667,5.03,1
30.5,76.875,2023-11-08,6,26.34,4.39,8.37,1
30.5,76.875,2023-11-09,2,5.99,2.995,3.35,1
30.5,76.875,2023-11-12,5,23.24,4.648,6.49,1
30.5,76.875,2023-11-22,1,3.23,3.23,3.23,1
30.5,76.875,2023-11-24,1,1.96,1.96,1.96,1
30.5,76.875,2023-11-28,4,8.32,2.08,2.21,1
30.5,76.875,2023-11-29,1,2.39,2.39,2.39,1
30.5,76.875,2023-12-03,2,4.33,2.165,2.83,1
30.5,76.875,2023-12-05,1,3.26,3.26,3.26,1
30.5,76.875,2023-12-07,1,4.95,4.95,4.95,1
30.5,76.875,2023-12-11,2,6.42,3.21,4.25,1
30.5,76.875,2023-12-16,1,2.59,2.59,2.59,1
30.5,76.875,2023-12-19,1,2.21,2.21,2.21,1
30.5,76.875,2023-12-21,1,0.23,0.23,0.23,1
30.5,76.875,2023-12-24,1,1.09,1.09,1.09,1
30.5,76.875,2023-12-29,1,3.39,3.39,3.39,1
30.5,76.875,2024-01-25,1,1.35,1.35,1.35,1
30.5,76.875,2024-01-27,1,6.97,6.97,6.97,1
30.5,76.875,2024-01-29,1,3.31,3.31,3.31,1
30.5,76.875,2024-02-06,1,2.47,2.47,2.47,1
30.5,76.875,2024-02-09,1,0.27,0.27,0.27,1
30.5,76.875,2024-02-10,1,2.51,2.51,2.51,1
30.5,76.875,2024-02-16,2,6.449999999999999,3.2249999999999996,4.77,1
30.5,76.875,2024-02-20,1,5.39,5.39,5.39,1
30.5,76.875,2024-02-22,4,6.61,1.6525,1.77,1
30.5,76.875,2024-02-23,1,0.78,0.78,0.78,1
30.5,76.875,2024-02-24,2,11.379999999999999,5.6899999999999995,7.25,1
30.5,76.875,2024-02-28,3,41.739999999999995,13.913333333333332,18.02,1
30.5,76.875,2024-02-29,1,2.47,2.47,2.47,1
30.5,76.875,2024-03-06,1,3.54,3.54,3.54,1
30.5,76.875,2024-03-08,4,9.39,2.3475,5.43,1
30.5,76.875,2024-03-11,1,2.74,2.74,2.74,1
30.5,76.875,2024-03-12,3,10.07,3.356666666666667,6.2,1
30.5,76.875,2024-03-19,1,4.44,4.44,4.44,1
30.5,76.875,2024-03-20,3,12.1,4.033333333333333,6.06,1
30.5,76.875,2024-03-24,1,5.36,5.36,5.36,1
30.5,76.875,2024-03-29,2,4.68,2.34,2.34,1
30.5,76.875,2024-04-08,1,0.42,0.42,0.42,1
30.5,76.875,2024-04-23,1,0.56,0.56,0.56,1
30.5,76.875,2024-04-24,2,8.27,4.135,4.79,1
30.5,76.875,2024-04-29,4,15.549999999999999,3.8874999999999997,7.35,1
30.5,76.875,2024-04-30,2,11.32,5.66,10.31,1
30.5,76.875,2024-05-01,1,3.38,3.38,3.38,1
30.5,76.875,2024-05-02,15,47.11,3.1406666666666667,8.6,1
30.5,76.875,2024-05-04,16,84.9,5.30625,18.07,1
30.5,76.875,2024-05-05,14,106.34,7.595714285714286,20.66,1
30.5,76.875,2024-05-06,1,32.4,32.4,32.4,1
30.5,76.875,2024-05-07,30,279.12,9.304,25.03,1
30.5,76.875,2024-05-08,6,22.11,3.685,5.64,1
30.5,76.875,2024-05-09,13,78.35,6.026923076923077,15.3,1
30.5,76.875,2024-05-10,26,120.25,4.625,18.8,1
30.5,76.875,2024-05-11,7,80.24,11.462857142857143,31.03,1
30.5,76.875,2024-05-12,48,288.2,6.004166666666666,21.72,1
30.5,76.875,2024-05-13,86,449.15,5.222674418604651,15.2,1
30.5,76.875,2024-05-14,78,747.4399999999999,9.582564102564103,67.16,1
30.5,76.875,2024-05-15,26,267.75,10.298076923076923,29.19,1
30.5,76.875,2024-05-16,11,147.47,13.406363636363636,52.23,1
30.5,76.875,2024-05-17,27,312.53999999999996,11.575555555555555,38.19,1
30.5,76.875,2024-05-18,27,101.41,3.7559259259259257,9.16,1
30.5,76.875,2024-05-19,12,54.52,4.543333333333334,8.59,1
30.5,76.875,2024-05-20,13,63.64,4.895384615384615,11.4,1
30.5,76.875,2024-05-21,11,48.35,4.3954545454545455,7.51,1
30.5,76.875,2024-05-23,4,18.27,4.5675,6.02,1
30.5,76.875,2024-05-24,4,13.5,3.375,4.71,1
30.5,76.875,2024-05-25,8,53.51,6.68875,9.87,1
30.5,76.875,2024-05-26,7,62.809999999999995,8.972857142857142,25.4,1
30.5,76.875,2024-05-27,2,7.67,3.835,6.6,1
30.5,76.875,2024-05-28,6,49.5,8.25,15.51,1
30.5,76.875,2024-05-29,5,27.619999999999997,5.523999999999999,9.17,1
30.5,76.875,2024-06-05,2,6.22,3.11,3.42,1
30.5,76.875,2024-06-06,2,9.49,4.745,4.98,1
30.5,76.875,2024-06-09,6,66.33,11.055,23.53,1
30.5,76.875,2024-06-10,5,88.96,17.791999999999998,22.66,1
30.5,76.875,2024-06-13,1,4.72,4.72,4.72,1
30.5,76.875,2024-06-15,1,1.64,1.64,1.64,1
30.5,76.875,2024-06-16,6,62.94,10.49,17.04,1
30.5,76.875,2024-06-18,3,13.65,4.55,6.0,1
30.5,76.875,2024-09-22,1,3.1,3.1,3.1,1
30.5,76.875,2024-09-24,6,22.8,3.8000000000000003,5.36,1
30.5,76.875,2024-09-25,6,18.369999999999997,3.061666666666666,5.31,1
30.5,76.875,2024-10-05,2,14.06,7.03,7.74,1
30.5,76.875,2024-10-06,6,24.32,4.053333333333334,5.59,1
30.5,76.875,2024-10-07,3,8.22,2.74,3.16,1
30.5,76.875,2024-10-08,1,5.85,5.85,5.85,1
30.5,76.875,2024-10-09,3,10.86,3.6199999999999997,4.88,1
30.5,76.875,2024-10-10,4,10.48,2.62,3.33,1
30.5,76.875,2024-10-11,8,28.240000000000002,3.5300000000000002,10.95,1
30.5,76.875,2024-10-12,10,39.27,3.9270000000000005,7.54,1
30.5,76.875,2024-10-13,7,42.87,6.124285714285714,11.03,1
30.5,76.875,2024-10-14,5,27.2,5.4399999999999995,8.28,1
30.5,76.875,2024-10-15,8,40.31,5.03875,10.27,1
30.5,76.875,2024-10-17,3,11.24,3.7466666666666666,4.76,1
30.5,76.875,2024-10-18,2,5.64,2.82,3.13,1
30.5,76.875,2024-10-19,3,9.559999999999999,3.186666666666666,6.02,1
30.5,76.875,2024-10-20,10,35.64,3.564,4.98,1
30.5,76.875,2024-10-21,2,11.74,5.87,6.9,1
30.5,76.875,2024-10-23,4,17.78,4.445,7.1,1
30.5,76.875,2024-10-24,4,18.66,4.665,7.37,1
30.5,76.875,2024-10-25,2,3.54,1.77,1.77,1
30.5,76.875,2024-10-27,5,11.420000000000002,2.2840000000000003,4.15,1
30.5,76.875,2024-10-28,5,20.96,4.192,10.05,1
30.5,76.875,2024-10-29,6,24.95,4.158333333333333,6.14,1
30.5,76.875,2024-10-30,2,11.21,5.605,9.32,1
30.5,76.875,2024-10-31,5,23.34,4.668,6.55,1
30.5,76.875,2024-11-01,13,57.94,4.4569230769230765,7.77,1
30.5,76.875,2024-11-02,13,54.17,4.166923076923077,17.2,1
30.5,76.875,2024-11-07,3,10.76,3.5866666666666664,6.32,1
30.5,76.875,2024-11-08,1,3.19,3.19,3.19,1
30.5,76.875,2024-11-09,2,7.21,3.605,3.84,1
30.5,76.875,2024-11-10,1,1.98,1.98,1.98,1
30.5,76.875,2024-11-11,1,4.5,4.5,4.5,1
30.5,76.875,2024-11-12,2,3.66,1.83,3.27,1
30.5,76.875,2024-11-16,1,1.99,1.99,1.99,1
30.5,76.875,2024-11-18,1,3.05,3.05,3.05,1
30.5,76.875,2024-11-25,2,1.24,0.62,0.62,1
30.5,76.875,2024-11-28,1,2.31,2.31,2.31,1
30.5,76.875,2024-11-29,1,4.77,4.77,4.77,1
30.5,76.875,2024-12-12,1,1.92,1.92,1.92,1
30.5,76.875,2024-12-20,1,1.78,1.78,1.78,1
30.5,76.875,2024-12-21,2,3.8099999999999996,1.9049999999999998,2.36,1
30.5,76.875,2024-12-26,2,4.53,2.265,2.93,1
30.5,76.875,2025-01-05,3,20.7,6.8999999999999995,9.75,1
30.5,76.875,2025-01-06,1,2.73,2.73,2.73,1
30.5,76.875,2025-01-15,1,2.71,2.71,2.71,1
30.5,76.875,2025-01-22,1,3.69,3.69,3.69,1
30.5,76.875,2025-01-26,1,3.65,3.65,3.65,1
30.5,76.875,2025-01-27,1,2.82,2.82,2.82,1
30.5,76.875,2025-02-01,1,1.83,1.83,1.83,1
30.5,76.875,2025-02-06,1,2.55,2.55,2.55,1
30.5,76.875,2025-02-09,1,5.55,5.55,5.55,1
30.5,76.875,2025-02-11,1,3.73,3.73,3.73,1
30.5,76.875,2025-02-12,6,14.18,2.3633333333333333,4.0,1
30.5,76.875,2025-02-15,1,1.71,1.71,1.71,1
30.5,76.875,2025-02-17,1,1.66,1.66,1.66,1
30.5,76.875,2025-02-18,1,3.57,3.57,3.57,1
30.5,76.875,2025-02-22,1,3.21,3.21,3.21,1
30.5,76.875,2025-03-02,1,0.85,0.85,0.85,1
30.5,76.875,2025-03-03,2,3.26,1.63,1.8,1
30.5,76.875,2025-03-04,1,1.57,1.57,1.57,1
30.5,76.875,2025-03-06,1,4.2,4.2,4.2,1
30.5,76.875,2025-03-07,3,3.72,1.24,2.74,1
30.5,76.875,2025-03-11,1,2.59,2.59,2.59,1
30.5,76.875,2025-03-13,1,1.8,1.8,1.8,1
30.5,76.875,2025-03-19,1,2.59,2.59,2.59,1
30.5,76.875,2025-03-20,1,3.46,3.46,3.46,1
30.5,76.875,2025-03-21,3,3.44,1.1466666666666667,2.23,1
30.5,76.875,2025-03-22,1,4.81,4.81,4.81,1
30.5,76.875,2025-03-31,1,8.18,8.18,8.18,1
30.5,76.875,2025-04-02,2,2.44,1.22,1.22,1
30.5,76.875,2025-04-03,1,0.6,0.6,0.6,1
30.5,76.875,2025-04-04,2,6.84,3.42,4.2,1
30.5,76.875,2025-04-10,2,7.83,3.915,4.34,1
30.5,76.875,2025-04-15,1,2.22,2.22,2.22,1
30.5,76.875,2025-04-21,3,10.92,3.64,6.88,1
30.5,76.875,2025-04-22,1,10.11,10.11,10.11,1
30.5,76.875,2025-04-23,3,24.38,8.126666666666667,16.83,1
30.5,76.875,2025-04-24,3,27.41,9.136666666666667,17.79,1
30.5,76.875,2025-04-25,13,85.31,6.562307692307693,14.83,1
30.5,76.875,2025-04-26,3,23.259999999999998,7.753333333333333,8.59,1
30.5,76.875,2025-04-27,4,21.16,5.29,5.48,1
30.5,76.875,2025-04-28,2,4.93,2.465,3.16,1
30.5,76.875,2025-04-29,5,33.15,6.63,14.28,1
30.5,76.875,2025-04-30,2,8.0,4.0,6.76,1
30.5,76.875,2025-05-03,2,6.83,3.415,4.54,1
30.5,76.875,2025-05-04,9,28.89,3.21,5.26,1
30.5,76.875,2025-05-06,2,9.829999999999998,4.914999999999999,5.27,1
30.5,76.875,2025-05-07,28,148.4,5.3,9.02,1
30.5,76.875,2025-05-08,35,210.8,6.022857142857143,22.89,1
30.5,76.875,2025-05-09,9,24.18,2.6866666666666665,4.12,1
30.5,76.875,2025-05-10,2,9.98,4.99,6.1,1
30.5,76.875,2025-05-11,45,200.73,4.460666666666667,13.87,1
30.5,76.875,2025-05-12,26,117.87,4.533461538461538,14.92,1
30.5,76.875,2025-05-13,33,241.49,7.317878787878788,23.34,1
30.5,76.875,2025-05-14,18,145.36,8.075555555555557,22.07,1
30.5,76.875,2025-05-15,22,88.17,4.007727272727273,10.78,1
30.5,76.875,2025-05-16,1,4.31,4.31,4.31,1
30.5,76.875,2025-05-17,6,17.13,2.855,4.65,1
30.5,76.875,2025-05-18,10,36.06,3.6060000000000003,7.62,1
30.5,76.875,2025-05-19,5,10.95,2.19,3.38,1
30.5,76.875,2025-05-20,10,54.49,5.449,9.03,1
30.5,76.875,2025-05-21,2,7.970000000000001,3.9850000000000003,4.29,1
30.5,76.875,2025-05-23,7,15.74,2.2485714285714287,3.02,1
30.5,76.875,2025-05-24,15,52.1,3.4733333333333336,9.12,1
30.5,76.875,2025-05-26,1,1.23,1.23,1.23,1
30.5,76.875,2025-05-27,1,4.3,4.3,4.3,1
30.5,76.875,2025-05-28,2,6.14,3.07,3.07,1
30.5,76.875,2025-05-29,2,10.129999999999999,5.0649999999999995,6.01,1
30.5,76.875,2025-06-01,1,2.22,2.22,2.22,1
30.5,76.875,2025-06-02,3,27.43,9.143333333333333,13.77,1
30.5,76.875,2025-06-03,1,6.82,6.82,6.82,1
30.5,76.875,2025-06-07,1,1.45,1.45,1.45,1
30.5,76.875,2025-06-09,3,14.530000000000001,4.843333333333334,6.67,1
30.5,76.875,2025-09-21,2,7.76,3.88,3.9,1
30.5,76.875,2025-09-24,1,1.99,1.99,1.99,1
30.5,76.875,2025-09-25,2,7.91,3.955,4.42,1
30.5,76.875,2025-09-26,1,4.88,4.88,4.88,1
30.5,76.875,2025-09-27,2,6.84,3.42,4.06,1
30.5,76.875,2025-09-28,2,10.67,5.335,6.76,1
30.5,76.875,2025-10-01,1,5.3,5.3,5.3,1
30.5,76.875,2025-10-03,1,7.73,7.73,7.73,1
30.5,76.875,2025-10-04,5,15.489999999999998,3.098,4.2,1
30.5,76.875,2025-10-05,3,7.9399999999999995,2.6466666666666665,4.51,1
30.5,76.875,2025-10-15,1,2.11,2.11,2.11,1
30.5,76.875,2025-10-16,1,2.96,2.96,2.96,1
30.5,76.875,2025-10-18,1,3.32,3.32,3.32,1
30.5,76.875,2025-10-19,2,6.56,3.28,6.05,1
30.5,76.875,2025-10-20,9,27.08,3.0088888888888885,4.81,1
30.5,76.875,2025-10-21,9,22.78,2.531111111111111,3.61,1
30.5,76.875,2025-10-22,4,18.2,4.55,7.24,1
30.5,76.875,2025-10-24,2,10.86,5.43,6.08,1
30.5,76.875,2025-10-25,5,20.91,4.182,7.24,1
30.5,76.875,2025-10-26,4,18.57,4.6425,6.71,1
30.5,76.875,2025-10-28,2,4.22,2.11,3.11,1
30.5,76.875,2025-10-29,7,20.490000000000002,2.9271428571428575,3.68,1
30.5,76.875,2025-10-30,2,6.05,3.025,4.68,1
30.5,76.875,2025-10-31,9,41.33,4.592222222222222,15.35,1
30.5,76.875,2025-11-01,2,7.33,3.665,3.89,1
30.5,76.875,2025-11-02,3,16.3,5.433333333333334,8.74,1
30.5,76.875,2025-11-03,2,9.99,4.995,5.23,1
30.5,76.875,2025-11-05,4,11.21,2.8025,4.62,1
30.5,76.875,2025-11-08,3,10.2,3.4,5.24,1
30.5,76.875,2025-11-11,2,6.67,3.335,4.45,1
30.5,76.875,2025-11-27,2,3.66,1.83,1.88,1
30.5,76.875,2025-12-03,3,7.53,2.5100000000000002,2.55,1
30.5,76.875,2025-12-06,1,3.3,3.3,3.3,1
30.5,76.875,2025-12-07,1,6.28,6.28,6.28,1
30.5,76.875,2025-12-08,1,1.84,1.84,1.84,1
30.5,76.875,2025-12-16,2,8.11,4.055,4.07,1
30.5,76.875,2025-12-22,2,8.52,4.26,4.26,1
30.5,76.875,2025-12-23,4,11.91,2.9775,6.76,1
30.5,76.875,2025-12-24,3,4.9,1.6333333333333335,2.78,1
31.0,73.125,2023-01-03,4,9.06,2.265,3.36,1
31.0,73.125,2023-01-09,2,9.120000000000001,4.5600000000000005,4.83,1
31.0,73.125,2023-01-10,1,1.89,1.89,1.89,1
31.0,73.125,2023-01-14,3,16.39,5.463333333333334,10.3,1
31.0,73.125,2023-01-15,3,13.9,4.633333333333334,5.48,1
31.0,73.125,2023-01-16,7,43.949999999999996,6.278571428571428,12.53,1
31.0,73.125,2023-01-21,2,4.98,2.49,3.43,1
31.0,73.125,2023-01-22,5,18.68,3.7359999999999998,6.24,1
31.0,73.125,2023-01-23,1,4.85,4.85,4.85,1
31.0,73.125,2023-01-24,2,13.79,6.895,8.98,1
31.0,73.125,2023-01-25,3,9.45,3.15,5.17,1
31.0,73.125,2023-01-26,1,3.95,3.95,3.95,1
31.0,73.125,2023-01-27,2,4.82,2.41,2.51,1
31.0,73.125,2023-02-01,3,10.85,3.6166666666666667,4.74,1
31.0,73.125,2023-02-03,2,2.94,1.47,1.55,1
31.0,73.125,2023-02-04,2,6.19,3.095,3.49,1
31.0,73.125,2023-02-05,3,7.58,2.526666666666667,3.03,1
31.0,73.125,2023-02-06,2,5.22,2.61,2.9,1
31.0,73.125,2023-02-07,4,15.61,3.9025,4.22,1
31.0,73.125,2023-02-08,1,9.32,9.32,9.32,1
31.0,73.125,2023-02-10,1,2.61,2.61,2.61,1
31.0,73.125,2023-02-11,7,19.64,2.8057142857142856,5.58,1
31.0,73.125,2023-02-12,4,13.93,3.4825,6.62,1
31.0,73.125,2023-02-15,1,3.94,3.94,3.94,1
31.0,73.125,2023-02-21,2,11.77,5.885,9.14,1
31.0,73.125,2023-02-22,3,7.43,2.4766666666666666,3.41,1
31.0,73.125,2023-02-26,2,10.879999999999999,5.4399999999999995,6.21,1
31.0,73.125,2023-02-27,3,8.329999999999998,2.776666666666666,4.35,1
31.0,73.125,2023-03-04,2,6.66,3.33,4.63,1
31.0,73.125,2023-03-07,1,3.11,3.11,3.11,1
31.0,73.125,2023-03-09,1,5.62,5.62,5.62,1
31.0,73.125,2023-03-10,2,4.89,2.445,2.88,1
31.0,73.125,2023-04-13,1,4.85,4.85,4.85,1
31.0,73.125,2023-04-20,2,8.68,4.34,4.68,1
31.0,73.125,2023-04-21,1,2.89,2.89,2.89,1
31.0,73.125,2023-04-24,4,20.45,5.1125,7.06,1
31.0,73.125,2023-05-01,2,8.57,4.285,5.28,1
31.0,73.125,2023-05-05,1,3.3,3.3,3.3,1
31.0,73.125,2023-05-06,3,10.81,3.6033333333333335,4.21,1
31.0,73.125,2023-05-07,5,8.61,1.722,2.61,1
31.0,73.125,2023-05-08,1,4.58,4.58,4.58,1
31.0,73.125,2023-05-09,2,9.58,4.79,8.25,1
31.0,73.125,2023-05-10,8,21.8,2.725,5.01,1
31.0,73.125,2023-05-11,8,57.2,7.15,9.46,1
31.0,73.125,2023-05-12,3,14.32,4.773333333333333,5.38,1
31.0,73.125,2023-05-13,7,39.98,5.711428571428571,9.6,1
31.0,73.125,2023-05-15,1,6.07,6.07,6.07,1
31.0,73.125,2023-05-16,20,110.48,5.524,7.95,1
31.0,73.125,2023-05-18,1,4.34,4.34,4.34,1
31.0,73.125,2023-06-03,1,2.56,2.56,2.56,1
31.0,73.125,2023-06-05,3,13.17,4.39,5.32,1
31.0,73.125,2023-06-08,9,29.150000000000002,3.238888888888889,5.7,1
31.0,73.125,2023-06-11,6,13.29,2.215,3.03,1
31.0,73.125,2023-06-12,1,5.28,5.28,5.28,1
31.0,73.125,2023-06-13,12,34.75,2.8958333333333335,4.12,1
31.0,73.125,2023-06-15,1,1.7,1.7,1.7,1
31.0,73.125,2023-06-16,4,25.78,6.445,8.04,1
31.0,73.125,2023-06-17,1,0.99,0.99,0.99,1
31.0,73.125,2023-06-18,5,22.810000000000002,4.562,9.75,1
31.0,73.125,2023-06-19,11,38.85,3.5318181818181817,10.2,1
31.0,73.125,2023-06-20,3,11.95,3.983333333333333,5.41,1
31.0,73.125,2023-06-21,6,21.650000000000002,3.608333333333334,7.44,1
31.0,73.125,2023-06-22,5,21.52,4.304,4.8,1
31.0,73.125,2023-06-23,1,6.36,6.36,6.36,1
31.0,73.125,2023-06-24,8,31.660000000000004,3.9575000000000005,10.25,1
31.0,73.125,2023-06-27,7,24.57,3.5100000000000002,8.09,1
31.0,73.125,2023-06-28,1,3.42,3.42,3.42,1
31.0,73.125,2023-07-02,4,17.48,4.37,6.44,1
31.0,73.125,2023-07-03,2,6.74,3.37,4.22,1
31.0,73.125,2023-07-05,1,4.05,4.05,4.05,1
31.0,73.125,2023-07-09,1,6.88,6.88,6.88,1
31.0,73.125,2023-07-10,1,3.03,3.03,3.03,1
31.0,73.125,2023-07-11,1,3.4,3.4,3.4,1
31.0,73.125,2023-07-12,6,26.94,4.49,8.24,1
31.0,73.125,2023-07-13,4,10.8,2.7,4.28,1
31.0,73.125,2023-07-14,2,6.05,3.025,3.53,1
31.0,73.125,2023-07-15,2,4.67,2.335,3.81,1
31.0,73.125,2023-08-13,1,1.89,1.89,1.89,1
31.0,73.125,2023-08-17,1,2.2,2.2,2.2,1
31.0,73.125,2023-08-22,1,2.43,2.43,2.43,1
31.0,73.125,2023-08-31,1,3.76,3.76,3.76,1
31.0,73.125,2023-09-01,1,2.26,2.26,2.26,1
31.0,73.125,2023-09-02,1,2.16,2.16,2.16,1
31.0,73.125,2023-09-07,1,2.56,2.56,2.56,1
31.0,73.125,2023-09-09,1,3.35,3.35,3.35,1
31.0,73.125,2023-09-15,2,6.67,3.335,3.34,1
31.0,73.125,2023-09-17,2,8.88,4.44,4.44,1
31.0,73.125,2023-09-20,1,5.47,5.47,5.47,1
31.0,73.125,2023-09-22,2,6.16,3.08,3.08,1
31.0,73.125,2023-09-29,3,7.45,2.4833333333333334,2.54,1
31.0,73.125,2023-09-30,1,6.0,6.0,6.0,1
31.0,73.125,2023-10-01,3,13.760000000000002,4.586666666666667,9.48,1
31.0,73.125,2023-10-03,3,18.75,6.25,10.07,1
31.0,73.125,2023-10-04,4,18.65,4.6625,5.88,1
31.0,73.125,2023-10-05,3,11.84,3.9466666666666668,5.14,1
31.0,73.125,2023-10-08,3,10.34,3.4466666666666668,3.54,1
31.0,73.125,2023-10-09,3,7.0,2.3333333333333335,2.82,1
31.0,73.125,2023-10-10,6,18.42,3.0700000000000003,5.23,1
31.0,73.125,2023-10-11,10,45.64,4.564,7.95,1
31.0,73.125,2023-10-13,5,24.57,4.914,7.96,1
31.0,73.125,2023-10-14,2,8.19,4.095,6.76,1
31.0,73.125,2023-10-15,7,38.730000000000004,5.532857142857144,8.8,1
31.0,73.125,2023-10-17,1,4.47,4.47,4.47,1
31.0,73.125,2023-10-20,6,17.54,2.9233333333333333,3.54,1
31.0,73.125,2023-10-21,5,21.9,4.38,5.59,1
31.0,73.125,2023-10-23,1,5.48,5.48,5.48,1
31.0,73.125,2023-10-24,3,10.989999999999998,3.6633333333333327,4.06,1
31.0,73.125,2023-10-25,5,20.45,4.09,6.69,1
31.0,73.125,2023-10-26,3,11.209999999999999,3.7366666666666664,4.3,1
31.0,73.125,2023-10-27,3,20.900000000000002,6.966666666666668,8.71,1
31.0,73.125,2023-10-28,2,4.02,2.01,2.26,1
31.0,73.125,2023-10-30,3,12.59,4.196666666666666,4.86,1
31.0,73.125,2023-10-31,3,9.25,3.0833333333333335,3.54,1
31.0,73.125,2023-11-01,1,2.44,2.44,2.44,1
31.0,73.125,2023-11-03,2,2.67,1.335,2.13,1
31.0,73.125,2023-11-05,2,13.68,6.84,11.43,1
31.0,73.125,2023-11-06,1,4.55,4.55,4.55,1
31.0,73.125,2023-11-10,1,2.63,2.63,2.63,1
31.0,73.125,2023-11-14,2,26.23,13.115,13.26,1
31.0,73.125,2023-11-15,1,1.84,1.84,1.84,1
31.0,73.125,2023-11-16,4,10.52,2.63,3.31,1
31.0,73.125,2023-11-19,1,3.15,3.15,3.15,1
31.0,73.125,2023-11-21,2,5.3100000000000005,2.6550000000000002,3.56,1
31.0,73.125,2023-11-22,1,2.48,2.48,2.48,1
31.0,73.125,2023-11-28,2,8.879999999999999,4.4399999999999995,8.44,1
31.0,73.125,2023-11-30,1,4.86,4.86,4.86,1
31.0,73.125,2023-12-01,2,6.9399999999999995,3.4699999999999998,3.77,1
31.0,73.125,2023-12-03,1,3.57,3.57,3.57,1
31.0,73.125,2023-12-06,3,6.44,2.146666666666667,2.7,1
31.0,73.125,2023-12-07,4,13.26,3.315,4.83,1
31.0,73.125,2023-12-08,2,6.0,3.0,3.03,1
31.0,73.125,2023-12-09,2,8.3,4.15,5.33,1
31.0,73.125,2023-12-10,1,4.95,4.95,4.95,1
31.0,73.125,2023-12-11,2,8.329999999999998,4.164999999999999,4.27,1
31.0,73.125,2023-12-12,5,13.43,2.686,3.72,1
31.0,73.125,2023-12-14,1,3.26,3.26,3.26,1
31.0,73.125,2023-12-15,1,7.73,7.73,7.73,1
31.0,73.125,2023-12-17,4,16.0,4.0,6.78,1
31.0,73.125,2023-12-18,3,12.81,4.2700000000000005,7.84,1
31.0,73.125,2023-12-19,3,8.86,2.953333333333333,4.2,1
31.0,73.125,2023-12-21,8,47.58,5.9475,10.25,1
31.0,73.125,2023-12-22,2,5.84,2.92,3.89,1
31.0,73.125,2023-12-23,1,2.53,2.53,2.53,1
31.0,73.125,2023-12-26,1,4.48,4.48,4.48,1
31.0,73.125,2023-12-27,2,6.57,3.285,3.85,1
31.0,73.125,2023-12-28,3,8.11,2.703333333333333,2.97,1
31.0,73.125,2024-01-13,2,5.7299999999999995,2.8649999999999998,4.18,1
31.0,73.125,2024-01-19,1,2.52,2.52,2.52,1
31.0,73.125,2024-01-26,1,4.06,4.06,4.06,1
31.0,73.125,2024-01-27,2,8.280000000000001,4.140000000000001,6.61,1
31.0,73.125,2024-01-29,1,6.07,6.07,6.07,1
31.0,73.125,2024-01-30,2,7.78,3.89,5.45,1
31.0,73.125,2024-02-04,3,15.379999999999999,5.126666666666666,7.74,1
31.0,73.125,2024-02-05,1,2.22,2.22,2.22,1
31.0,73.125,2024-02-06,2,2.73,1.365,1.42,1
31.0,73.125,2024-02-07,4,13.47,3.3675,5.78,1
31.0,73.125,2024-02-09,4,14.75,3.6875,5.32,1
31.0,73.125,2024-02-10,2,8.42,4.21,5.83,1
31.0,73.125,2024-02-11,4,17.88,4.47,4.99,1
31.0,73.125,2024-02-13,7,23.73,3.39,5.78,1
31.0,73.125,2024-02-14,5,14.88,2.976,6.23,1
31.0,73.125,2024-02-15,3,5.32,1.7733333333333334,2.19,1
31.0,73.125,2024-02-16,4,14.24,3.56,6.61,1
31.0,73.125,2024-02-17,4,8.75,2.1875,3.49,1
31.0,73.125,2024-02-19,2,13.3,6.65,6.78,1
31.0,73.125,2024-02-20,4,14.540000000000001,3.6350000000000002,8.13,1
31.0,73.125,2024-02-22,2,15.66,7.83,13.67,1
31.0,73.125,2024-02-23,2,10.72,5.36,5.61,1
31.0,73.125,2024-02-24,2,15.25,7.625,12.24,1
31.0,73.125,2024-02-25,3,10.61,3.5366666666666666,5.83,1
31.0,73.125,2024-02-28,1,2.99,2.99,2.99,1
31.0,73.125,2024-03-04,1,1.94,1.94,1.94,1
31.0,73.125,2024-03-07,1,1.96,1.96,1.96,1
31.0,73.125,2024-03-08,2,5.199999999999999,2.5999999999999996,2.63,1
31.0,73.125,2024-03-19,1,4.52,4.52,4.52,1
31.0,73.125,2024-04-23,2,13.280000000000001,6.640000000000001,7.63,1
31.0,73.125,2024-04-24,1,1.92,1.92,1.92,1
31.0,73.125,2024-04-25,2,7.67,3.835,3.89,1
31.0,73.125,2024-04-28,1,2.6,2.6,2.6,1
31.0,73.125,2024-04-29,6,51.400000000000006,8.566666666666668,28.1,1
31.0,73.125,2024-05-01,4,14.91,3.7275,4.79,1
31.0,73.125,2024-05-02,4,28.85,7.2125,12.1,1
31.0,73.125,2024-05-05,3,8.07,2.69,2.69,1
31.0,73.125,2024-05-06,10,39.81,3.9810000000000003,7.72,1
31.0,73.125,2024-05-08,2,12.46,6.23,6.37,1
31.0,73.125,2024-05-09,5,26.39,5.2780000000000005,6.67,1
31.0,73.125,2024-05-11,3,8.81,2.936666666666667,4.07,1
31.0,73.125,2024-05-12,3,11.09,3.6966666666666668,3.93,1
31.0,73.125,2024-05-13,14,51.85,3.7035714285714287,6.32,1
31.0,73.125,2024-05-14,5,24.15,4.83,7.6,1
31.0,73.125,2024-05-15,6,29.560000000000002,4.926666666666667,7.49,1
31.0,73.125,2024-05-17,3,10.6,3.533333333333333,5.08,1
31.0,73.125,2024-05-18,5,15.14,3.028,3.6,1
31.0,73.125,2024-05-20,3,44.510000000000005,14.836666666666668,18.23,1
31.0,73.125,2024-05-22,4,34.79,8.6975,12.13,1
31.0,73.125,2024-05-24,3,32.26,10.753333333333332,11.87,1
31.0,73.125,2024-06-04,1,1.49,1.49,1.49,1
31.0,73.125,2024-06-05,1,7.19,7.19,7.19,1
31.0,73.125,2024-06-09,1,9.23,9.23,9.23,1
31.0,73.125,2024-06-12,1,23.84,23.84,23.84,1
31.0,73.125,2024-06-13,1,1.16,1.16,1.16,1
31.0,73.125,2024-06-14,5,16.42,3.2840000000000003,4.36,1
31.0,73.125,2024-06-15,3,21.33,7.109999999999999,14.08,1
31.0,73.125,2024-06-18,2,6.92,3.46,4.16,1
31.0,73.125,2024-06-23,1,1.34,1.34,1.34,1
31.0,73.125,2024-06-24,4,14.989999999999998,3.7474999999999996,5.75,1
31.0,73.125,2024-06-25,4,14.08,3.52,4.93,1
31.0,73.125,2024-06-26,6,24.2,4.033333333333333,6.71,1
31.0,73.125,2024-07-07,1,2.62,2.62,2.62,1
31.0,73.125,2024-07-17,2,6.49,3.245,3.41,1
31.0,73.125,2024-07-21,1,3.47,3.47,3.47,1
31.0,73.125,2024-07-23,3,6.08,2.026666666666667,2.62,1
31.0,73.125,2024-08-03,1,2.07,2.07,2.07,1
31.0,73.125,2024-08-19,1,13.81,13.81,13.81,1
31.0,73.125,2024-08-24,1,3.78,3.78,3.78,1
31.0,73.125,2024-09-08,1,5.03,5.03,5.03,1
31.0,73.125,2024-09-09,1,1.58,1.58,1.58,1
31.0,73.125,2024-09-11,1,2.67,2.67,2.67,1
31.0,73.125,2024-09-12,1,1.09,1.09,1.09,1
31.0,73.125,2024-09-14,2,10.870000000000001,5.4350000000000005,7.17,1
31.0,73.125,2024-09-15,4,14.18,3.545,4.75,1
31.0,73.125,2024-09-19,2,8.149999999999999,4.074999999999999,4.81,1
31.0,73.125,2024-09-20,1,4.95,4.95,4.95,1
31.0,73.125,2024-09-21,6,13.280000000000001,2.2133333333333334,2.5,1
31.0,73.125,2024-09-22,1,3.79,3.79,3.79,1
31.0,73.125,2024-09-25,5,10.91,2.182,3.65,1
31.0,73.125,2024-10-01,1,2.01,2.01,2.01,1
31.0,73.125,2024-10-02,8,52.01,6.50125,12.41,1
31.0,73.125,2024-10-05,4,16.22,4.055,5.79,1
31.0,73.125,2024-10-06,5,14.39,2.878,5.93,1
31.0,73.125,2024-10-07,1,6.6,6.6,6.6,1
31.0,73.125,2024-10-08,1,7.33,7.33,7.33,1
31.0,73.125,2024-10-09,4,15.01,3.7525,4.36,1
31.0,73.125,2024-10-10,6,22.83,3.8049999999999997,7.3,1
31.0,73.125,2024-10-11,4,8.08,2.02,2.92,1
31.0,73.125,2024-10-12,12,60.34,5.028333333333333,10.15,1
31.0,73.125,2024-10-13,3,11.15,3.716666666666667,6.08,1
31.0,73.125,2024-10-14,3,7.43,2.4766666666666666,2.85,1
31.0,73.125,2024-10-15,20,138.28,6.914,19.36,1
31.0,73.125,2024-10-16,9,25.56,2.84,4.44,1
31.0,73.125,2024-10-17,13,46.65,3.588461538461538,7.9,1
31.0,73.125,2024-10-18,4,11.52,2.88,3.22,1
31.0,73.125,2024-10-19,5,14.53,2.9059999999999997,4.37,1
31.0,73.125,2024-10-20,1,4.53,4.53,4.53,1
31.0,73.125,2024-10-21,10,37.02,3.7020000000000004,7.01,1
31.0,73.125,2024-10-22,16,46.74,2.92125,8.35,1
31.0,73.125,2024-10-23,8,22.27,2.78375,5.35,1
31.0,73.125,2024-10-24,1,3.61,3.61,3.61,1
31.0,73.125,2024-10-25,10,37.62,3.7619999999999996,5.01,1
31.0,73.125,2024-10-26,4,14.93,3.7325,7.15,1
31.0,73.125,2024-10-27,8,25.51,3.18875,4.23,1
31.0,73.125,2024-10-28,11,48.44,4.403636363636363,13.71,1
31.0,73.125,2024-10-29,3,10.71,3.5700000000000003,6.23,1
31.0,73.125,2024-10-30,2,15.669999999999998,7.834999999999999,8.7,1
31.0,73.125,2024-10-31,5,49.63,9.926,15.58,1
31.0,73.125,2024-11-01,7,23.02,3.2885714285714287,4.61,1
31.0,73.125,2024-11-02,13,74.65,5.742307692307692,27.57,1
31.0,73.125,2024-11-07,1,5.24,5.24,5.24,1
31.0,73.125,2024-11-17,5,25.63,5.1259999999999994,10.76,1
31.0,73.125,2024-11-18,1,1.71,1.71,1.71,1
31.0,73.125,2024-11-22,2,5.9399999999999995,2.9699999999999998,3.68,1
31.0,73.125,2024-11-23,1,2.36,2.36,2.36,1
31.0,73.125,2024-11-27,3,11.35,3.783333333333333,5.03,1
31.0,73.125,2024-11-28,2,6.32,3.16,3.8,1
31.0,73.125,2024-12-01,2,11.75,5.875,5.97,1
31.0,73.125,2024-12-04,4,9.33,2.3325,2.81,1
31.0,73.125,2024-12-05,2,8.2,4.1,4.33,1
31.0,73.125,2024-12-06,1,2.24,2.24,2.24,1
31.0,73.125,2024-12-07,1,2.46,2.46,2.46,1
31.0,73.125,2024-12-09,3,4.49,1.4966666666666668,1.86,1
31.0,73.125,2024-12-10,4,15.059999999999999,3.7649999999999997,5.14,1
31.0,73.125,2024-12-11,2,6.4399999999999995,3.2199999999999998,3.61,1
31.0,73.125,2024-12-12,2,5.109999999999999,2.5549999999999997,2.59,1
31.0,73.125,2024-12-13,1,2.93,2.93,2.93,1
31.0,73.125,2024-12-14,2,6.21,3.105,3.45,1
31.0,73.125,2024-12-15,1,1.7,1.7,1.7,1
31.0,73.125,2024-12-16,2,4.859999999999999,2.4299999999999997,2.59,1
31.0,73.125,2024-12-17,1,1.47,1.47,1.47,1
31.0,73.125,2024-12-19,2,6.32,3.16,3.21,1
31.0,73.125,2024-12-20,2,5.54,2.77,3.11,1
31.0,73.125,2024-12-22,4,16.27,4.0675,5.52,1
31.0,73.125,2024-12-24,1,5.9,5.9,5.9,1
31.0,73.125,2024-12-25,2,9.790000000000001,4.8950000000000005,7.69,1
31.0,73.125,2024-12-26,1,2.62,2.62,2.62,1
31.0,73.125,2024-12-30,1,2.1,2.1,2.1,1
31.0,73.125,2025-01-01,1,3.16,3.16,3.16,1
31.0,73.125,2025-01-04,2,5.23,2.615,3.2,1
31.0,73.125,2025-01-06,1,1.27,1.27,1.27,1
31.0,73.125,2025-01-07,3,10.84,3.6133333333333333,5.32,1
31.0,73.125,2025-01-08,1,1.86,1.86,1.86,1
31.0,73.125,2025-01-09,1,1.57,1.57,1.57,1
31.0,73.125,2025-01-10,5,14.48,2.896,4.08,1
31.0,73.125,2025-01-16,3,19.16,6.386666666666667,7.61,1
31.0,73.125,2025-01-17,1,6.29,6.29,6.29,1
31.0,73.125,2025-01-20,7,32.57,4.652857142857143,8.98,1
31.0,73.125,2025-01-21,3,8.81,2.936666666666667,4.98,1
31.0,73.125,2025-01-23,5,26.47,5.294,10.3,1
31.0,73.125,2025-01-24,2,10.1,5.05,5.43,1
31.0,73.125,2025-01-26,3,7.49,2.4966666666666666,3.3,1
31.0,73.125,2025-01-27,1,1.54,1.54,1.54,1
31.0,73.125,2025-01-30,4,27.93,6.9825,16.93,1
31.0,73.125,2025-01-31,5,15.91,3.182,5.33,1
31.0,73.125,2025-02-01,2,6.13,3.065,3.28,1
31.0,73.125,2025-02-02,4,16.13,4.0325,7.22,1
31.0,73.125,2025-02-03,6,25.27,4.211666666666667,5.95,1
31.0,73.125,2025-02-04,1,5.73,5.73,5.73,1
31.0,73.125,2025-02-05,2,5.109999999999999,2.5549999999999997,2.8,1
31.0,73.125,2025-02-06,9,27.4,3.0444444444444443,6.98,1
31.0,73.125,2025-02-07,1,2.93,2.93,2.93,1
31.0,73.125,2025-02-08,3,8.43,2.81,3.73,1
31.0,73.125,2025-02-09,2,3.0999999999999996,1.5499999999999998,1.71,1
31.0,73.125,2025-02-12,1,2.88,2.88,2.88,1
31.0,73.125,2025-02-14,3,16.0,5.333333333333333,6.89,1
31.0,73.125,2025-02-16,1,1.44,1.44,1.44,1
31.0,73.125,2025-02-17,5,25.11,5.022,7.39,1
31.0,73.125,2025-02-18,5,14.469999999999999,2.8939999999999997,3.32,1
31.0,73.125,2025-02-22,3,10.77,3.59,3.94,1
31.0,73.125,2025-02-23,2,6.3,3.15,4.05,1
31.0,73.125,2025-02-24,3,6.38,2.1266666666666665,3.04,1
31.0,73.125,2025-02-26,1,3.9,3.9,3.9,1
31.0,73.125,2025-03-02,1,7.21,7.21,7.21,1
31.0,73.125,2025-03-04,5,37.92,7.5840000000000005,11.49,1
31.0,73.125,2025-03-05,2,4.279999999999999,2.1399999999999997,2.57,1
31.0,73.125,2025-03-06,4,18.92,4.73,6.2,1
31.0,73.125,2025-03-07,4,13.68,3.42,5.49,1
31.0,73.125,2025-03-08,1,4.96,4.96,4.96,1
31.0,73.125,2025-03-10,2,11.36,5.68,9.83,1
31.0,73.125,2025-03-12,1,4.58,4.58,4.58,1
31.0,73.125,2025-03-14,1,9.36,9.36,9.36,1
31.0,73.125,2025-03-15,1,6.26,6.26,6.26,1
31.0,73.125,2025-03-17,1,8.84,8.84,8.84,1
31.0,73.125,2025-03-22,1,2.85,2.85,2.85,1
31.0,73.125,2025-03-28,1,5.88,5.88,5.88,1
31.0,73.125,2025-04-08,2,5.35,2.675,3.39,1
31.0,73.125,2025-04-14,2,6.63,3.315,3.67,1
31.0,73.125,2025-04-15,1,0.74,0.74,0.74,1
31.0,73.125,2025-04-19,1,3.51,3.51,3.51,1
31.0,73.125,2025-04-23,3,14.98,4.993333333333333,6.17,1
31.0,73.125,2025-04-24,1,5.08,5.08,5.08,1
31.0,73.125,2025-04-26,1,9.75,9.75,9.75,1
31.0,73.125,2025-04-29,2,10.52,5.26,5.45,1
31.0,73.125,2025-04-30,3,11.25,3.75,5.14,1
31.0,73.125,2025-05-01,3,10.12,3.373333333333333,4.27,1
31.0,73.125,2025-05-02,6,25.6,4.266666666666667,6.98,1
31.0,73.125,2025-05-05,4,17.96,4.49,6.9,1
31.0,73.125,2025-05-06,2,0.92,0.46,0.46,1
31.0,73.125,2025-05-07,10,41.68,4.168,8.05,1
31.0,73.125,2025-05-10,6,31.740000000000002,5.29,8.06,1
31.0,73.125,2025-05-11,8,77.09,9.63625,23.79,1
31.0,73.125,2025-05-12,2,8.64,4.32,6.2,1
31.0,73.125,2025-05-13,11,65.28,5.934545454545455,11.45,1
31.0,73.125,2025-05-14,9,44.26,4.917777777777777,7.88,1
31.0,73.125,2025-05-15,10,22.45,2.245,5.39,1
31.0,73.125,2025-05-16,3,7.27,2.4233333333333333,2.9,1
31.0,73.125,2025-05-17,6,39.57,6.595,7.66,1
31.0,73.125,2025-05-18,2,41.370000000000005,20.685000000000002,30.87,1
31.0,73.125,2025-05-20,1,6.13,6.13,6.13,1
31.0,73.125,2025-05-21,6,26.95,4.491666666666666,7.51,1
31.0,73.125,2025-05-22,3,23.02,7.673333333333333,10.37,1
31.0,73.125,2025-05-25,2,3.8499999999999996,1.9249999999999998,2.01,1
31.0,73.125,2025-05-27,2,7.01,3.505,4.78,1
31.0,73.125,2025-05-28,3,11.43,3.81,6.28,1
31.0,73.125,2025-06-01,2,4.27,2.135,3.15,1
31.0,73.125,2025-06-02,5,11.26,2.252,3.01,1
31.0,73.125,2025-06-03,2,5.32,2.66,3.06,1
31.0,73.125,2025-06-05,2,7.17,3.585,4.01,1
31.0,73.125,2025-06-08,4,23.77,5.9425,6.86,1
31.0,73.125,2025-06-10,3,17.4,5.8,8.11,1
31.0,73.125,2025-06-11,4,10.19,2.5475,3.9,1
31.0,73.125,2025-06-12,3,14.440000000000001,4.8133333333333335,5.0,1
31.0,73.125,2025-06-13,4,35.54,8.885,12.2,1
31.0,73.125,2025-06-17,1,1.82,1.82,1.82,1
31.0,73.125,2025-06-18,13,30.92,2.3784615384615386,5.03,1
31.0,73.125,2025-06-19,8,43.599999999999994,5.449999999999999,22.34,1
31.0,73.125,2025-06-21,2,12.459999999999999,6.2299999999999995,9.19,1
31.0,73.125,2025-06-24,1,0.7,0.7,0.7,1
31.0,73.125,2025-07-02,3,7.109999999999999,2.3699999999999997,3.71,1
31.0,73.125,2025-07-04,4,11.51,2.8775,3.11,1
31.0,73.125,2025-09-20,1,2.73,2.73,2.73,1
31.0,73.125,2025-09-22,2,7.75,3.875,6.32,1
31.0,73.125,2025-09-23,1,3.47,3.47,3.47,1
31.0,73.125,2025-09-24,3,9.32,3.106666666666667,4.27,1
31.0,73.125,2025-09-26,2,7.13,3.565,4.87,1
31.0,73.125,2025-09-28,3,13.01,4.336666666666667,6.6,1
31.0,73.125,2025-10-01,1,3.54,3.54,3.54,1
31.0,73.125,2025-10-02,1,12.16,12.16,12.16,1
31.0,73.125,2025-10-03,3,18.2,6.066666666666666,7.75,1
31.0,73.125,2025-10-04,2,10.17,5.085,7.63,1
31.0,73.125,2025-10-09,2,7.73,3.865,5.0,1
31.0,73.125,2025-10-12,1,1.65,1.65,1.65,1
31.0,73.125,2025-10-13,1,4.86,4.86,4.86,1
31.0,73.125,2025-10-14,4,13.04,3.26,3.82,1
31.0,73.125,2025-10-15,10,26.93,2.693,3.61,1
31.0,73.125,2025-10-16,3,6.76,2.2533333333333334,2.66,1
31.0,73.125,2025-10-17,3,12.64,4.213333333333334,6.78,1
31.0,73.125,2025-10-19,13,49.64,3.8184615384615386,6.17,1
31.0,73.125,2025-10-20,11,30.39,2.7627272727272727,4.14,1
31.0,73.125,2025-10-21,1,0.47,0.47,0.47,1
31.0,73.125,2025-10-22,3,19.259999999999998,6.419999999999999,7.77,1
31.0,73.125,2025-10-23,4,10.39,2.5975,4.32,1
31.0,73.125,2025-10-24,14,74.78,5.341428571428572,10.55,1
31.0,73.125,2025-10-25,9,34.86,3.873333333333333,9.13,1
31.0,73.125,2025-10-26,8,28.77,3.59625,5.63,1
31.0,73.125,2025-10-28,2,13.3,6.65,6.7,1
31.0,73.125,2025-10-29,2,3.48,1.74,2.81,1
31.0,73.125,2025-10-30,4,13.55,3.3875,6.57,1
31.0,73.125,2025-10-31,15,64.37,4.291333333333333,6.09,1
31.0,73.125,2025-11-01,2,4.029999999999999,2.0149999999999997,2.63,1
31.0,73.125,2025-11-02,3,5.43,1.8099999999999998,2.6,1
31.0,73.125,2025-11-03,2,9.5,4.75,5.07,1
31.0,73.125,2025-11-04,5,14.87,2.9739999999999998,4.22,1
31.0,73.125,2025-11-05,13,45.37,3.4899999999999998,8.04,1
31.0,73.125,2025-11-06,1,3.22,3.22,3.22,1
31.0,73.125,2025-11-07,4,9.120000000000001,2.2800000000000002,3.03,1
31.0,73.125,2025-11-08,4,14.86,3.715,5.12,1
31.0,73.125,2025-11-09,9,28.08,3.1199999999999997,7.12,1
31.0,73.125,2025-11-10,2,5.5600000000000005,2.7800000000000002,2.79,1
31.0,73.125,2025-11-11,1,2.18,2.18,2.18,1
31.0,73.125,2025-11-14,3,13.66,4.553333333333334,5.19,1
31.0,73.125,2025-11-15,1,3.09,3.09,3.09,1
31.0,73.125,2025-11-22,2,6.35,3.175,3.47,1
31.0,73.125,2025-11-25,3,11.6,3.8666666666666667,4.71,1
31.0,73.125,2025-11-26,2,5.62,2.81,2.9,1
31.0,73.125,2025-11-27,3,11.74,3.9133333333333336,4.53,1
31.0,73.125,2025-11-28,1,9.42,9.42,9.42,1
31.0,73.125,2025-12-01,2,4.699999999999999,2.3499999999999996,2.76,1
31.0,73.125,2025-12-02,3,10.51,3.5033333333333334,4.87,1
31.0,73.125,2025-12-03,1,1.9,1.9,1.9,1
31.0,73.125,2025-12-04,1,1.88,1.88,1.88,1
31.0,73.125,2025-12-07,1,2.03,2.03,2.03,1
31.0,73.125,2025-12-11,1,2.32,2.32,2.32,1
31.0,73.125,2025-12-12,2,7.09,3.545,4.36,1
31.0,73.125,2025-12-16,1,1.6,1.6,1.6,1
31.0,73.125,2025-12-22,1,1.37,1.37,1.37,1
31.0,73.125,2025-12-23,2,3.36,1.68,1.9,1
31.0,73.125,2025-12-24,1,2.31,2.31,2.31,1
31.0,73.125,2025-12-25,2,3.61,1.805,2.26,1
31.0,73.125,2025-12-28,1,1.99,1.99,1.99,1
31.0,73.125,2025-12-29,2,9.440000000000001,4.720000000000001,6.94,1
31.0,73.75,2023-01-02,1,4.41,4.41,4.41,1
31.0,73.75,2023-01-04,1,3.47,3.47,3.47,1
31.0,73.75,2023-01-10,1,2.5,2.5,2.5,1
31.0,73.75,2023-01-13,1,3.05,3.05,3.05,1
31.0,73.75,2023-01-14,10,41.86,4.186,11.86,1
31.0,73.75,2023-01-15,2,6.92,3.46,3.62,1
31.0,73.75,2023-01-16,6,21.99,3.6649999999999996,7.09,1
31.0,73.75,2023-01-17,4,23.419999999999998,5.8549999999999995,11.92,1
31.0,73.75,2023-01-21,1,1.45,1.45,1.45,1
31.0,73.75,2023-01-22,4,13.56,3.39,4.79,1
31.0,73.75,2023-01-23,1,7.71,7.71,7.71,1
31.0,73.75,2023-01-24,1,3.85,3.85,3.85,1
31.0,73.75,2023-01-26,8,30.53,3.81625,7.67,1
31.0,73.75,2023-01-27,2,4.6899999999999995,2.3449999999999998,3.07,1
31.0,73.75,2023-01-28,2,9.93,4.965,5.23,1
31.0,73.75,2023-01-31,2,17.87,8.935,12.14,1
31.0,73.75,2023-02-01,6,17.72,2.953333333333333,3.79,1
31.0,73.75,2023-02-02,7,30.89,4.412857142857143,11.95,1
31.0,73.75,2023-02-03,3,13.34,4.446666666666666,6.41,1
31.0,73.75,2023-02-04,2,17.77,8.885,14.83,1
31.0,73.75,2023-02-05,5,21.96,4.392,5.21,1
31.0,73.75,2023-02-06,4,12.24,3.06,3.83,1
31.0,73.75,2023-02-07,4,19.64,4.91,8.31,1
31.0,73.75,2023-02-10,1,3.92,3.92,3.92,1
31.0,73.75,2023-02-11,7,35.69,5.098571428571428,10.13,1
31.0,73.75,2023-02-12,5,34.31,6.862,14.41,1
31.0,73.75,2023-02-13,4,10.27,2.5675,3.11,1
31.0,73.75,2023-02-15,3,18.580000000000002,6.193333333333334,11.98,1
31.0,73.75,2023-02-18,2,7.86,3.93,4.45,1
31.0,73.75,2023-02-20,1,4.33,4.33,4.33,1
31.0,73.75,2023-02-21,2,6.9,3.45,3.5,1
31.0,73.75,2023-02-23,5,26.549999999999997,5.31,16.13,1
31.0,73.75,2023-02-24,1,1.1,1.1,1.1,1
31.0,73.75,2023-02-26,1,3.8,3.8,3.8,1
31.0,73.75,2023-03-03,1,8.45,8.45,8.45,1
31.0,73.75,2023-03-04,1,4.14,4.14,4.14,1
31.0,73.75,2023-03-11,1,10.21,10.21,10.21,1
31.0,73.75,2023-03-23,1,3.52,3.52,3.52,1
31.0,73.75,2023-04-07,1,3.83,3.83,3.83,1
31.0,73.75,2023-04-09,2,6.1899999999999995,3.0949999999999998,3.59,1
31.0,73.75,2023-04-11,2,7.720000000000001,3.8600000000000003,5.73,1
31.0,73.75,2023-04-12,1,3.81,3.81,3.81,1
31.0,73.75,2023-04-14,2,16.57,8.285,8.98,1
31.0,73.75,2023-04-25,1,4.57,4.57,4.57,1
31.0,73.75,2023-05-04,8,26.75,3.34375,4.52,1
31.0,73.75,2023-05-06,6,24.23,4.038333333333333,7.83,1
31.0,73.75,2023-05-07,13,44.4,3.4153846153846152,6.73,1
31.0,73.75,2023-05-08,8,27.1,3.3875,5.36,1
31.0,73.75,2023-05-09,4,15.17,3.7925,4.8,1
31.0,73.75,2023-05-10,6,26.92,4.486666666666667,8.46,1
31.0,73.75,2023-05-11,24,117.84,4.91,17.59,1
31.0,73.75,2023-05-12,10,61.5,6.15,10.27,1
31.0,73.75,2023-05-13,15,67.43,4.495333333333334,7.09,1
31.0,73.75,2023-05-15,3,18.11,6.036666666666666,8.86,1
31.0,73.75,2023-05-16,2,6.04,3.02,3.61,1
31.0,73.75,2023-05-17,5,26.04,5.208,7.88,1
31.0,73.75,2023-05-18,1,1.28,1.28,1.28,1
31.0,73.75,2023-05-19,2,26.14,13.07,21.23,1
31.0,73.75,2023-05-20,1,5.87,5.87,5.87,1
31.0,73.75,2023-05-21,1,1.86,1.86,1.86,1
31.0,73.75,2023-05-28,1,2.5,2.5,2.5,1
31.0,73.75,2023-06-05,3,10.059999999999999,3.353333333333333,3.54,1
31.0,73.75,2023-06-08,8,35.05,4.38125,8.89,1
31.0,73.75,2023-06-10,5,18.35,3.6700000000000004,6.22,1
31.0,73.75,2023-06-11,2,4.48,2.24,2.29,1
31.0,73.75,2023-06-12,2,3.23,1.615,1.71,1
31.0,73.75,2023-06-13,15,43.73,2.9153333333333333,7.83,1
31.0,73.75,2023-06-14,19,65.42,3.443157894736842,10.69,1
31.0,73.75,2023-06-15,1,3.19,3.19,3.19,1
31.0,73.75,2023-06-16,4,20.77,5.1925,6.5,1
31.0,73.75,2023-06-17,11,43.01,3.9099999999999997,11.94,1
31.0,73.75,2023-06-18,10,41.1,4.11,10.83,1
31.0,73.75,2023-06-19,32,126.26,3.945625,19.18,1
31.0,73.75,2023-06-21,24,79.0,3.2916666666666665,20.41,1
31.0,73.75,2023-06-22,8,20.36,2.545,3.41,1
31.0,73.75,2023-06-23,15,58.68,3.912,7.52,1
31.0,73.75,2023-06-24,43,186.7,4.341860465116278,13.8,1
31.0,73.75,2023-06-27,1,3.64,3.64,3.64,1
31.0,73.75,2023-06-28,2,8.01,4.005,5.52,1
31.0,73.75,2023-06-30,16,63.66,3.97875,10.26,1
31.0,73.75,2023-07-02,15,73.91,4.927333333333333,16.77,1
31.0,73.75,2023-07-03,3,6.95,2.316666666666667,3.16,1
31.0,73.75,2023-07-04,8,34.13,4.26625,8.01,1
31.0,73.75,2023-07-05,1,5.67,5.67,5.67,1
31.0,73.75,2023-07-06,1,9.67,9.67,9.67,1
31.0,73.75,2023-07-07,1,3.38,3.38,3.38,1
31.0,73.75,2023-07-11,14,30.119999999999997,2.1514285714285712,5.06,1
31.0,73.75,2023-07-12,7,26.14,3.7342857142857144,5.35,1
31.0,73.75,2023-07-13,1,2.61,2.61,2.61,1
31.0,73.75,2023-07-15,7,23.740000000000002,3.391428571428572,5.32,1
31.0,73.75,2023-07-18,1,3.86,3.86,3.86,1
31.0,73.75,2023-07-31,1,3.14,3.14,3.14,1
31.0,73.75,2023-08-01,1,2.42,2.42,2.42,1
31.0,73.75,2023-08-06,1,2.93,2.93,2.93,1
31.0,73.75,2023-08-21,2,14.18,7.09,7.09,1
31.0,73.75,2023-08-22,1,3.2,3.2,3.2,1
31.0,73.75,2023-08-27,1,6.17,6.17,6.17,1
31.0,73.75,2023-08-30,2,11.54,5.77,6.58,1
31.0,73.75,2023-09-02,1,3.94,3.94,3.94,1
31.0,73.75,2023-09-07,2,12.08,6.04,6.04,1
31.0,73.75,2023-09-09,3,11.91,3.97,5.56,1
31.0,73.75,2023-09-11,1,2.37,2.37,2.37,1
31.0,73.75,2023-09-13,5,18.529999999999998,3.7059999999999995,8.7,1
31.0,73.75,2023-09-14,1,16.73,16.73,16.73,1
31.0,73.75,2023-09-15,2,11.83,5.915,8.69,1
31.0,73.75,2023-09-29,2,10.59,5.295,7.13,1
31.0,73.75,2023-09-30,3,17.82,5.94,7.73,1
31.0,73.75,2023-10-01,2,10.39,5.195,6.32,1
31.0,73.75,2023-10-02,6,33.13,5.521666666666667,8.89,1
31.0,73.75,2023-10-03,4,31.02,7.755,11.29,1
31.0,73.75,2023-10-04,11,45.36,4.123636363636364,11.82,1
31.0,73.75,2023-10-05,13,74.63,5.740769230769231,26.34,1
31.0,73.75,2023-10-06,8,65.12,8.14,15.28,1
31.0,73.75,2023-10-07,4,21.05,5.2625,8.55,1
31.0,73.75,2023-10-08,10,55.32,5.532,10.85,1
31.0,73.75,2023-10-09,9,30.41,3.378888888888889,7.2,1
31.0,73.75,2023-10-10,19,79.45,4.181578947368421,9.67,1
31.0,73.75,2023-10-11,22,106.69,4.849545454545455,14.79,1
31.0,73.75,2023-10-12,10,43.0,4.3,8.43,1
31.0,73.75,2023-10-13,9,25.11,2.79,5.2,1
31.0,73.75,2023-10-14,28,156.28,5.581428571428572,17.69,1
31.0,73.75,2023-10-15,8,28.38,3.5475,5.56,1
31.0,73.75,2023-10-18,4,11.219999999999999,2.8049999999999997,3.32,1
31.0,73.75,2023-10-19,6,34.589999999999996,5.765,11.52,1
31.0,73.75,2023-10-20,19,96.77,5.093157894736842,12.99,1
31.0,73.75,2023-10-21,25,166.63,6.6652,37.88,1
31.0,73.75,2023-10-23,3,18.96,6.32,7.31,1
31.0,73.75,2023-10-24,12,57.73,4.810833333333333,9.33,1
31.0,73.75,2023-10-25,42,255.07999999999998,6.073333333333333,28.97,1
31.0,73.75,2023-10-26,22,78.14,3.5518181818181818,7.56,1
31.0,73.75,2023-10-27,25,110.55,4.422,9.06,1
31.0,73.75,2023-10-28,6,14.64,2.44,2.89,1
31.0,73.75,2023-10-29,8,37.44,4.68,7.08,1
31.0,73.75,2023-10-30,19,89.97,4.735263157894737,8.63,1
31.0,73.75,2023-10-31,24,103.07,4.294583333333333,16.76,1
31.0,73.75,2023-11-01,1,2.95,2.95,2.95,1
31.0,73.75,2023-11-03,2,6.52,3.26,3.74,1
31.0,73.75,2023-11-04,6,26.47,4.411666666666666,8.66,1
31.0,73.75,2023-11-05,25,98.67,3.9468,11.32,1
31.0,73.75,2023-11-06,18,81.6,4.533333333333333,10.86,1
31.0,73.75,2023-11-07,2,13.72,6.86,6.86,1
31.0,73.75,2023-11-08,2,6.67,3.335,3.59,1
31.0,73.75,2023-11-09,8,55.27,6.90875,18.89,1
31.0,73.75,2023-11-11,2,7.75,3.875,5.31,1
31.0,73.75,2023-11-12,5,23.0,4.6,6.63,1
31.0,73.75,2023-11-13,4,14.24,3.56,4.61,1
31.0,73.75,2023-11-14,13,83.78,6.444615384615385,13.07,1
31.0,73.75,2023-11-15,13,108.49,8.345384615384615,21.97,1
31.0,73.75,2023-11-16,14,153.53,10.96642857142857,81.27,1
31.0,73.75,2023-11-17,17,150.29,8.840588235294117,25.53,1
31.0,73.75,2023-11-18,3,21.990000000000002,7.330000000000001,11.02,1
31.0,73.75,2023-11-19,12,40.24,3.3533333333333335,5.37,1
31.0,73.75,2023-11-20,8,56.14,7.0175,21.97,1
31.0,73.75,2023-11-21,14,79.76,5.6971428571428575,16.1,1
31.0,73.75,2023-11-22,13,82.58,6.352307692307692,29.53,1
31.0,73.75,2023-11-23,1,3.44,3.44,3.44,1
31.0,73.75,2023-11-24,3,18.96,6.32,7.82,1
31.0,73.75,2023-11-30,1,13.04,13.04,13.04,1
31.0,73.75,2023-12-01,2,7.46,3.73,3.73,1
31.0,73.75,2023-12-02,5,15.04,3.008,6.32,1
31.0,73.75,2023-12-03,3,9.77,3.2566666666666664,3.51,1
31.0,73.75,2023-12-05,3,6.98,2.3266666666666667,3.47,1
31.0,73.75,2023-12-06,9,64.64,7.182222222222222,16.61,1
31.0,73.75,2023-12-07,3,9.309999999999999,3.103333333333333,4.14,1
31.0,73.75,2023-12-08,3,6.53,2.1766666666666667,2.5,1
31.0,73.75,2023-12-10,9,28.06,3.1177777777777775,5.21,1
31.0,73.75,2023-12-11,2,6.029999999999999,3.0149999999999997,3.02,1
31.0,73.75,2023-12-12,3,19.75,6.583333333333333,9.42,1
31.0,73.75,2023-12-13,2,3.9,1.95,2.05,1
31.0,73.75,2023-12-16,1,3.87,3.87,3.87,1
31.0,73.75,2023-12-19,1,2.88,2.88,2.88,1
31.0,73.75,2023-12-20,2,15.25,7.625,8.53,1
31.0,73.75,2023-12-23,1,2.32,2.32,2.32,1
31.0,73.75,2024-01-11,1,2.71,2.71,2.71,1
31.0,73.75,2024-01-13,1,3.12,3.12,3.12,1
31.0,73.75,2024-01-28,1,5.9,5.9,5.9,1
31.0,73.75,2024-01-29,1,3.85,3.85,3.85,1
31.0,73.75,2024-02-01,1,2.15,2.15,2.15,1
31.0,73.75,2024-02-04,1,2.29,2.29,2.29,1
31.0,73.75,2024-02-05,2,8.08,4.04,4.7,1
31.0,73.75,2024-02-06,1,4.07,4.07,4.07,1
31.0,73.75,2024-02-07,7,38.0,5.428571428571429,6.78,1
31.0,73.75,2024-02-08,2,6.6,3.3,3.3,1
31.0,73.75,2024-02-09,1,3.11,3.11,3.11,1
31.0,73.75,2024-02-10,4,8.44,2.11,3.13,1
31.0,73.75,2024-02-11,1,4.31,4.31,4.31,1
31.0,73.75,2024-02-13,1,11.29,11.29,11.29,1
31.0,73.75,2024-02-14,6,22.180000000000003,3.696666666666667,11.63,1
31.0,73.75,2024-02-15,3,9.3,3.1,5.62,1
31.0,73.75,2024-02-16,5,57.22,11.443999999999999,15.6,1
31.0,73.75,2024-02-17,4,19.55,4.8875,7.0,1
31.0,73.75,2024-02-19,2,9.059999999999999,4.529999999999999,5.22,1
31.0,73.75,2024-02-21,3,43.300000000000004,14.433333333333335,35.42,1
31.0,73.75,2024-02-22,1,3.72,3.72,3.72,1
31.0,73.75,2024-02-24,1,4.43,4.43,4.43,1
31.0,73.75,2024-02-25,3,11.489999999999998,3.8299999999999996,8.11,1
31.0,73.75,2024-03-07,1,1.27,1.27,1.27,1
31.0,73.75,2024-03-08,1,2.88,2.88,2.88,1
31.0,73.75,2024-03-14,2,14.33,7.165,8.65,1
31.0,73.75,2024-03-17,2,3.8,1.9,2.4,1
31.0,73.75,2024-03-25,2,20.59,10.295,12.61,1
31.0,73.75,2024-04-09,1,4.04,4.04,4.04,1
31.0,73.75,2024-04-12,1,38.82,38.82,38.82,1
31.0,73.75,2024-04-21,3,11.639999999999999,3.8799999999999994,6.31,1
31.0,73.75,2024-04-23,2,12.55,6.275,7.35,1
31.0,73.75,2024-04-25,1,6.53,6.53,6.53,1
31.0,73.75,2024-04-26,3,17.84,5.946666666666666,8.25,1
31.0,73.75,2024-04-27,4,19.48,4.87,7.8,1
31.0,73.75,2024-04-28,5,21.69,4.338,6.44,1
31.0,73.75,2024-04-29,2,7.71,3.855,6.49,1
31.0,73.75,2024-04-30,1,2.83,2.83,2.83,1
31.0,73.75,2024-05-01,5,67.38,13.475999999999999,27.24,1
31.0,73.75,2024-05-02,10,38.24,3.8240000000000003,8.36,1
31.0,73.75,2024-05-04,5,30.7,6.14,9.09,1
31.0,73.75,2024-05-06,10,46.21,4.621,6.51,1
31.0,73.75,2024-05-07,13,37.07,2.8515384615384614,6.02,1
31.0,73.75,2024-05-08,14,57.69,4.1207142857142856,8.96,1
31.0,73.75,2024-05-09,14,85.79,6.127857142857144,14.56,1
31.0,73.75,2024-05-11,5,17.85,3.5700000000000003,7.0,1
31.0,73.75,2024-05-12,3,16.81,5.603333333333333,7.09,1
31.0,73.75,2024-05-13,24,73.82,3.075833333333333,6.7,1
31.0,73.75,2024-05-14,14,66.86,4.775714285714286,14.43,1
31.0,73.75,2024-05-15,15,91.09,6.072666666666667,11.82,1
31.0,73.75,2024-05-16,2,11.48,5.74,5.74,1
31.0,73.75,2024-05-17,17,83.0,4.882352941176471,8.78,1
31.0,73.75,2024-05-18,24,132.24,5.510000000000001,11.7,1
31.0,73.75,2024-05-19,2,11.76,5.88,8.28,1
31.0,73.75,2024-05-20,11,135.97,12.360909090909091,17.88,1
31.0,73.75,2024-05-21,4,54.47,13.6175,15.81,1
31.0,73.75,2024-05-22,8,68.27,8.53375,12.05,1
31.0,73.75,2024-05-23,8,32.84,4.105,7.24,1
31.0,73.75,2024-05-24,1,7.14,7.14,7.14,1
31.0,73.75,2024-05-25,4,29.89,7.4725,10.81,1
31.0,73.75,2024-05-29,3,13.469999999999999,4.489999999999999,5.31,1
31.0,73.75,2024-06-05,2,6.11,3.055,3.93,1
31.0,73.75,2024-06-07,2,11.3,5.65,5.65,1
31.0,73.75,2024-06-09,4,10.49,2.6225,4.25,1
31.0,73.75,2024-06-10,9,62.07,6.8966666666666665,18.16,1
31.0,73.75,2024-06-11,3,20.779999999999998,6.926666666666666,9.28,1
31.0,73.75,2024-06-12,4,30.509999999999998,7.6274999999999995,13.62,1
31.0,73.75,2024-06-13,12,95.41,7.950833333333333,27.56,1
31.0,73.75,2024-06-14,6,18.490000000000002,3.081666666666667,6.19,1
31.0,73.75,2024-06-15,15,69.57,4.638,10.47,1
31.0,73.75,2024-06-16,13,143.49,11.037692307692309,61.25,1
31.0,73.75,2024-06-18,11,37.44,3.4036363636363633,7.17,1
31.0,73.75,2024-06-19,16,61.47,3.841875,6.71,1
31.0,73.75,2024-06-21,1,2.87,2.87,2.87,1
31.0,73.75,2024-06-23,9,33.03,3.67,13.7,1
31.0,73.75,2024-06-24,18,54.02,3.0011111111111113,7.64,1
31.0,73.75,2024-06-25,6,9.65,1.6083333333333334,3.93,1
31.0,73.75,2024-06-26,16,100.19,6.261875,14.17,1
31.0,73.75,2024-06-27,3,10.56,3.52,5.48,1
31.0,73.75,2024-06-28,2,15.88,7.94,14.83,1
31.0,73.75,2024-06-29,18,81.03,4.501666666666667,9.76,1
31.0,73.75,2024-06-30,9,44.55,4.949999999999999,8.19,1
31.0,73.75,2024-07-01,8,20.8,2.6,5.46,1
31.0,73.75,2024-07-02,28,146.27,5.223928571428572,25.37,1
31.0,73.75,2024-07-09,5,13.459999999999999,2.6919999999999997,3.71,1
31.0,73.75,2024-07-17,3,10.34,3.4466666666666668,4.97,1
31.0,73.75,2024-07-18,2,5.2,2.6,3.6,1
31.0,73.75,2024-07-23,1,1.98,1.98,1.98,1
31.0,73.75,2024-08-26,3,10.26,3.42,5.97,1
31.0,73.75,2024-09-04,1,2.91,2.91,2.91,1
31.0,73.75,2024-09-08,3,11.11,3.703333333333333,5.8,1
31.0,73.75,2024-09-09,9,54.76,6.084444444444444,13.18,1
31.0,73.75,2024-09-10,2,38.84,19.42,19.42,1
31.0,73.75,2024-09-11,3,20.6,6.866666666666667,12.05,1
31.0,73.75,2024-09-12,5,19.08,3.816,6.72,1
31.0,73.75,2024-09-13,4,21.44,5.36,8.05,1
31.0,73.75,2024-09-14,5,27.65,5.529999999999999,12.0,1
31.0,73.75,2024-09-15,17,63.730000000000004,3.748823529411765,14.05,1
31.0,73.75,2024-09-16,6,36.19,6.031666666666666,8.86,1
31.0,73.75,2024-09-17,3,10.82,3.606666666666667,6.45,1
31.0,73.75,2024-09-18,6,26.740000000000002,4.456666666666667,8.67,1
31.0,73.75,2024-09-20,10,28.97,2.897,4.95,1
31.0,73.75,2024-09-21,4,38.64,9.66,21.65,1
31.0,73.75,2024-09-22,8,52.54,6.5675,12.09,1
31.0,73.75,2024-09-23,4,24.009999999999998,6.0024999999999995,7.78,1
31.0,73.75,2024-09-24,5,33.75,6.75,11.18,1
31.0,73.75,2024-09-25,28,227.59,8.128214285714286,30.76,1
31.0,73.75,2024-10-01,2,8.56,4.28,6.41,1
31.0,73.75,2024-10-02,2,8.56,4.28,5.78,1
31.0,73.75,2024-10-03,3,26.509999999999998,8.836666666666666,11.67,1
31.0,73.75,2024-10-04,2,5.68,2.84,3.11,1
31.0,73.75,2024-10-05,12,36.22,3.018333333333333,4.14,1
31.0,73.75,2024-10-06,28,123.18,4.399285714285715,8.92,1
31.0,73.75,2024-10-07,14,62.25,4.446428571428571,7.58,1
31.0,73.75,2024-10-08,10,75.64,7.564,21.05,1
31.0,73.75,2024-10-09,14,71.44,5.102857142857142,8.18,1
31.0,73.75,2024-10-10,20,109.84,5.492,14.68,1
31.0,73.75,2024-10-11,41,185.59,4.526585365853658,19.13,1
31.0,73.75,2024-10-12,41,174.52,4.256585365853659,28.81,1
31.0,73.75,2024-10-13,24,103.1,4.295833333333333,12.98,1
31.0,73.75,2024-10-14,29,150.57,5.192068965517241,14.33,1
31.0,73.75,2024-10-15,19,78.07,4.1089473684210525,7.39,1
31.0,73.75,2024-10-16,47,271.71,5.781063829787233,17.26,1
31.0,73.75,2024-10-17,48,194.55,4.0531250000000005,14.53,1
31.0,73.75,2024-10-18,38,190.47,5.012368421052631,18.94,1
31.0,73.75,2024-10-19,15,75.96000000000001,5.064000000000001,12.12,1
31.0,73.75,2024-10-20,26,122.6,4.7153846153846155,14.17,1
31.0,73.75,2024-10-21,28,122.78,4.385,16.9,1
31.0,73.75,2024-10-22,46,229.56,4.990434782608696,23.13,1
31.0,73.75,2024-10-23,42,178.31,4.24547619047619,16.29,1
31.0,73.75,2024-10-24,19,109.71000000000001,5.77421052631579,13.65,1
31.0,73.75,2024-10-25,18,73.96,4.108888888888888,14.02,1
31.0,73.75,2024-10-26,11,58.26,5.296363636363636,8.87,1
31.0,73.75,2024-10-27,25,146.32999999999998,5.853199999999999,22.81,1
31.0,73.75,2024-10-28,17,65.89,3.8758823529411766,8.01,1
31.0,73.75,2024-10-29,15,63.269999999999996,4.218,9.24,1
31.0,73.75,2024-10-30,3,7.1,2.3666666666666667,3.31,1
31.0,73.75,2024-10-31,16,84.29,5.268125,12.03,1
31.0,73.75,2024-11-01,13,52.23,4.0176923076923075,6.51,1
31.0,73.75,2024-11-02,21,62.15,2.9595238095238097,10.58,1
31.0,73.75,2024-11-06,1,0.68,0.68,0.68,1
31.0,73.75,2024-11-07,13,49.93,3.8407692307692307,8.16,1
31.0,73.75,2024-11-08,4,15.580000000000002,3.8950000000000005,5.04,1
31.0,73.75,2024-11-09,1,1.73,1.73,1.73,1
31.0,73.75,2024-11-13,1,3.47,3.47,3.47,1
31.0,73.75,2024-11-17,68,417.42,6.138529411764706,15.91,1
31.0,73.75,2024-11-18,15,76.19,5.0793333333333335,9.8,1
31.0,73.75,2024-11-19,2,7.369999999999999,3.6849999999999996,4.26,1
31.0,73.75,2024-11-20,9,37.269999999999996,4.141111111111111,8.34,1
31.0,73.75,2024-11-22,4,28.32,7.08,9.61,1
31.0,73.75,2024-11-23,4,17.27,4.3175,6.27,1
31.0,73.75,2024-11-24,1,2.55,2.55,2.55,1
31.0,73.75,2024-11-25,1,3.31,3.31,3.31,1
31.0,73.75,2024-11-26,1,8.39,8.39,8.39,1
31.0,73.75,2024-11-27,12,83.64999999999999,6.970833333333332,16.22,1
31.0,73.75,2024-11-28,4,9.79,2.4475,3.22,1
31.0,73.75,2024-11-29,2,4.9399999999999995,2.4699999999999998,2.54,1
31.0,73.75,2024-11-30,5,37.51,7.502,15.68,1
31.0,73.75,2024-12-04,1,5.27,5.27,5.27,1
31.0,73.75,2024-12-05,4,14.469999999999999,3.6174999999999997,4.8,1
31.0,73.75,2024-12-07,10,44.12,4.412,6.32,1
31.0,73.75,2024-12-09,4,9.03,2.2575,3.2,1
31.0,73.75,2024-12-11,2,21.02,10.51,17.89,1
31.0,73.75,2024-12-13,2,16.54,8.27,11.21,1
31.0,73.75,2024-12-14,2,4.88,2.44,3.09,1
31.0,73.75,2024-12-15,3,5.26,1.7533333333333332,1.83,1
31.0,73.75,2024-12-17,2,3.51,1.755,1.81,1
31.0,73.75,2024-12-19,1,3.77,3.77,3.77,1
31.0,73.75,2024-12-20,5,15.58,3.116,5.01,1
31.0,73.75,2024-12-21,2,14.16,7.08,9.11,1
31.0,73.75,2024-12-24,2,9.08,4.54,5.63,1
31.0,73.75,2024-12-25,5,11.07,2.214,2.78,1
31.0,73.75,2024-12-26,2,8.530000000000001,4.265000000000001,5.58,1
31.0,73.75,2025-01-07,3,15.65,5.216666666666667,8.39,1
31.0,73.75,2025-01-13,1,3.08,3.08,3.08,1
31.0,73.75,2025-01-15,7,18.28,2.6114285714285717,3.41,1
31.0,73.75,2025-01-16,1,6.36,6.36,6.36,1
31.0,73.75,2025-01-20,4,7.81,1.9525,2.94,1
31.0,73.75,2025-01-21,3,6.2,2.066666666666667,2.6,1
31.0,73.75,2025-01-22,2,9.879999999999999,4.9399999999999995,5.08,1
31.0,73.75,2025-01-24,4,15.32,3.83,7.34,1
31.0,73.75,2025-01-26,1,9.2,9.2,9.2,1
31.0,73.75,2025-01-27,1,2.81,2.81,2.81,1
31.0,73.75,2025-01-28,1,2.38,2.38,2.38,1
31.0,73.75,2025-01-30,1,3.47,3.47,3.47,1
31.0,73.75,2025-01-31,1,4.64,4.64,4.64,1
31.0,73.75,2025-02-01,3,8.469999999999999,2.823333333333333,3.65,1
31.0,73.75,2025-02-02,3,11.75,3.9166666666666665,4.97,1
31.0,73.75,2025-02-03,3,10.57,3.5233333333333334,6.45,1
31.0,73.75,2025-02-04,3,8.82,2.94,3.92,1
31.0,73.75,2025-02-06,4,11.24,2.81,6.19,1
31.0,73.75,2025-02-07,1,3.79,3.79,3.79,1
31.0,73.75,2025-02-08,2,14.959999999999999,7.4799999999999995,8.19,1
31.0,73.75,2025-02-09,2,8.03,4.015,4.97,1
31.0,73.75,2025-02-10,6,95.29,15.881666666666668,71.95,1
31.0,73.75,2025-02-11,1,4.3,4.3,4.3,1
31.0,73.75,2025-02-12,3,10.46,3.486666666666667,5.54,1
31.0,73.75,2025-02-13,1,1.54,1.54,1.54,1
31.0,73.75,2025-02-14,3,11.82,3.94,6.23,1
31.0,73.75,2025-02-15,1,3.24,3.24,3.24,1
31.0,73.75,2025-02-16,1,9.42,9.42,9.42,1
31.0,73.75,2025-02-17,3,24.52,8.173333333333334,10.41,1
31.0,73.75,2025-02-18,4,15.18,3.795,7.79,1
31.0,73.75,2025-02-21,1,2.35,2.35,2.35,1
31.0,73.75,2025-02-22,2,4.33,2.165,2.3,1
31.0,73.75,2025-03-02,2,4.859999999999999,2.4299999999999997,2.86,1
31.0,73.75,2025-03-04,7,20.18,2.882857142857143,3.87,1
31.0,73.75,2025-03-05,4,15.17,3.7925,5.39,1
31.0,73.75,2025-03-06,1,2.87,2.87,2.87,1
31.0,73.75,2025-03-07,1,1.88,1.88,1.88,1
31.0,73.75,2025-03-08,1,4.43,4.43,4.43,1
31.0,73.75,2025-03-09,2,7.27,3.635,4.22,1
31.0,73.75,2025-03-10,2,4.359999999999999,2.1799999999999997,2.59,1
31.0,73.75,2025-03-11,1,5.36,5.36,5.36,1
31.0,73.75,2025-03-13,2,15.27,7.635,8.07,1
31.0,73.75,2025-03-15,2,7.73,3.865,4.51,1
31.0,73.75,2025-03-23,1,4.81,4.81,4.81,1
31.0,73.75,2025-03-24,3,13.51,4.503333333333333,7.0,1
31.0,73.75,2025-03-25,1,6.71,6.71,6.71,1
31.0,73.75,2025-03-28,3,20.06,6.6866666666666665,14.94,1
31.0,73.75,2025-03-30,1,5.41,5.41,5.41,1
31.0,73.75,2025-03-31,2,7.17,3.585,3.89,1
31.0,73.75,2025-04-01,2,14.200000000000001,7.1000000000000005,11.81,1
31.0,73.75,2025-04-06,2,11.2,5.6,6.83,1
31.0,73.75,2025-04-15,1,3.54,3.54,3.54,1
31.0,73.75,2025-04-23,1,3.72,3.72,3.72,1
31.0,73.75,2025-04-24,3,9.55,3.1833333333333336,4.17,1
31.0,73.75,2025-04-25,1,16.82,16.82,16.82,1
31.0,73.75,2025-04-26,1,3.56,3.56,3.56,1
31.0,73.75,2025-04-28,1,14.97,14.97,14.97,1
31.0,73.75,2025-04-29,6,26.43,4.405,6.62,1
31.0,73.75,2025-05-01,4,12.24,3.06,4.33,1
31.0,73.75,2025-05-02,2,5.4799999999999995,2.7399999999999998,4.55,1
31.0,73.75,2025-05-05,6,27.089999999999996,4.515,12.35,1
31.0,73.75,2025-05-06,7,31.35,4.478571428571429,7.21,1
31.0,73.75,2025-05-07,18,64.66,3.592222222222222,8.39,1
31.0,73.75,2025-05-09,3,17.75,5.916666666666667,7.73,1
31.0,73.75,2025-05-10,9,25.990000000000002,2.887777777777778,4.34,1
31.0,73.75,2025-05-11,10,43.7,4.37,7.9,1
31.0,73.75,2025-05-12,20,88.23,4.4115,8.89,1
31.0,73.75,2025-05-13,9,46.17,5.13,8.92,1
31.0,73.75,2025-05-14,10,57.28,5.728,16.32,1
31.0,73.75,2025-05-15,19,94.17999999999999,4.956842105263157,7.89,1
31.0,73.75,2025-05-16,19,62.97,3.3142105263157893,5.04,1
31.0,73.75,2025-05-17,24,183.15,7.6312500000000005,16.44,1
31.0,73.75,2025-05-18,4,35.08,8.77,15.1,1
31.0,73.75,2025-05-20,10,61.44,6.144,11.95,1
31.0,73.75,2025-05-21,15,82.91,5.527333333333333,9.02,1
31.0,73.75,2025-05-22,11,69.78,6.343636363636364,9.17,1
31.0,73.75,2025-05-23,9,55.03,6.114444444444445,8.57,1
31.0,73.75,2025-05-25,11,41.9,3.809090909090909,11.61,1
31.0,73.75,2025-05-26,9,39.04,4.337777777777777,8.54,1
31.0,73.75,2025-05-27,3,10.44,3.48,4.51,1
31.0,73.75,2025-05-28,11,74.5,6.7727272727272725,11.5,1
31.0,73.75,2025-05-31,2,4.4,2.2,2.3,1
31.0,73.75,2025-06-01,11,110.14,10.012727272727274,23.22,1
31.0,73.75,2025-06-02,12,57.83,4.819166666666667,9.59,1
31.0,73.75,2025-06-03,9,32.36,3.5955555555555554,5.23,1
31.0,73.75,2025-06-04,1,3.93,3.93,3.93,1
31.0,73.75,2025-06-05,4,17.59,4.3975,5.6,1
31.0,73.75,2025-06-06,8,29.19,3.64875,7.49,1
31.0,73.75,2025-06-07,2,6.26,3.13,5.24,1
31.0,73.75,2025-06-08,11,50.730000000000004,4.611818181818182,9.24,1
31.0,73.75,2025-06-10,11,106.17,9.651818181818182,26.08,1
31.0,73.75,2025-06-11,20,130.0,6.5,36.92,1
31.0,73.75,2025-06-12,33,147.74,4.4769696969696975,18.04,1
31.0,73.75,2025-06-13,14,126.95,9.067857142857143,19.36,1
31.0,73.75,2025-06-18,18,79.54,4.4188888888888895,9.66,1
31.0,73.75,2025-06-19,41,152.59,3.7217073170731707,21.3,1
31.0,73.75,2025-06-20,1,1.58,1.58,1.58,1
31.0,73.75,2025-06-21,30,120.37,4.012333333333333,9.42,1
31.0,73.75,2025-06-23,5,19.450000000000003,3.8900000000000006,5.73,1
31.0,73.75,2025-06-24,6,19.990000000000002,3.331666666666667,4.06,1
31.0,73.75,2025-07-02,1,4.05,4.05,4.05,1
31.0,73.75,2025-07-03,1,2.79,2.79,2.79,1
31.0,73.75,2025-07-04,15,47.75,3.183333333333333,6.81,1
31.0,73.75,2025-07-12,1,5.15,5.15,5.15,1
31.0,73.75,2025-07-28,2,4.359999999999999,2.1799999999999997,3.23,1
31.0,73.75,2025-09-17,1,2.58,2.58,2.58,1
31.0,73.75,2025-09-22,1,2.79,2.79,2.79,1
31.0,73.75,2025-09-24,2,9.35,4.675,5.29,1
31.0,73.75,2025-09-27,3,21.98,7.326666666666667,8.62,1
31.0,73.75,2025-09-28,5,20.79,4.1579999999999995,7.45,1
31.0,73.75,2025-09-29,14,58.68,4.191428571428571,12.33,1
31.0,73.75,2025-09-30,4,16.59,4.1475,4.77,1
31.0,73.75,2025-10-01,7,39.08,5.582857142857143,9.44,1
31.0,73.75,2025-10-02,12,63.48,5.29,15.28,1
31.0,73.75,2025-10-03,9,66.85,7.427777777777777,13.23,1
31.0,73.75,2025-10-04,27,121.61,4.504074074074074,14.21,1
31.0,73.75,2025-10-08,1,4.5,4.5,4.5,1
31.0,73.75,2025-10-09,6,33.37,5.5616666666666665,8.95,1
31.0,73.75,2025-10-10,7,33.59,4.798571428571429,6.74,1
31.0,73.75,2025-10-11,9,37.77,4.196666666666667,6.33,1
31.0,73.75,2025-10-12,22,134.25,6.1022727272727275,15.37,1
31.0,73.75,2025-10-13,19,123.22,6.485263157894737,16.45,1
31.0,73.75,2025-10-14,38,184.78,4.862631578947369,25.01,1
31.0,73.75,2025-10-15,46,208.43,4.531086956521739,16.67,1
31.0,73.75,2025-10-16,20,71.72,3.586,6.65,1
31.0,73.75,2025-10-17,16,72.46,4.52875,9.94,1
31.0,73.75,2025-10-18,33,133.49,4.045151515151516,14.33,1
31.0,73.75,2025-10-19,44,248.19,5.640681818181818,21.64,1
31.0,73.75,2025-10-20,42,157.23,3.7435714285714283,15.8,1
31.0,73.75,2025-10-21,21,115.7,5.5095238095238095,14.44,1
31.0,73.75,2025-10-22,16,92.42999999999999,5.7768749999999995,8.18,1
31.0,73.75,2025-10-23,22,114.02,5.182727272727273,22.34,1
31.0,73.75,2025-10-24,35,140.27,4.007714285714286,8.2,1
31.0,73.75,2025-10-25,43,137.86,3.2060465116279073,9.68,1
31.0,73.75,2025-10-26,25,101.11,4.0443999999999996,7.92,1
31.0,73.75,2025-10-27,6,24.28,4.046666666666667,5.4,1
31.0,73.75,2025-10-28,9,47.78,5.308888888888889,8.47,1
31.0,73.75,2025-10-29,3,13.51,4.503333333333333,5.85,1
31.0,73.75,2025-10-30,11,97.58,8.870909090909091,23.77,1
31.0,73.75,2025-10-31,28,113.35,4.048214285714286,16.9,1
31.0,73.75,2025-11-01,14,54.57,3.8978571428571427,8.6,1
31.0,73.75,2025-11-02,8,44.42,5.5525,12.76,1
31.0,73.75,2025-11-03,2,6.94,3.47,4.57,1
31.0,73.75,2025-11-04,9,57.089999999999996,6.343333333333333,9.19,1
31.0,73.75,2025-11-05,22,101.23,4.6013636363636365,11.22,1
31.0,73.75,2025-11-06,9,38.69,4.2988888888888885,6.97,1
31.0,73.75,2025-11-07,7,56.49,8.07,11.89,1
31.0,73.75,2025-11-08,9,52.54,5.837777777777777,11.2,1
31.0,73.75,2025-11-09,6,31.72,5.286666666666666,8.68,1
31.0,73.75,2025-11-10,8,26.64,3.33,4.51,1
31.0,73.75,2025-11-11,3,16.07,5.3566666666666665,10.43,1
31.0,73.75,2025-11-13,2,6.01,3.005,3.34,1
31.0,73.75,2025-11-14,2,12.1,6.05,8.43,1
31.0,73.75,2025-11-15,1,2.05,2.05,2.05,1
31.0,73.75,2025-11-16,8,28.2,3.525,6.27,1
31.0,73.75,2025-11-17,3,17.72,5.906666666666666,11.05,1
31.0,73.75,2025-11-19,1,6.56,6.56,6.56,1
31.0,73.75,2025-11-20,1,4.55,4.55,4.55,1
31.0,73.75,2025-11-21,1,2.71,2.71,2.71,1
31.0,73.75,2025-11-22,1,3.38,3.38,3.38,1
31.0,73.75,2025-11-25,3,9.54,3.1799999999999997,4.46,1
31.0,73.75,2025-11-26,1,3.32,3.32,3.32,1
31.0,73.75,2025-11-27,3,6.9399999999999995,2.313333333333333,2.54,1
31.0,73.75,2025-12-01,1,2.83,2.83,2.83,1
31.0,73.75,2025-12-02,2,5.92,2.96,4.36,1
31.0,73.75,2025-12-03,1,6.78,6.78,6.78,1
31.0,73.75,2025-12-04,1,5.07,5.07,5.07,1
31.0,73.75,2025-12-05,2,7.1,3.55,3.65,1
31.0,73.75,2025-12-06,1,6.99,6.99,6.99,1
31.0,73.75,2025-12-11,4,17.869999999999997,4.467499999999999,6.35,1
31.0,73.75,2025-12-12,2,10.59,5.295,5.87,1
31.0,73.75,2025-12-17,1,14.7,14.7,14.7,1
31.0,73.75,2025-12-18,1,3.09,3.09,3.09,1
31.0,73.75,2025-12-23,4,10.09,2.5225,3.84,1
31.0,73.75,2025-12-24,2,11.93,5.965,9.09,1
31.0,73.75,2025-12-25,2,14.81,7.405,12.34,1
31.0,73.75,2025-12-28,1,5.5,5.5,5.5,1
31.0,74.375,2023-01-15,3,12.42,4.14,5.78,1
31.0,74.375,2023-01-16,2,3.9099999999999997,1.9549999999999998,2.28,1
31.0,74.375,2023-01-17,2,8.61,4.305,6.77,1
31.0,74.375,2023-01-22,1,8.45,8.45,8.45,1
31.0,74.375,2023-01-26,1,9.58,9.58,9.58,1
31.0,74.375,2023-01-28,1,1.75,1.75,1.75,1
31.0,74.375,2023-01-31,2,6.73,3.365,3.5,1
31.0,74.375,2023-02-01,1,3.35,3.35,3.35,1
31.0,74.375,2023-02-02,4,36.68,9.17,18.55,1
31.0,74.375,2023-02-06,1,3.44,3.44,3.44,1
31.0,74.375,2023-02-07,1,2.55,2.55,2.55,1
31.0,74.375,2023-02-12,2,38.33,19.165,35.36,1
31.0,74.375,2023-02-13,2,12.98,6.49,8.67,1
31.0,74.375,2023-02-17,1,9.54,9.54,9.54,1
31.0,74.375,2023-02-23,1,2.2,2.2,2.2,1
31.0,74.375,2023-02-24,1,2.43,2.43,2.43,1
31.0,74.375,2023-02-27,1,3.82,3.82,3.82,1
31.0,74.375,2023-03-11,1,6.52,6.52,6.52,1
31.0,74.375,2023-03-16,1,3.05,3.05,3.05,1
31.0,74.375,2023-03-30,5,62.87,12.574,26.43,1
31.0,74.375,2023-04-09,2,6.72,3.36,3.63,1
31.0,74.375,2023-04-12,1,1.88,1.88,1.88,1
31.0,74.375,2023-04-21,1,3.63,3.63,3.63,1
31.0,74.375,2023-04-23,2,11.870000000000001,5.9350000000000005,8.31,1
31.0,74.375,2023-04-25,2,8.88,4.44,4.65,1
31.0,74.375,2023-04-28,1,9.62,9.62,9.62,1
31.0,74.375,2023-04-29,3,14.379999999999999,4.793333333333333,6.64,1
31.0,74.375,2023-05-01,2,22.65,11.325,12.98,1
31.0,74.375,2023-05-03,2,4.84,2.42,2.93,1
31.0,74.375,2023-05-04,25,87.77,3.5107999999999997,12.24,1
31.0,74.375,2023-05-05,9,41.96,4.662222222222223,11.45,1
31.0,74.375,2023-05-06,42,219.71,5.231190476190476,16.58,1
31.0,74.375,2023-05-07,28,167.01,5.964642857142857,12.92,1
31.0,74.375,2023-05-08,24,143.07,5.96125,20.09,1
31.0,74.375,2023-05-09,31,215.12,6.9393548387096775,39.37,1
31.0,74.375,2023-05-10,60,518.32,8.638666666666667,24.97,1
31.0,74.375,2023-05-11,78,680.24,8.72102564102564,21.6,1
31.0,74.375,2023-05-12,68,772.88,11.365882352941176,43.57,1
31.0,74.375,2023-05-13,92,547.59,5.952065217391305,13.72,1
31.0,74.375,2023-05-14,13,118.25,9.096153846153847,23.4,1
31.0,74.375,2023-05-15,24,156.85999999999999,6.535833333333333,13.72,1
31.0,74.375,2023-05-16,54,225.94,4.184074074074074,13.01,1
31.0,74.375,2023-05-17,14,92.19,6.585,11.66,1
31.0,74.375,2023-05-20,18,123.66999999999999,6.870555555555555,11.04,1
31.0,74.375,2023-05-21,19,101.73,5.354210526315789,11.21,1
31.0,74.375,2023-05-22,6,49.519999999999996,8.253333333333332,12.73,1
31.0,74.375,2023-05-23,3,15.41,5.136666666666667,7.27,1
31.0,74.375,2023-05-29,1,3.66,3.66,3.66,1
31.0,74.375,2023-06-05,5,18.85,3.7700000000000005,6.22,1
31.0,74.375,2023-06-06,1,4.58,4.58,4.58,1
31.0,74.375,2023-06-07,6,13.34,2.223333333333333,4.31,1
31.0,74.375,2023-06-08,12,69.62,5.801666666666667,32.71,1
31.0,74.375,2023-06-09,4,7.85,1.9625,2.8,1
31.0,74.375,2023-06-10,4,9.19,2.2975,4.1,1
31.0,74.375,2023-06-11,1,3.02,3.02,3.02,1
31.0,74.375,2023-06-12,9,22.92,2.546666666666667,3.74,1
31.0,74.375,2023-06-13,21,60.53,2.8823809523809523,7.63,1
31.0,74.375,2023-06-14,43,144.76,3.3665116279069767,11.59,1
31.0,74.375,2023-06-16,8,41.41,5.17625,10.54,1
31.0,74.375,2023-06-17,10,43.36,4.336,6.4,1
31.0,74.375,2023-06-18,19,85.23,4.4857894736842105,7.38,1
31.0,74.375,2023-06-19,30,152.69,5.089666666666667,14.93,1
31.0,74.375,2023-06-20,1,5.09,5.09,5.09,1
31.0,74.375,2023-06-21,17,47.55,2.7970588235294116,4.97,1
31.0,74.375,2023-06-22,8,27.59,3.44875,5.37,1
31.0,74.375,2023-06-23,7,19.22,2.7457142857142856,4.94,1
31.0,74.375,2023-06-24,27,134.75,4.9907407407407405,25.97,1
31.0,74.375,2023-06-28,2,13.45,6.725,7.62,1
31.0,74.375,2023-06-30,19,54.32,2.8589473684210525,7.55,1
31.0,74.375,2023-07-02,11,27.29,2.480909090909091,4.35,1
31.0,74.375,2023-07-03,5,21.58,4.316,6.05,1
31.0,74.375,2023-07-04,5,19.419999999999998,3.8839999999999995,5.6,1
31.0,74.375,2023-07-11,6,17.57,2.9283333333333332,4.07,1
31.0,74.375,2023-07-12,5,19.28,3.8560000000000003,7.75,1
31.0,74.375,2023-07-14,1,3.82,3.82,3.82,1
31.0,74.375,2023-07-15,6,17.1,2.85,3.87,1
31.0,74.375,2023-07-21,1,3.15,3.15,3.15,1
31.0,74.375,2023-08-01,2,6.93,3.465,3.7,1
31.0,74.375,2023-08-02,1,2.19,2.19,2.19,1
31.0,74.375,2023-08-08,2,6.470000000000001,3.2350000000000003,3.35,1
31.0,74.375,2023-08-11,1,3.79,3.79,3.79,1
31.0,74.375,2023-08-13,1,3.77,3.77,3.77,1
31.0,74.375,2023-08-17,1,2.22,2.22,2.22,1
31.0,74.375,2023-08-28,1,3.59,3.59,3.59,1
31.0,74.375,2023-09-02,1,1.85,1.85,1.85,1
31.0,74.375,2023-09-06,1,8.84,8.84,8.84,1
31.0,74.375,2023-09-08,2,7.890000000000001,3.9450000000000003,5.04,1
31.0,74.375,2023-09-09,2,12.26,6.13,6.13,1
31.0,74.375,2023-09-13,4,10.91,2.7275,4.36,1
31.0,74.375,2023-09-27,1,3.62,3.62,3.62,1
31.0,74.375,2023-09-29,5,27.240000000000002,5.448,6.5,1
31.0,74.375,2023-09-30,1,1.81,1.81,1.81,1
31.0,74.375,2023-10-01,2,9.48,4.74,6.43,1
31.0,74.375,2023-10-02,6,37.12,6.1866666666666665,10.59,1
31.0,74.375,2023-10-03,9,61.97,6.885555555555555,24.9,1
31.0,74.375,2023-10-04,15,59.72,3.981333333333333,7.25,1
31.0,74.375,2023-10-05,27,108.7,4.025925925925926,11.04,1
31.0,74.375,2023-10-06,17,77.34,4.549411764705883,12.86,1
31.0,74.375,2023-10-07,7,40.02,5.717142857142858,7.49,1
31.0,74.375,2023-10-08,7,61.379999999999995,8.768571428571429,20.38,1
31.0,74.375,2023-10-09,10,49.019999999999996,4.901999999999999,8.04,1
31.0,74.375,2023-10-10,19,65.61,3.453157894736842,6.31,1
31.0,74.375,2023-10-11,20,75.66,3.783,7.27,1
31.0,74.375,2023-10-12,20,145.84,7.292,17.41,1
31.0,74.375,2023-10-13,10,35.81,3.5810000000000004,8.36,1
31.0,74.375,2023-10-14,13,58.69,4.514615384615384,6.79,1
31.0,74.375,2023-10-15,3,8.7,2.9,4.37,1
31.0,74.375,2023-10-18,16,113.73,7.108125,14.78,1
31.0,74.375,2023-10-19,19,80.16,4.218947368421053,10.12,1
31.0,74.375,2023-10-20,31,126.23,4.071935483870968,11.39,1
31.0,74.375,2023-10-21,28,122.39,4.371071428571429,21.54,1
31.0,74.375,2023-10-22,1,5.85,5.85,5.85,1
31.0,74.375,2023-10-23,16,109.16,6.8225,16.38,1
31.0,74.375,2023-10-24,32,277.66,8.676875,20.91,1
31.0,74.375,2023-10-25,33,165.63,5.019090909090909,34.92,1
31.0,74.375,2023-10-26,67,546.7,8.159701492537314,57.53,1
31.0,74.375,2023-10-27,37,429.65,11.61216216216216,63.18,1
31.0,74.375,2023-10-28,42,265.74,6.327142857142857,25.43,1
31.0,74.375,2023-10-29,101,680.23,6.734950495049505,36.48,1
31.0,74.375,2023-10-30,98,837.83,8.549285714285714,74.54,1
31.0,74.375,2023-10-31,113,860.1,7.6115044247787615,44.53,1
31.0,74.375,2023-11-01,92,770.0,8.369565217391305,48.92,1
31.0,74.375,2023-11-03,71,499.8,7.03943661971831,29.75,1
31.0,74.375,2023-11-04,58,546.75,9.426724137931034,45.31,1
31.0,74.375,2023-11-05,149,1188.41,7.975906040268457,52.1,1
31.0,74.375,2023-11-06,46,248.56,5.403478260869565,32.09,1
31.0,74.375,2023-11-07,32,255.57,7.9865625,30.75,1
31.0,74.375,2023-11-08,52,382.2,7.35,20.3,1
31.0,74.375,2023-11-09,30,197.45999999999998,6.581999999999999,17.29,1
31.0,74.375,2023-11-13,16,93.3,5.83125,12.91,1
31.0,74.375,2023-11-14,70,433.39,6.191285714285714,26.59,1
31.0,74.375,2023-11-15,40,395.7,9.8925,46.39,1
31.0,74.375,2023-11-16,25,147.21,5.888400000000001,19.83,1
31.0,74.375,2023-11-17,32,222.53,6.9540625,16.29,1
31.0,74.375,2023-11-18,15,123.16,8.210666666666667,21.99,1
31.0,74.375,2023-11-19,30,174.52,5.817333333333334,10.96,1
31.0,74.375,2023-11-20,24,164.32,6.846666666666667,20.07,1
31.0,74.375,2023-11-21,14,71.27,5.090714285714285,14.35,1
31.0,74.375,2023-11-22,6,53.43,8.905,35.88,1
31.0,74.375,2023-11-23,8,33.129999999999995,4.141249999999999,8.86,1
31.0,74.375,2023-11-24,7,43.4,6.2,13.67,1
31.0,74.375,2023-11-25,2,12.92,6.46,7.1,1
31.0,74.375,2023-11-29,3,11.799999999999999,3.933333333333333,4.93,1
31.0,74.375,2023-11-30,1,1.23,1.23,1.23,1
31.0,74.375,2023-12-09,2,6.33,3.165,3.4,1
31.0,74.375,2023-12-10,1,14.55,14.55,14.55,1
31.0,74.375,2023-12-16,1,1.44,1.44,1.44,1
31.0,74.375,2023-12-17,1,2.96,2.96,2.96,1
31.0,74.375,2023-12-18,1,0.81,0.81,0.81,1
31.0,74.375,2023-12-19,1,2.14,2.14,2.14,1
31.0,74.375,2023-12-23,1,1.92,1.92,1.92,1
31.0,74.375,2024-01-29,1,2.0,2.0,2.0,1
31.0,74.375,2024-02-07,1,5.5,5.5,5.5,1
31.0,74.375,2024-02-09,1,1.0,1.0,1.0,1
31.0,74.375,2024-02-14,1,3.74,3.74,3.74,1
31.0,74.375,2024-02-20,1,3.86,3.86,3.86,1
31.0,74.375,2024-02-24,1,3.56,3.56,3.56,1
31.0,74.375,2024-02-26,1,1.61,1.61,1.61,1
31.0,74.375,2024-03-07,1,2.18,2.18,2.18,1
31.0,74.375,2024-03-08,1,1.87,1.87,1.87,1
31.0,74.375,2024-03-09,2,7.04,3.52,4.21,1
31.0,74.375,2024-03-16,1,4.3,4.3,4.3,1
31.0,74.375,2024-03-18,3,9.96,3.3200000000000003,3.75,1
31.0,74.375,2024-03-21,1,1.55,1.55,1.55,1
31.0,74.375,2024-04-04,2,6.13,3.065,3.55,1
31.0,74.375,2024-04-07,1,7.02,7.02,7.02,1
31.0,74.375,2024-04-18,1,3.12,3.12,3.12,1
31.0,74.375,2024-04-23,1,3.4,3.4,3.4,1
31.0,74.375,2024-04-24,3,14.309999999999999,4.77,5.09,1
31.0,74.375,2024-04-25,1,3.41,3.41,3.41,1
31.0,74.375,2024-04-27,1,5.58,5.58,5.58,1
31.0,74.375,2024-04-28,2,7.52,3.76,3.77,1
31.0,74.375,2024-04-29,1,6.29,6.29,6.29,1
31.0,74.375,2024-04-30,1,10.39,10.39,10.39,1
31.0,74.375,2024-05-01,5,24.22,4.843999999999999,8.58,1
31.0,74.375,2024-05-02,9,34.74,3.8600000000000003,5.22,1
31.0,74.375,2024-05-04,2,24.16,12.08,13.68,1
31.0,74.375,2024-05-05,6,52.81,8.801666666666668,16.86,1
31.0,74.375,2024-05-06,12,125.98,10.498333333333333,21.3,1
31.0,74.375,2024-05-07,93,766.17,8.238387096774193,27.14,1
31.0,74.375,2024-05-08,107,1121.15,10.47803738317757,42.4,1
31.0,74.375,2024-05-09,61,535.83,8.784098360655738,33.42,1
31.0,74.375,2024-05-10,61,363.63,5.961147540983607,18.83,1
31.0,74.375,2024-05-11,8,43.31,5.41375,11.24,1
31.0,74.375,2024-05-12,10,51.54,5.154,8.65,1
31.0,74.375,2024-05-13,128,818.58,6.39515625,22.23,1
31.0,74.375,2024-05-14,60,735.78,12.263,32.81,1
31.0,74.375,2024-05-15,52,719.3100000000001,13.832884615384616,51.57,1
31.0,74.375,2024-05-16,32,407.52,12.735,47.68,1
31.0,74.375,2024-05-17,22,209.43,9.519545454545455,23.48,1
31.0,74.375,2024-05-18,42,311.83,7.4245238095238095,19.64,1
31.0,74.375,2024-05-19,6,62.16,10.36,15.45,1
31.0,74.375,2024-05-20,4,80.01,20.0025,33.6,1
31.0,74.375,2024-05-21,4,72.11,18.0275,36.87,1
31.0,74.375,2024-05-22,4,45.209999999999994,11.302499999999998,12.87,1
31.0,74.375,2024-05-23,10,40.96,4.096,6.93,1
31.0,74.375,2024-05-24,4,17.939999999999998,4.484999999999999,7.22,1
31.0,74.375,2024-05-25,5,45.34,9.068000000000001,13.88,1
31.0,74.375,2024-05-26,2,25.919999999999998,12.959999999999999,23.99,1
31.0,74.375,2024-05-29,2,6.1000000000000005,3.0500000000000003,5.48,1
31.0,74.375,2024-06-04,3,9.46,3.1533333333333338,4.83,1
31.0,74.375,2024-06-05,2,5.43,2.715,4.56,1
31.0,74.375,2024-06-07,5,27.16,5.432,17.19,1
31.0,74.375,2024-06-09,18,74.06,4.114444444444445,9.43,1
31.0,74.375,2024-06-10,12,41.89,3.4908333333333332,9.2,1
31.0,74.375,2024-06-11,1,9.96,9.96,9.96,1
31.0,74.375,2024-06-12,4,18.15,4.5375,7.45,1
31.0,74.375,2024-06-13,8,26.5,3.3125,6.58,1
31.0,74.375,2024-06-14,13,58.68,4.513846153846154,14.19,1
31.0,74.375,2024-06-15,19,66.23,3.4857894736842105,6.62,1
31.0,74.375,2024-06-16,32,192.89000000000001,6.0278125000000005,45.27,1
31.0,74.375,2024-06-18,17,85.19,5.011176470588235,9.45,1
31.0,74.375,2024-06-19,7,18.06,2.5799999999999996,3.69,1
31.0,74.375,2024-06-20,1,6.86,6.86,6.86,1
31.0,74.375,2024-06-23,5,17.64,3.528,7.13,1
31.0,74.375,2024-06-24,14,45.32,3.237142857142857,8.32,1
31.0,74.375,2024-06-25,14,49.25,3.517857142857143,8.13,1
31.0,74.375,2024-06-26,13,88.9,6.838461538461539,23.81,1
31.0,74.375,2024-06-28,11,41.45,3.7681818181818185,6.0,1
31.0,74.375,2024-06-29,13,58.230000000000004,4.479230769230769,11.35,1
31.0,74.375,2024-06-30,3,11.18,3.7266666666666666,5.04,1
31.0,74.375,2024-07-01,2,9.18,4.59,4.59,1
31.0,74.375,2024-07-02,14,55.949999999999996,3.996428571428571,8.36,1
31.0,74.375,2024-07-05,1,3.66,3.66,3.66,1
31.0,74.375,2024-07-08,2,4.57,2.285,2.87,1
31.0,74.375,2024-07-09,3,9.78,3.26,3.96,1
31.0,74.375,2024-07-17,3,10.059999999999999,3.353333333333333,6.47,1
31.0,74.375,2024-07-18,1,2.33,2.33,2.33,1
31.0,74.375,2024-07-21,3,25.08,8.36,14.42,1
31.0,74.375,2024-08-26,1,12.06,12.06,12.06,1
31.0,74.375,2024-09-08,3,53.52,17.84,31.62,1
31.0,74.375,2024-09-09,5,20.12,4.024,5.18,1
31.0,74.375,2024-09-10,11,76.38,6.943636363636363,25.56,1
31.0,74.375,2024-09-11,4,23.82,5.955,10.6,1
31.0,74.375,2024-09-12,4,14.47,3.6175,4.95,1
31.0,74.375,2024-09-13,4,27.310000000000002,6.827500000000001,9.92,1
31.0,74.375,2024-09-14,6,53.120000000000005,8.853333333333333,13.44,1
31.0,74.375,2024-09-15,16,59.32,3.7075,11.94,1
31.0,74.375,2024-09-16,3,8.17,2.723333333333333,3.1,1
31.0,74.375,2024-09-17,6,41.22,6.87,12.32,1
31.0,74.375,2024-09-18,1,5.76,5.76,5.76,1
31.0,74.375,2024-09-19,2,7.5,3.75,7.03,1
31.0,74.375,2024-09-20,10,47.96,4.796,12.25,1
31.0,74.375,2024-09-21,18,106.26,5.903333333333333,16.93,1
31.0,74.375,2024-09-22,4,20.14,5.035,12.21,1
31.0,74.375,2024-09-23,3,13.0,4.333333333333333,6.72,1
31.0,74.375,2024-09-24,7,48.400000000000006,6.9142857142857155,10.07,1
31.0,74.375,2024-09-25,7,51.83,7.404285714285714,23.67,1
31.0,74.375,2024-09-30,9,37.68,4.1866666666666665,7.84,1
31.0,74.375,2024-10-01,19,86.06,4.529473684210527,13.09,1
31.0,74.375,2024-10-02,15,73.77,4.918,11.42,1
31.0,74.375,2024-10-03,6,46.87,7.8116666666666665,17.63,1
31.0,74.375,2024-10-04,7,30.11,4.301428571428572,6.48,1
31.0,74.375,2024-10-05,10,52.26,5.226,14.49,1
31.0,74.375,2024-10-06,5,18.48,3.696,8.56,1
31.0,74.375,2024-10-07,26,117.84,4.532307692307692,10.59,1
31.0,74.375,2024-10-08,4,29.14,7.285,15.69,1
31.0,74.375,2024-10-09,15,70.45,4.696666666666667,10.38,1
31.0,74.375,2024-10-10,10,53.65,5.365,14.67,1
31.0,74.375,2024-10-11,30,188.21,6.273666666666667,30.47,1
31.0,74.375,2024-10-12,37,181.23,4.898108108108108,24.01,1
31.0,74.375,2024-10-13,21,97.15,4.626190476190477,10.12,1
31.0,74.375,2024-10-14,25,167.06,6.6824,19.7,1
31.0,74.375,2024-10-15,28,90.59,3.235357142857143,7.66,1
31.0,74.375,2024-10-16,25,126.9,5.0760000000000005,15.27,1
31.0,74.375,2024-10-17,22,93.19,4.23590909090909,16.94,1
31.0,74.375,2024-10-18,22,106.13,4.824090909090909,14.73,1
31.0,74.375,2024-10-19,2,9.75,4.875,6.79,1
31.0,74.375,2024-10-20,14,108.77,7.769285714285714,24.61,1
31.0,74.375,2024-10-21,15,72.18,4.812,8.1,1
31.0,74.375,2024-10-22,22,98.15,4.461363636363637,8.31,1
31.0,74.375,2024-10-23,15,63.16,4.210666666666667,8.2,1
31.0,74.375,2024-10-24,10,59.79,5.979,13.11,1
31.0,74.375,2024-10-25,18,130.56,7.253333333333334,18.18,1
31.0,74.375,2024-10-26,8,57.79,7.22375,16.27,1
31.0,74.375,2024-10-27,26,155.63,5.985769230769231,23.98,1
31.0,74.375,2024-10-28,17,116.27,6.839411764705882,42.08,1
31.0,74.375,2024-10-29,20,158.12,7.906000000000001,34.11,1
31.0,74.375,2024-10-30,11,47.25,4.295454545454546,7.74,1
31.0,74.375,2024-10-31,36,201.66,5.601666666666667,15.19,1
31.0,74.375,2024-11-01,34,266.14,7.827647058823529,39.58,1
31.0,74.375,2024-11-02,57,355.77,6.241578947368421,49.33,1
31.0,74.375,2024-11-07,29,125.01,4.310689655172414,14.33,1
31.0,74.375,2024-11-08,30,104.06,3.4686666666666666,8.9,1
31.0,74.375,2024-11-09,8,46.05,5.75625,16.6,1
31.0,74.375,2024-11-10,5,18.14,3.628,4.55,1
31.0,74.375,2024-11-11,27,191.07,7.076666666666666,19.06,1
31.0,74.375,2024-11-13,18,51.21,2.845,7.15,1
31.0,74.375,2024-11-14,1,8.71,8.71,8.71,1
31.0,74.375,2024-11-16,8,22.97,2.87125,5.69,1
31.0,74.375,2024-11-17,24,139.85,5.827083333333333,14.26,1
31.0,74.375,2024-11-18,39,171.76,4.404102564102564,11.4,1
31.0,74.375,2024-11-19,9,42.87,4.763333333333333,12.32,1
31.0,74.375,2024-11-20,9,83.12,9.235555555555557,14.26,1
31.0,74.375,2024-11-21,17,85.47,5.027647058823529,10.75,1
31.0,74.375,2024-11-22,7,30.7,4.385714285714285,8.58,1
31.0,74.375,2024-11-23,3,26.11,8.703333333333333,15.03,1
31.0,74.375,2024-11-24,3,10.52,3.5066666666666664,5.5,1
31.0,74.375,2024-11-25,4,45.35,11.3375,24.78,1
31.0,74.375,2024-11-26,5,47.47,9.494,16.49,1
31.0,74.375,2024-11-27,4,32.9,8.225,11.94,1
31.0,74.375,2024-11-28,1,6.56,6.56,6.56,1
31.0,74.375,2024-11-29,1,8.13,8.13,8.13,1
31.0,74.375,2024-11-30,1,3.93,3.93,3.93,1
31.0,74.375,2024-12-04,1,2.94,2.94,2.94,1
31.0,74.375,2024-12-05,1,2.4,2.4,2.4,1
31.0,74.375,2024-12-07,2,5.720000000000001,2.8600000000000003,3.12,1
31.0,74.375,2024-12-10,1,2.72,2.72,2.72,1
31.0,74.375,2024-12-11,2,6.359999999999999,3.1799999999999997,3.82,1
31.0,74.375,2024-12-15,1,3.65,3.65,3.65,1
31.0,74.375,2024-12-19,1,7.15,7.15,7.15,1
31.0,74.375,2024-12-21,2,4.52,2.26,2.29,1
31.0,74.375,2025-01-08,3,10.17,3.39,3.83,1
31.0,74.375,2025-01-09,2,10.58,5.29,5.29,1
31.0,74.375,2025-01-15,3,26.31,8.77,11.85,1
31.0,74.375,2025-01-20,2,4.46,2.23,3.0,1
31.0,74.375,2025-01-21,1,1.26,1.26,1.26,1
31.0,74.375,2025-01-22,1,2.77,2.77,2.77,1
31.0,74.375,2025-01-25,3,36.8,12.266666666666666,14.16,1
31.0,74.375,2025-01-26,4,11.44,2.86,4.65,1
31.0,74.375,2025-01-27,1,1.81,1.81,1.81,1
31.0,74.375,2025-01-28,1,3.76,3.76,3.76,1
31.0,74.375,2025-01-29,3,14.21,4.736666666666667,8.14,1
31.0,74.375,2025-02-04,1,1.1,1.1,1.1,1
31.0,74.375,2025-02-05,1,0.48,0.48,0.48,1
31.0,74.375,2025-02-06,1,3.99,3.99,3.99,1
31.0,74.375,2025-02-07,1,4.08,4.08,4.08,1
31.0,74.375,2025-02-10,3,40.78,13.593333333333334,18.14,1
31.0,74.375,2025-02-16,1,1.86,1.86,1.86,1
31.0,74.375,2025-02-17,3,8.49,2.83,3.81,1
31.0,74.375,2025-02-23,2,4.48,2.24,2.6,1
31.0,74.375,2025-02-24,1,3.93,3.93,3.93,1
31.0,74.375,2025-03-06,4,55.11,13.7775,25.76,1
31.0,74.375,2025-03-24,2,7.87,3.935,4.99,1
31.0,74.375,2025-04-02,4,23.39,5.8475,10.11,1
31.0,74.375,2025-04-06,2,8.86,4.43,4.85,1
31.0,74.375,2025-04-17,1,2.12,2.12,2.12,1
31.0,74.375,2025-04-19,2,26.22,13.11,13.18,1
31.0,74.375,2025-04-20,1,17.47,17.47,17.47,1
31.0,74.375,2025-04-22,1,12.32,12.32,12.32,1
31.0,74.375,2025-04-23,3,14.64,4.88,10.07,1
31.0,74.375,2025-04-24,8,66.61,8.32625,14.48,1
31.0,74.375,2025-04-26,2,0.84,0.42,0.42,1
31.0,74.375,2025-04-27,10,331.19,33.119,74.03,1
31.0,74.375,2025-04-29,4,37.83,9.4575,13.77,1
31.0,74.375,2025-04-30,4,13.79,3.4475,4.36,1
31.0,74.375,2025-05-01,14,110.95,7.925,20.52,1
31.0,74.375,2025-05-02,1,4.83,4.83,4.83,1
31.0,74.375,2025-05-04,14,118.50999999999999,8.465,16.14,1
31.0,74.375,2025-05-05,7,70.61,10.087142857142856,13.83,1
31.0,74.375,2025-05-06,24,174.06,7.2525,25.18,1
31.0,74.375,2025-05-07,7,56.32,8.045714285714286,14.16,1
31.0,74.375,2025-05-08,32,178.24,5.57,29.72,1
31.0,74.375,2025-05-09,6,38.25,6.375,9.77,1
31.0,74.375,2025-05-10,21,125.08,5.956190476190476,12.17,1
31.0,74.375,2025-05-11,61,370.64,6.076065573770491,21.77,1
31.0,74.375,2025-05-12,34,375.28,11.037647058823529,30.0,1
31.0,74.375,2025-05-13,56,386.15999999999997,6.895714285714285,28.62,1
31.0,74.375,2025-05-14,40,399.09,9.97725,30.57,1
31.0,74.375,2025-05-15,43,305.87,7.113255813953488,24.72,1
31.0,74.375,2025-05-16,125,736.77,5.89416,28.56,1
31.0,74.375,2025-05-17,29,313.17,10.79896551724138,27.96,1
31.0,74.375,2025-05-18,18,216.13,12.007222222222222,20.61,1
31.0,74.375,2025-05-19,7,54.29,7.755714285714285,19.63,1
31.0,74.375,2025-05-20,14,123.22,8.801428571428572,14.72,1
31.0,74.375,2025-05-21,26,182.54,7.020769230769231,23.73,1
31.0,74.375,2025-05-22,12,97.99,8.165833333333333,14.54,1
31.0,74.375,2025-05-23,10,86.07,8.607,13.27,1
31.0,74.375,2025-05-25,8,24.29,3.03625,4.21,1
31.0,74.375,2025-05-26,39,330.46000000000004,8.473333333333334,29.07,1
31.0,74.375,2025-05-27,5,38.37,7.6739999999999995,10.28,1
31.0,74.375,2025-05-28,8,110.57,13.82125,36.16,1
31.0,74.375,2025-05-29,2,50.62,25.31,37.37,1
31.0,74.375,2025-06-01,9,36.58,4.064444444444444,10.56,1
31.0,74.375,2025-06-02,16,50.28,3.1425,6.76,1
31.0,74.375,2025-06-03,5,20.78,4.156000000000001,6.36,1
31.0,74.375,2025-06-05,8,22.72,2.84,3.78,1
31.0,74.375,2025-06-06,14,48.9,3.492857142857143,6.48,1
31.0,74.375,2025-06-07,1,4.15,4.15,4.15,1
31.0,74.375,2025-06-08,18,95.41,5.3005555555555555,13.79,1
31.0,74.375,2025-06-10,22,110.19,5.008636363636364,10.93,1
31.0,74.375,2025-06-11,22,72.13,3.2786363636363633,7.01,1
31.0,74.375,2025-06-12,47,242.95,5.169148936170212,14.75,1
31.0,74.375,2025-06-13,16,122.48,7.655,19.15,1
31.0,74.375,2025-06-14,1,4.23,4.23,4.23,1
31.0,74.375,2025-06-18,23,101.99,4.434347826086956,12.34,1
31.0,74.375,2025-06-19,37,125.39,3.388918918918919,11.51,1
31.0,74.375,2025-06-21,15,82.85000000000001,5.523333333333334,25.3,1
31.0,74.375,2025-06-23,2,13.34,6.67,8.92,1
31.0,74.375,2025-06-24,1,3.38,3.38,3.38,1
31.0,74.375,2025-07-03,6,23.88,3.98,5.69,1
31.0,74.375,2025-07-04,13,42.230000000000004,3.2484615384615387,8.82,1
31.0,74.375,2025-07-12,1,6.86,6.86,6.86,1
31.0,74.375,2025-07-20,1,1.65,1.65,1.65,1
31.0,74.375,2025-09-13,1,3.25,3.25,3.25,1
31.0,74.375,2025-09-16,1,4.05,4.05,4.05,1
31.0,74.375,2025-09-20,1,7.81,7.81,7.81,1
31.0,74.375,2025-09-22,4,20.4,5.1,6.3,1
31.0,74.375,2025-09-23,4,19.14,4.785,6.8,1
31.0,74.375,2025-09-24,7,36.91,5.272857142857142,9.33,1
31.0,74.375,2025-09-25,6,21.69,3.615,5.35,1
31.0,74.375,2025-09-26,2,5.4,2.7,4.09,1
31.0,74.375,2025-09-27,6,36.86,6.1433333333333335,10.81,1
31.0,74.375,2025-09-28,7,26.59,3.7985714285714285,4.96,1
31.0,74.375,2025-09-29,16,83.98,5.24875,18.1,1
31.0,74.375,2025-09-30,4,21.56,5.39,11.29,1
31.0,74.375,2025-10-01,3,5.84,1.9466666666666665,2.44,1
31.0,74.375,2025-10-02,11,57.2,5.2,7.79,1
31.0,74.375,2025-10-03,5,32.53,6.506,10.17,1
31.0,74.375,2025-10-04,26,77.77,2.991153846153846,9.61,1
31.0,74.375,2025-10-08,1,2.41,2.41,2.41,1
31.0,74.375,2025-10-09,8,59.47,7.43375,23.91,1
31.0,74.375,2025-10-10,11,89.52000000000001,8.138181818181819,34.7,1
31.0,74.375,2025-10-11,11,48.05,4.368181818181818,6.98,1
31.0,74.375,2025-10-12,8,24.060000000000002,3.0075000000000003,4.44,1
31.0,74.375,2025-10-13,17,89.83,5.284117647058824,7.9,1
31.0,74.375,2025-10-14,34,196.51,5.779705882352941,28.25,1
31.0,74.375,2025-10-15,21,74.59,3.551904761904762,6.42,1
31.0,74.375,2025-10-16,18,93.05,5.169444444444444,10.12,1
31.0,74.375,2025-10-17,18,67.46,3.7477777777777774,8.24,1
31.0,74.375,2025-10-18,20,79.71,3.9854999999999996,14.74,1
31.0,74.375,2025-10-19,25,175.9,7.0360000000000005,23.05,1
31.0,74.375,2025-10-20,27,99.72,3.6933333333333334,10.4,1
31.0,74.375,2025-10-21,12,89.94,7.495,36.31,1
31.0,74.375,2025-10-22,11,61.1,5.554545454545455,11.08,1
31.0,74.375,2025-10-23,11,58.85,5.3500000000000005,10.65,1
31.0,74.375,2025-10-24,11,46.17,4.197272727272727,7.53,1
31.0,74.375,2025-10-25,23,87.0,3.782608695652174,9.93,1
31.0,74.375,2025-10-26,26,154.21,5.931153846153847,32.03,1
31.0,74.375,2025-10-27,2,6.67,3.335,4.6,1
31.0,74.375,2025-10-28,3,9.43,3.143333333333333,3.98,1
31.0,74.375,2025-10-29,11,80.16,7.287272727272727,17.17,1
31.0,74.375,2025-10-30,12,138.82,11.568333333333333,57.45,1
31.0,74.375,2025-10-31,20,65.39,3.2695,6.82,1
31.0,74.375,2025-11-01,8,82.42,10.3025,13.87,1
31.0,74.375,2025-11-02,17,132.05,7.76764705882353,27.64,1
31.0,74.375,2025-11-03,10,34.81,3.4810000000000003,5.94,1
31.0,74.375,2025-11-04,21,139.88,6.660952380952381,36.72,1
31.0,74.375,2025-11-05,2,4.34,2.17,3.25,1
31.0,74.375,2025-11-06,3,12.05,4.016666666666667,6.03,1
31.0,74.375,2025-11-07,9,58.81,6.5344444444444445,10.78,1
31.0,74.375,2025-11-08,16,95.97,5.998125,12.66,1
31.0,74.375,2025-11-09,12,68.04,5.670000000000001,13.06,1
31.0,74.375,2025-11-10,18,73.4,4.077777777777778,23.58,1
31.0,74.375,2025-11-11,6,65.44,10.906666666666666,20.09,1
31.0,74.375,2025-11-13,4,15.65,3.9125,7.34,1
31.0,74.375,2025-11-14,6,22.59,3.765,6.62,1
31.0,74.375,2025-11-15,6,27.66,4.61,8.59,1
31.0,74.375,2025-11-16,8,48.14,6.0175,21.23,1
31.0,74.375,2025-11-19,1,3.96,3.96,3.96,1
31.0,74.375,2025-11-20,1,6.57,6.57,6.57,1
31.0,74.375,2025-11-21,1,2.72,2.72,2.72,1
31.0,74.375,2025-11-25,1,4.03,4.03,4.03,1
31.0,74.375,2025-11-27,1,1.39,1.39,1.39,1
31.0,74.375,2025-11-28,1,3.69,3.69,3.69,1
31.0,74.375,2025-11-30,3,15.71,5.236666666666667,6.69,1
31.0,74.375,2025-12-03,3,18.06,6.02,9.39,1
31.0,74.375,2025-12-04,1,5.65,5.65,5.65,1
31.0,74.375,2025-12-07,1,2.19,2.19,2.19,1
31.0,74.375,2025-12-14,1,3.25,3.25,3.25,1
31.0,74.375,2025-12-19,1,1.08,1.08,1.08,1
31.0,75.0,2023-02-15,3,10.33,3.4433333333333334,3.6,1
31.0,75.0,2023-02-23,1,3.21,3.21,3.21,1
31.0,75.0,2023-03-15,3,30.12,10.040000000000001,12.05,1
31.0,75.0,2023-03-16,1,2.46,2.46,2.46,1
31.0,75.0,2023-04-01,1,0.86,0.86,0.86,1
31.0,75.0,2023-04-05,1,1.82,1.82,1.82,1
31.0,75.0,2023-04-06,1,3.37,3.37,3.37,1
31.0,75.0,2023-04-14,2,17.77,8.885,10.96,1
31.0,75.0,2023-04-19,1,4.47,4.47,4.47,1
31.0,75.0,2023-04-21,1,2.78,2.78,2.78,1
31.0,75.0,2023-04-29,2,7.04,3.52,5.12,1
31.0,75.0,2023-05-03,2,9.6,4.8,6.28,1
31.0,75.0,2023-05-04,20,89.59,4.4795,11.44,1
31.0,75.0,2023-05-05,56,391.39,6.989107142857143,79.24,1
31.0,75.0,2023-05-06,57,263.43,4.6215789473684215,22.0,1
31.0,75.0,2023-05-07,52,227.46,4.37423076923077,10.61,1
31.0,75.0,2023-05-08,123,590.26,4.798861788617886,33.0,1
31.0,75.0,2023-05-09,73,764.74,10.475890410958904,50.92,1
31.0,75.0,2023-05-10,145,1211.86,8.357655172413793,72.43,1
31.0,75.0,2023-05-11,220,1771.97,8.054409090909092,37.9,1
31.0,75.0,2023-05-12,127,1240.67,9.769055118110236,31.48,1
31.0,75.0,2023-05-13,297,2056.57,6.924478114478115,43.16,1
31.0,75.0,2023-05-14,149,1258.57,8.446778523489932,46.44,1
31.0,75.0,2023-05-15,112,750.41,6.700089285714285,24.45,1
31.0,75.0,2023-05-16,106,399.08,3.7649056603773583,14.12,1
31.0,75.0,2023-05-17,80,607.28,7.590999999999999,23.23,1
31.0,75.0,2023-05-18,9,32.76,3.6399999999999997,5.26,1
31.0,75.0,2023-05-19,44,206.23,4.687045454545454,19.77,1
31.0,75.0,2023-05-20,37,417.19,11.275405405405404,45.6,1
31.0,75.0,2023-05-21,38,213.54,5.619473684210526,12.09,1
31.0,75.0,2023-05-22,9,50.04,5.56,8.61,1
31.0,75.0,2023-05-23,1,3.97,3.97,3.97,1
31.0,75.0,2023-06-13,2,5.800000000000001,2.9000000000000004,3.35,1
31.0,75.0,2023-06-14,1,3.26,3.26,3.26,1
31.0,75.0,2023-06-17,2,6.460000000000001,3.2300000000000004,3.72,1
31.0,75.0,2023-06-18,3,21.17,7.0566666666666675,8.63,1
31.0,75.0,2023-06-19,11,78.57,7.142727272727272,31.93,1
31.0,75.0,2023-06-20,5,31.32,6.264,9.96,1
31.0,75.0,2023-06-21,5,26.26,5.252000000000001,9.71,1
31.0,75.0,2023-06-22,2,4.06,2.03,2.03,1
31.0,75.0,2023-06-23,1,3.27,3.27,3.27,1
31.0,75.0,2023-06-24,1,3.41,3.41,3.41,1
31.0,75.0,2023-06-25,2,4.77,2.385,3.12,1
31.0,75.0,2023-06-29,3,9.6,3.1999999999999997,5.05,1
31.0,75.0,2023-06-30,7,34.39,4.912857142857143,10.53,1
31.0,75.0,2023-07-02,6,24.85,4.141666666666667,7.19,1
31.0,75.0,2023-07-03,14,67.08,4.791428571428571,9.5,1
31.0,75.0,2023-07-04,2,29.62,14.81,18.01,1
31.0,75.0,2023-07-12,1,3.81,3.81,3.81,1
31.0,75.0,2023-07-14,1,7.15,7.15,7.15,1
31.0,75.0,2023-07-16,4,14.2,3.55,5.55,1
31.0,75.0,2023-07-18,1,4.26,4.26,4.26,1
31.0,75.0,2023-07-20,1,13.69,13.69,13.69,1
31.0,75.0,2023-09-29,1,3.6,3.6,3.6,1
31.0,75.0,2023-10-01,1,4.08,4.08,4.08,1
31.0,75.0,2023-10-02,5,26.54,5.308,8.0,1
31.0,75.0,2023-10-03,4,18.3,4.575,6.78,1
31.0,75.0,2023-10-04,4,15.72,3.93,7.83,1
31.0,75.0,2023-10-05,4,17.630000000000003,4.407500000000001,5.79,1
31.0,75.0,2023-10-06,1,4.9,4.9,4.9,1
31.0,75.0,2023-10-09,3,16.3,5.433333333333334,6.61,1
31.0,75.0,2023-10-12,5,45.17,9.034,12.95,1
31.0,75.0,2023-10-13,7,21.45,3.064285714285714,5.28,1
31.0,75.0,2023-10-14,8,23.18,2.8975,4.61,1
31.0,75.0,2023-10-18,2,6.83,3.415,3.84,1
31.0,75.0,2023-10-19,8,47.61,5.95125,12.95,1
31.0,75.0,2023-10-20,12,53.99,4.4991666666666665,10.41,1
31.0,75.0,2023-10-21,8,60.94,7.6175,31.71,1
31.0,75.0,2023-10-22,2,7.42,3.71,3.71,1
31.0,75.0,2023-10-23,11,66.49,6.044545454545454,11.12,1
31.0,75.0,2023-10-24,17,144.84,8.52,18.85,1
31.0,75.0,2023-10-25,34,199.67000000000002,5.87264705882353,16.82,1
31.0,75.0,2023-10-26,62,338.18,5.454516129032259,23.11,1
31.0,75.0,2023-10-27,36,348.77,9.688055555555556,45.21,1
31.0,75.0,2023-10-28,12,57.66,4.805,11.6,1
31.0,75.0,2023-10-29,127,705.12,5.552125984251968,20.24,1
31.0,75.0,2023-10-30,107,663.05,6.196728971962616,35.96,1
31.0,75.0,2023-10-31,168,1140.89,6.7910119047619055,75.52,1
31.0,75.0,2023-11-01,148,1202.33,8.123851351351352,51.73,1
31.0,75.0,2023-11-03,181,1179.28,6.5153591160221,21.54,1
31.0,75.0,2023-11-04,184,1343.54,7.301847826086957,45.26,1
31.0,75.0,2023-11-05,352,2495.07,7.088267045454546,49.53,1
31.0,75.0,2023-11-06,166,1151.61,6.937409638554216,44.02,1
31.0,75.0,2023-11-07,142,972.96,6.851830985915493,48.26,1
31.0,75.0,2023-11-08,44,301.32,6.848181818181818,14.69,1
31.0,75.0,2023-11-09,90,809.59,8.995444444444445,37.26,1
31.0,75.0,2023-11-10,1,0.73,0.73,0.73,1
31.0,75.0,2023-11-12,19,112.83,5.938421052631579,12.06,1
31.0,75.0,2023-11-13,82,555.4,6.773170731707316,28.87,1
31.0,75.0,2023-11-14,171,1086.41,6.35327485380117,33.43,1
31.0,75.0,2023-11-15,261,1982.43,7.59551724137931,97.29,1
31.0,75.0,2023-11-16,145,1040.77,7.177724137931034,53.12,1
31.0,75.0,2023-11-17,132,922.41,6.987954545454545,31.01,1
31.0,75.0,2023-11-18,61,503.77,8.258524590163933,29.14,1
31.0,75.0,2023-11-19,127,817.38,6.436062992125985,37.03,1
31.0,75.0,2023-11-20,75,612.82,8.170933333333334,26.8,1
31.0,75.0,2023-11-21,83,534.66,6.441686746987951,32.2,1
31.0,75.0,2023-11-22,52,369.96,7.114615384615385,47.89,1
31.0,75.0,2023-11-23,19,98.44,5.181052631578948,13.48,1
31.0,75.0,2023-11-24,28,313.56,11.198571428571428,36.03,1
31.0,75.0,2023-11-26,2,7.880000000000001,3.9400000000000004,4.7,1
31.0,75.0,2023-11-29,1,2.19,2.19,2.19,1
31.0,75.0,2023-12-01,3,7.9,2.6333333333333333,3.13,1
31.0,75.0,2023-12-02,2,5.36,2.68,2.95,1
31.0,75.0,2023-12-03,4,8.91,2.2275,3.01,1
31.0,75.0,2023-12-04,1,3.44,3.44,3.44,1
31.0,75.0,2023-12-07,3,8.17,2.723333333333333,3.51,1
31.0,75.0,2023-12-09,1,6.12,6.12,6.12,1
31.0,75.0,2024-02-07,3,10.42,3.473333333333333,4.78,1
31.0,75.0,2024-02-09,1,0.45,0.45,0.45,1
31.0,75.0,2024-02-14,1,3.88,3.88,3.88,1
31.0,75.0,2024-03-07,1,7.29,7.29,7.29,1
31.0,75.0,2024-03-23,1,4.12,4.12,4.12,1
31.0,75.0,2024-04-07,1,2.04,2.04,2.04,1
31.0,75.0,2024-04-21,1,1.48,1.48,1.48,1
31.0,75.0,2024-04-22,4,75.92999999999999,18.982499999999998,44.51,1
31.0,75.0,2024-04-26,2,10.329999999999998,5.164999999999999,8.79,1
31.0,75.0,2024-05-01,7,27.21,3.8871428571428575,4.88,1
31.0,75.0,2024-05-02,12,91.76,7.646666666666667,16.99,1
31.0,75.0,2024-05-04,25,283.04,11.3216,34.48,1
31.0,75.0,2024-05-05,13,116.87,8.99,20.42,1
31.0,75.0,2024-05-06,18,272.41999999999996,15.134444444444442,105.38,1
31.0,75.0,2024-05-07,50,409.53,8.1906,22.0,1
31.0,75.0,2024-05-08,56,488.76,8.727857142857143,74.72,1
31.0,75.0,2024-05-09,64,572.71,8.94859375,25.8,1
31.0,75.0,2024-05-10,95,651.66,6.859578947368421,27.43,1
31.0,75.0,2024-05-12,101,549.73,5.442871287128713,12.35,1
31.0,75.0,2024-05-13,286,2043.75,7.145979020979021,34.17,1
31.0,75.0,2024-05-14,147,1798.44,12.234285714285715,43.0,1
31.0,75.0,2024-05-15,131,1617.53,12.347557251908396,90.46,1
31.0,75.0,2024-05-16,124,1189.1,9.589516129032257,44.42,1
31.0,75.0,2024-05-17,84,877.82,10.450238095238095,27.22,1
31.0,75.0,2024-05-18,168,1278.36,7.609285714285714,55.78,1
31.0,75.0,2024-05-19,71,655.53,9.23281690140845,20.67,1
31.0,75.0,2024-05-20,22,422.79,19.217727272727274,65.97,1
31.0,75.0,2024-05-21,47,438.53,9.330425531914893,26.89,1
31.0,75.0,2024-05-22,31,409.55,13.211290322580645,69.65,1
31.0,75.0,2024-05-23,31,169.23,5.459032258064516,22.45,1
31.0,75.0,2024-05-24,15,58.36,3.8906666666666667,7.56,1
31.0,75.0,2024-05-25,25,240.67000000000002,9.626800000000001,20.32,1
31.0,75.0,2024-05-26,12,87.41,7.284166666666667,12.85,1
31.0,75.0,2024-05-27,2,11.86,5.93,5.93,1
31.0,75.0,2024-05-28,3,42.58,14.193333333333333,28.37,1
31.0,75.0,2024-05-29,6,38.95,6.491666666666667,13.72,1
31.0,75.0,2024-06-09,1,6.58,6.58,6.58,1
31.0,75.0,2024-06-10,1,0.59,0.59,0.59,1
31.0,75.0,2024-06-11,1,2.13,2.13,2.13,1
31.0,75.0,2024-06-12,1,9.36,9.36,9.36,1
31.0,75.0,2024-06-13,3,26.91,8.97,9.55,1
31.0,75.0,2024-06-16,4,41.98,10.495,21.29,1
31.0,75.0,2024-06-18,6,31.49,5.248333333333333,9.21,1
31.0,75.0,2024-06-19,8,27.96,3.495,6.14,1
31.0,75.0,2024-06-22,2,6.54,3.27,3.8,1
31.0,75.0,2024-06-23,10,51.0,5.1,12.41,1
31.0,75.0,2024-06-24,22,102.44,4.656363636363636,9.52,1
31.0,75.0,2024-06-25,18,110.05,6.113888888888889,10.89,1
31.0,75.0,2024-06-26,10,90.03,9.003,22.17,1
31.0,75.0,2024-06-28,4,14.87,3.7175,6.63,1
31.0,75.0,2024-06-29,12,63.69,5.3075,9.29,1
31.0,75.0,2024-07-01,2,4.12,2.06,2.06,1
31.0,75.0,2024-07-02,5,17.65,3.53,5.16,1
31.0,75.0,2024-07-08,3,4.109999999999999,1.3699999999999999,1.7,1
31.0,75.0,2024-07-09,4,17.93,4.4825,6.56,1
31.0,75.0,2024-07-18,1,4.89,4.89,4.89,1
31.0,75.0,2024-07-22,1,2.35,2.35,2.35,1
31.0,75.0,2024-08-05,2,8.71,4.355,4.78,1
31.0,75.0,2024-09-11,1,20.72,20.72,20.72,1
31.0,75.0,2024-09-13,1,2.82,2.82,2.82,1
31.0,75.0,2024-09-21,1,3.06,3.06,3.06,1
31.0,75.0,2024-09-24,2,12.58,6.29,8.76,1
31.0,75.0,2024-09-25,1,5.82,5.82,5.82,1
31.0,75.0,2024-09-29,3,10.17,3.39,4.34,1
31.0,75.0,2024-09-30,3,15.36,5.12,8.04,1
31.0,75.0,2024-10-01,5,27.91,5.582,10.0,1
31.0,75.0,2024-10-02,3,10.100000000000001,3.366666666666667,3.99,1
31.0,75.0,2024-10-03,1,7.17,7.17,7.17,1
31.0,75.0,2024-10-05,2,6.05,3.025,4.16,1
31.0,75.0,2024-10-07,1,3.51,3.51,3.51,1
31.0,75.0,2024-10-08,3,28.009999999999998,9.336666666666666,11.72,1
31.0,75.0,2024-10-09,3,10.05,3.35,3.64,1
31.0,75.0,2024-10-10,1,4.93,4.93,4.93,1
31.0,75.0,2024-10-11,1,5.41,5.41,5.41,1
31.0,75.0,2024-10-12,4,12.84,3.21,4.37,1
31.0,75.0,2024-10-14,2,7.890000000000001,3.9450000000000003,4.42,1
31.0,75.0,2024-10-16,4,15.18,3.795,5.84,1
31.0,75.0,2024-10-17,4,22.23,5.5575,12.06,1
31.0,75.0,2024-10-18,7,40.13,5.732857142857143,16.32,1
31.0,75.0,2024-10-19,3,16.08,5.359999999999999,6.81,1
31.0,75.0,2024-10-20,6,25.39,4.2316666666666665,5.24,1
31.0,75.0,2024-10-21,4,19.98,4.995,6.88,1
31.0,75.0,2024-10-22,8,56.86,7.1075,12.6,1
31.0,75.0,2024-10-23,7,31.18,4.454285714285715,9.84,1
31.0,75.0,2024-10-24,7,97.37,13.91,53.27,1
31.0,75.0,2024-10-25,6,30.689999999999998,5.114999999999999,8.33,1
31.0,75.0,2024-10-26,10,64.51,6.4510000000000005,9.85,1
31.0,75.0,2024-10-27,16,99.05,6.190625,19.26,1
31.0,75.0,2024-10-28,21,88.82,4.229523809523809,23.24,1
31.0,75.0,2024-10-29,11,53.13,4.83,11.39,1
31.0,75.0,2024-10-30,6,27.98,4.663333333333333,6.33,1
31.0,75.0,2024-10-31,49,315.38,6.436326530612245,30.01,1
31.0,75.0,2024-11-01,54,449.72,8.328148148148149,39.32,1
31.0,75.0,2024-11-02,65,319.82,4.920307692307692,38.91,1
31.0,75.0,2024-11-06,1,0.99,0.99,0.99,1
31.0,75.0,2024-11-07,56,253.74,4.531071428571429,11.41,1
31.0,75.0,2024-11-08,58,324.16,5.5889655172413795,40.61,1
31.0,75.0,2024-11-09,17,66.0,3.8823529411764706,7.99,1
31.0,75.0,2024-11-10,12,72.23,6.019166666666667,18.93,1
31.0,75.0,2024-11-11,52,390.62,7.511923076923077,18.68,1
31.0,75.0,2024-11-12,1,2.85,2.85,2.85,1
31.0,75.0,2024-11-13,89,332.34,3.7341573033707864,13.12,1
31.0,75.0,2024-11-14,2,11.34,5.67,5.67,1
31.0,75.0,2024-11-16,7,22.05,3.15,4.65,1
31.0,75.0,2024-11-17,93,455.34,4.896129032258064,18.26,1
31.0,75.0,2024-11-18,157,682.42,4.346624203821656,25.8,1
31.0,75.0,2024-11-19,46,215.7,4.689130434782609,16.4,1
31.0,75.0,2024-11-20,9,64.61,7.178888888888888,19.57,1
31.0,75.0,2024-11-21,18,121.24,6.735555555555555,28.41,1
31.0,75.0,2024-11-22,22,140.57,6.389545454545455,12.43,1
31.0,75.0,2024-11-23,8,27.64,3.455,4.36,1
31.0,75.0,2024-11-24,10,96.4,9.64,27.4,1
31.0,75.0,2024-11-25,14,108.6,7.757142857142857,39.01,1
31.0,75.0,2024-11-27,1,3.73,3.73,3.73,1
31.0,75.0,2024-11-28,1,7.29,7.29,7.29,1
31.0,75.0,2024-11-29,2,14.42,7.21,12.51,1
31.0,75.0,2024-11-30,1,7.11,7.11,7.11,1
31.0,75.0,2024-12-01,1,2.64,2.64,2.64,1
31.0,75.0,2024-12-04,2,5.73,2.865,3.58,1
31.0,75.0,2024-12-05,3,14.38,4.793333333333334,9.65,1
31.0,75.0,2024-12-07,1,3.51,3.51,3.51,1
31.0,75.0,2024-12-09,1,0.62,0.62,0.62,1
31.0,75.0,2024-12-10,2,12.19,6.095,8.17,1
31.0,75.0,2024-12-12,1,2.06,2.06,2.06,1
31.0,75.0,2024-12-14,2,7.12,3.56,4.38,1
31.0,75.0,2024-12-15,1,4.69,4.69,4.69,1
31.0,75.0,2024-12-21,2,9.129999999999999,4.5649999999999995,5.84,1
31.0,75.0,2025-01-21,2,4.57,2.285,2.89,1
31.0,75.0,2025-01-22,1,2.86,2.86,2.86,1
31.0,75.0,2025-01-26,1,1.68,1.68,1.68,1
31.0,75.0,2025-02-12,3,9.24,3.08,4.44,1
31.0,75.0,2025-02-13,1,3.13,3.13,3.13,1
31.0,75.0,2025-02-18,2,14.57,7.285,8.78,1
31.0,75.0,2025-03-05,1,4.05,4.05,4.05,1
31.0,75.0,2025-03-18,1,4.68,4.68,4.68,1
31.0,75.0,2025-03-20,1,11.75,11.75,11.75,1
31.0,75.0,2025-03-22,2,12.79,6.395,7.34,1
31.0,75.0,2025-04-05,1,4.68,4.68,4.68,1
31.0,75.0,2025-04-19,5,83.78,16.756,20.15,1
31.0,75.0,2025-04-20,3,144.12,48.04,77.24,1
31.0,75.0,2025-04-21,2,7.46,3.73,3.73,1
31.0,75.0,2025-04-24,4,69.94,17.485,18.32,1
31.0,75.0,2025-04-25,14,146.05,10.432142857142859,18.92,1
31.0,75.0,2025-04-26,3,4.17,1.39,2.79,1
31.0,75.0,2025-04-27,3,72.15,24.05,63.03,1
31.0,75.0,2025-04-28,1,1.43,1.43,1.43,1
31.0,75.0,2025-04-29,4,10.77,2.6925,4.91,1
31.0,75.0,2025-04-30,14,105.15,7.510714285714286,12.09,1
31.0,75.0,2025-05-01,9,53.480000000000004,5.942222222222223,11.48,1
31.0,75.0,2025-05-03,2,3.2399999999999998,1.6199999999999999,2.8,1
31.0,75.0,2025-05-04,24,135.53,5.647083333333334,8.8,1
31.0,75.0,2025-05-06,35,283.12,8.089142857142857,39.82,1
31.0,75.0,2025-05-07,18,128.26,7.125555555555555,14.71,1
31.0,75.0,2025-05-08,96,475.56,4.95375,55.93,1
31.0,75.0,2025-05-09,84,761.2,9.061904761904762,49.8,1
31.0,75.0,2025-05-10,119,773.0,6.495798319327731,27.65,1
31.0,75.0,2025-05-11,250,1717.16,6.86864,35.53,1
31.0,75.0,2025-05-12,81,643.66,7.94641975308642,104.54,1
31.0,75.0,2025-05-13,179,1303.0,7.279329608938547,49.93,1
31.0,75.0,2025-05-14,170,1557.62,9.162470588235294,65.13,1
31.0,75.0,2025-05-15,160,1333.56,8.33475,59.63,1
31.0,75.0,2025-05-16,161,1039.64,6.457391304347826,28.18,1
31.0,75.0,2025-05-17,62,778.0,12.548387096774194,26.53,1
31.0,75.0,2025-05-18,70,679.54,9.707714285714285,36.44,1
31.0,75.0,2025-05-19,8,94.08,11.76,29.48,1
31.0,75.0,2025-05-20,28,209.76,7.491428571428571,25.73,1
31.0,75.0,2025-05-21,11,50.0,4.545454545454546,7.4,1
31.0,75.0,2025-05-22,5,22.93,4.586,5.58,1
31.0,75.0,2025-05-23,9,194.23000000000002,21.581111111111113,103.79,1
31.0,75.0,2025-05-24,8,49.15,6.14375,10.21,1
31.0,75.0,2025-05-25,1,2.48,2.48,2.48,1
31.0,75.0,2025-05-26,11,46.49,4.2263636363636365,8.19,1
31.0,75.0,2025-05-27,1,2.33,2.33,2.33,1
31.0,75.0,2025-05-28,7,33.160000000000004,4.7371428571428575,13.1,1
31.0,75.0,2025-05-29,1,2.58,2.58,2.58,1
31.0,75.0,2025-05-30,3,42.6,14.200000000000001,25.77,1
31.0,75.0,2025-05-31,2,4.81,2.405,2.9,1
31.0,75.0,2025-06-01,2,11.08,5.54,5.58,1
31.0,75.0,2025-06-03,1,11.27,11.27,11.27,1
31.0,75.0,2025-06-05,1,1.78,1.78,1.78,1
31.0,75.0,2025-06-06,4,14.370000000000001,3.5925000000000002,5.01,1
31.0,75.0,2025-06-07,2,6.8100000000000005,3.4050000000000002,3.96,1
31.0,75.0,2025-06-10,1,5.73,5.73,5.73,1
31.0,75.0,2025-06-11,4,18.59,4.6475,7.33,1
31.0,75.0,2025-06-12,5,25.28,5.056,9.19,1
31.0,75.0,2025-06-13,7,60.5,8.642857142857142,36.6,1
31.0,75.0,2025-06-14,5,22.0,4.4,6.38,1
31.0,75.0,2025-06-18,3,14.97,4.99,7.36,1
31.0,75.0,2025-06-19,21,137.36,6.5409523809523815,38.16,1
31.0,75.0,2025-06-21,7,36.519999999999996,5.217142857142856,17.09,1
31.0,75.0,2025-06-23,2,10.75,5.375,7.02,1
31.0,75.0,2025-06-27,1,6.94,6.94,6.94,1
31.0,75.0,2025-06-28,3,9.58,3.1933333333333334,4.4,1
31.0,75.0,2025-06-30,2,5.62,2.81,2.81,1
31.0,75.0,2025-07-02,1,4.97,4.97,4.97,1
31.0,75.0,2025-07-04,1,5.48,5.48,5.48,1
31.0,75.0,2025-09-11,1,3.93,3.93,3.93,1
31.0,75.0,2025-09-18,1,8.11,8.11,8.11,1
31.0,75.0,2025-09-23,1,17.42,17.42,17.42,1
31.0,75.0,2025-09-24,2,14.200000000000001,7.1000000000000005,9.71,1
31.0,75.0,2025-09-25,3,14.89,4.963333333333334,7.34,1
31.0,75.0,2025-10-01,1,7.65,7.65,7.65,1
31.0,75.0,2025-10-11,1,2.33,2.33,2.33,1
31.0,75.0,2025-10-16,3,44.620000000000005,14.873333333333335,18.14,1
31.0,75.0,2025-10-18,1,4.11,4.11,4.11,1
31.0,75.0,2025-10-19,3,23.409999999999997,7.803333333333332,18.58,1
31.0,75.0,2025-10-20,2,16.79,8.395,13.98,1
31.0,75.0,2025-10-21,10,34.08,3.408,5.33,1
31.0,75.0,2025-10-22,6,52.660000000000004,8.776666666666667,19.35,1
31.0,75.0,2025-10-23,6,22.23,3.705,4.82,1
31.0,75.0,2025-10-24,3,13.9,4.633333333333334,5.18,1
31.0,75.0,2025-10-25,7,62.730000000000004,8.961428571428572,28.57,1
31.0,75.0,2025-10-26,15,92.73,6.182,17.4,1
31.0,75.0,2025-10-27,4,15.26,3.815,4.76,1
31.0,75.0,2025-10-28,4,28.380000000000003,7.095000000000001,10.15,1
31.0,75.0,2025-10-29,21,344.87,16.42238095238095,39.66,1
31.0,75.0,2025-10-30,26,131.1,5.042307692307692,13.08,1
31.0,75.0,2025-10-31,34,174.28,5.125882352941177,24.41,1
31.0,75.0,2025-11-01,13,64.28999999999999,4.945384615384615,9.91,1
31.0,75.0,2025-11-02,26,141.15,5.428846153846154,17.08,1
31.0,75.0,2025-11-03,29,122.04,4.208275862068966,8.8,1
31.0,75.0,2025-11-04,53,501.38,9.459999999999999,44.24,1
31.0,75.0,2025-11-05,11,34.09,3.0990909090909096,6.63,1
31.0,75.0,2025-11-06,12,43.58,3.6316666666666664,8.75,1
31.0,75.0,2025-11-07,13,77.37,5.951538461538462,14.51,1
31.0,75.0,2025-11-08,25,150.87,6.034800000000001,26.14,1
31.0,75.0,2025-11-09,28,148.83,5.315357142857144,10.99,1
31.0,75.0,2025-11-10,39,209.23,5.364871794871795,23.87,1
31.0,75.0,2025-11-11,24,119.53,4.980416666666667,13.36,1
31.0,75.0,2025-11-13,15,65.23,4.348666666666667,7.57,1
31.0,75.0,2025-11-14,6,26.32,4.386666666666667,8.52,1
31.0,75.0,2025-11-15,12,108.56,9.046666666666667,27.37,1
31.0,75.0,2025-11-16,12,43.94,3.6616666666666666,8.91,1
31.0,75.0,2025-11-17,2,7.55,3.775,4.75,1
31.0,75.0,2025-11-18,4,11.559999999999999,2.8899999999999997,3.61,1
31.0,75.0,2025-11-19,2,5.31,2.655,4.64,1
31.0,75.0,2025-11-20,2,7.23,3.615,3.84,1
31.0,75.0,2025-11-21,4,29.87,7.4675,15.73,1
31.0,75.0,2025-11-22,1,4.61,4.61,4.61,1
31.0,75.0,2025-11-25,1,12.36,12.36,12.36,1
31.0,75.0,2025-11-27,1,2.93,2.93,2.93,1
31.0,75.0,2025-12-01,1,18.03,18.03,18.03,1
31.0,75.0,2025-12-06,1,0.6,0.6,0.6,1
31.0,75.0,2025-12-28,1,1.97,1.97,1.97,1
31.0,75.625,2023-01-04,1,5.09,5.09,5.09,1
31.0,75.625,2023-01-07,1,2.6,2.6,2.6,1
31.0,75.625,2023-01-15,2,13.07,6.535,7.81,1
31.0,75.625,2023-01-21,2,12.81,6.405,9.16,1
31.0,75.625,2023-01-22,4,18.39,4.5975,6.25,1
31.0,75.625,2023-01-28,1,2.93,2.93,2.93,1
31.0,75.625,2023-02-03,1,7.15,7.15,7.15,1
31.0,75.625,2023-02-07,2,6.210000000000001,3.1050000000000004,5.4,1
31.0,75.625,2023-02-08,4,6.49,1.6225,2.42,1
31.0,75.625,2023-02-11,1,3.38,3.38,3.38,1
31.0,75.625,2023-02-12,2,4.81,2.405,3.63,1
31.0,75.625,2023-02-16,4,17.49,4.3725,5.31,1
31.0,75.625,2023-02-17,1,0.35,0.35,0.35,1
31.0,75.625,2023-02-21,1,0.62,0.62,0.62,1
31.0,75.625,2023-02-23,5,22.82,4.564,13.5,1
31.0,75.625,2023-02-24,1,2.52,2.52,2.52,1
31.0,75.625,2023-02-25,1,1.99,1.99,1.99,1
31.0,75.625,2023-02-27,1,4.5,4.5,4.5,1
31.0,75.625,2023-03-03,1,2.36,2.36,2.36,1
31.0,75.625,2023-03-04,2,5.06,2.53,3.03,1
31.0,75.625,2023-03-05,1,3.69,3.69,3.69,1
31.0,75.625,2023-03-07,1,3.44,3.44,3.44,1
31.0,75.625,2023-03-08,2,8.829999999999998,4.414999999999999,4.81,1
31.0,75.625,2023-03-09,2,8.16,4.08,5.66,1
31.0,75.625,2023-03-11,1,7.75,7.75,7.75,1
31.0,75.625,2023-03-12,1,4.01,4.01,4.01,1
31.0,75.625,2023-03-14,1,1.34,1.34,1.34,1
31.0,75.625,2023-03-15,1,7.24,7.24,7.24,1
31.0,75.625,2023-03-16,2,8.24,4.12,4.12,1
31.0,75.625,2023-03-21,1,0.62,0.62,0.62,1
31.0,75.625,2023-04-01,1,0.46,0.46,0.46,1
31.0,75.625,2023-04-07,1,2.68,2.68,2.68,1
31.0,75.625,2023-04-08,1,3.61,3.61,3.61,1
31.0,75.625,2023-04-12,2,0.97,0.485,0.58,1
31.0,75.625,2023-04-22,1,2.14,2.14,2.14,1
31.0,75.625,2023-04-24,4,22.55,5.6375,10.75,1
31.0,75.625,2023-04-25,2,6.96,3.48,4.67,1
31.0,75.625,2023-04-26,1,3.76,3.76,3.76,1
31.0,75.625,2023-05-04,8,22.02,2.7525,4.89,1
31.0,75.625,2023-05-05,21,142.15,6.769047619047619,15.73,1
31.0,75.625,2023-05-06,59,222.8,3.776271186440678,10.23,1
31.0,75.625,2023-05-07,18,54.620000000000005,3.0344444444444445,4.64,1
31.0,75.625,2023-05-08,76,326.86,4.300789473684211,19.54,1
31.0,75.625,2023-05-09,20,226.27,11.313500000000001,26.95,1
31.0,75.625,2023-05-10,98,827.85,8.447448979591837,70.09,1
31.0,75.625,2023-05-11,132,968.8,7.339393939393939,34.51,1
31.0,75.625,2023-05-12,83,672.12,8.097831325301206,71.81,1
31.0,75.625,2023-05-13,196,1187.93,6.0608673469387755,25.02,1
31.0,75.625,2023-05-14,44,372.66,8.469545454545456,62.54,1
31.0,75.625,2023-05-15,88,637.57,7.245113636363637,41.11,1
31.0,75.625,2023-05-16,136,518.36,3.811470588235294,15.58,1
31.0,75.625,2023-05-17,144,732.79,5.088819444444444,16.6,1
31.0,75.625,2023-05-18,3,6.84,2.28,3.68,1
31.0,75.625,2023-05-19,84,443.2,5.276190476190476,22.68,1
31.0,75.625,2023-05-20,70,737.96,10.542285714285715,60.78,1
31.0,75.625,2023-05-21,73,713.24,9.77041095890411,26.56,1
31.0,75.625,2023-05-22,73,384.29,5.264246575342466,19.44,1
31.0,75.625,2023-05-24,29,126.53,4.363103448275862,8.77,1
31.0,75.625,2023-05-27,6,19.16,3.1933333333333334,6.19,1
31.0,75.625,2023-05-28,2,5.529999999999999,2.7649999999999997,3.5,1
31.0,75.625,2023-06-03,1,6.77,6.77,6.77,1
31.0,75.625,2023-06-05,4,21.91,5.4775,7.49,1
31.0,75.625,2023-06-08,1,1.78,1.78,1.78,1
31.0,75.625,2023-06-11,2,5.54,2.77,3.69,1
31.0,75.625,2023-06-12,1,10.34,10.34,10.34,1
31.0,75.625,2023-06-13,1,6.67,6.67,6.67,1
31.0,75.625,2023-06-14,6,59.97,9.995,32.44,1
31.0,75.625,2023-06-16,14,127.14999999999999,9.082142857142857,32.54,1
31.0,75.625,2023-06-17,10,62.21,6.221,24.2,1
31.0,75.625,2023-06-18,11,65.1,5.918181818181818,8.69,1
31.0,75.625,2023-06-19,29,301.1,10.382758620689655,28.4,1
31.0,75.625,2023-06-20,4,83.33,20.8325,57.02,1
31.0,75.625,2023-06-22,20,115.66,5.7829999999999995,10.11,1
31.0,75.625,2023-06-23,8,41.7,5.2125,13.2,1
31.0,75.625,2023-06-24,6,27.65,4.608333333333333,9.1,1
31.0,75.625,2023-06-25,13,69.63,5.356153846153846,12.29,1
31.0,75.625,2023-06-28,3,13.45,4.483333333333333,5.72,1
31.0,75.625,2023-06-29,3,20.93,6.976666666666667,8.67,1
31.0,75.625,2023-06-30,18,102.32000000000001,5.684444444444445,22.42,1
31.0,75.625,2023-07-02,18,99.05,5.502777777777777,20.79,1
31.0,75.625,2023-07-03,15,62.47,4.164666666666666,9.15,1
31.0,75.625,2023-07-04,3,14.3,4.766666666666667,5.62,1
31.0,75.625,2023-07-11,3,9.89,3.296666666666667,3.86,1
31.0,75.625,2023-07-12,3,11.48,3.8266666666666667,4.45,1
31.0,75.625,2023-07-13,1,2.67,2.67,2.67,1
31.0,75.625,2023-07-15,5,20.28,4.056,6.01,1
31.0,75.625,2023-07-16,3,12.33,4.11,5.66,1
31.0,75.625,2023-07-17,3,11.57,3.856666666666667,4.88,1
31.0,75.625,2023-07-18,6,20.83,3.4716666666666662,5.51,1
31.0,75.625,2023-08-01,1,1.87,1.87,1.87,1
31.0,75.625,2023-08-03,2,4.5600000000000005,2.2800000000000002,2.85,1
31.0,75.625,2023-08-12,1,2.24,2.24,2.24,1
31.0,75.625,2023-08-28,1,1.75,1.75,1.75,1
31.0,75.625,2023-09-29,2,5.29,2.645,4.07,1
31.0,75.625,2023-10-02,1,2.81,2.81,2.81,1
31.0,75.625,2023-10-05,2,9.29,4.645,6.39,1
31.0,75.625,2023-10-08,1,9.02,9.02,9.02,1
31.0,75.625,2023-10-13,6,33.84,5.640000000000001,8.31,1
31.0,75.625,2023-10-14,4,21.51,5.3775,8.9,1
31.0,75.625,2023-10-20,3,17.31,5.77,13.68,1
31.0,75.625,2023-10-21,4,12.499999999999998,3.1249999999999996,5.64,1
31.0,75.625,2023-10-22,3,13.0,4.333333333333333,7.53,1
31.0,75.625,2023-10-23,10,78.75,7.875,18.03,1
31.0,75.625,2023-10-24,21,125.21,5.962380952380952,32.62,1
31.0,75.625,2023-10-25,12,123.18,10.265,21.26,1
31.0,75.625,2023-10-26,38,184.16,4.846315789473684,13.52,1
31.0,75.625,2023-10-27,17,85.86,5.050588235294118,14.49,1
31.0,75.625,2023-10-28,7,34.01,4.8585714285714285,6.28,1
31.0,75.625,2023-10-29,34,157.27,4.625588235294118,12.76,1
31.0,75.625,2023-10-30,51,266.68,5.229019607843138,18.97,1
31.0,75.625,2023-10-31,74,330.1,4.460810810810811,13.46,1
31.0,75.625,2023-11-01,68,324.84,4.777058823529411,19.38,1
31.0,75.625,2023-11-03,44,215.1,4.888636363636364,13.83,1
31.0,75.625,2023-11-04,81,644.55,7.957407407407407,88.56,1
31.0,75.625,2023-11-05,177,1061.93,5.999604519774012,47.77,1
31.0,75.625,2023-11-06,94,485.49,5.164787234042553,34.3,1
31.0,75.625,2023-11-07,80,442.11,5.526375,28.13,1
31.0,75.625,2023-11-08,65,367.81,5.658615384615385,18.73,1
31.0,75.625,2023-11-09,29,97.79,3.372068965517242,8.18,1
31.0,75.625,2023-11-10,2,11.68,5.84,5.84,1
31.0,75.625,2023-11-12,31,195.21,6.297096774193549,17.65,1
31.0,75.625,2023-11-13,30,198.68,6.6226666666666665,31.49,1
31.0,75.625,2023-11-14,59,406.40999999999997,6.888305084745762,22.61,1
31.0,75.625,2023-11-15,76,481.98,6.341842105263158,23.33,1
31.0,75.625,2023-11-16,110,608.96,5.5360000000000005,52.77,1
31.0,75.625,2023-11-17,68,376.65999999999997,5.5391176470588235,28.74,1
31.0,75.625,2023-11-18,17,131.49,7.734705882352942,51.81,1
31.0,75.625,2023-11-19,13,71.13,5.4715384615384615,13.43,1
31.0,75.625,2023-11-20,11,83.43,7.584545454545455,18.47,1
31.0,75.625,2023-11-21,29,227.79,7.854827586206897,25.94,1
31.0,75.625,2023-11-22,19,122.64,6.454736842105263,22.86,1
31.0,75.625,2023-11-23,10,34.29,3.429,5.87,1
31.0,75.625,2023-11-24,9,40.93,4.547777777777778,11.0,1
31.0,75.625,2023-11-28,3,8.02,2.6733333333333333,3.14,1
31.0,75.625,2023-12-02,1,2.56,2.56,2.56,1
31.0,75.625,2023-12-03,1,1.98,1.98,1.98,1
31.0,75.625,2023-12-06,2,4.8100000000000005,2.4050000000000002,2.61,1
31.0,75.625,2023-12-08,4,10.92,2.73,3.89,1
31.0,75.625,2023-12-09,1,1.41,1.41,1.41,1
31.0,75.625,2023-12-11,3,5.38,1.7933333333333332,2.36,1
31.0,75.625,2023-12-13,2,11.09,5.545,9.84,1
31.0,75.625,2023-12-14,2,10.92,5.46,6.1,1
31.0,75.625,2023-12-16,2,6.32,3.16,4.67,1
31.0,75.625,2023-12-19,2,6.42,3.21,4.21,1
31.0,75.625,2023-12-20,1,3.79,3.79,3.79,1
31.0,75.625,2023-12-23,1,2.45,2.45,2.45,1
31.0,75.625,2023-12-24,1,3.11,3.11,3.11,1
31.0,75.625,2024-01-03,2,8.57,4.285,6.34,1
31.0,75.625,2024-01-20,1,3.23,3.23,3.23,1
31.0,75.625,2024-01-23,3,27.35,9.116666666666667,12.17,1
31.0,75.625,2024-01-25,1,1.55,1.55,1.55,1
31.0,75.625,2024-01-26,8,108.21,13.52625,28.63,1
31.0,75.625,2024-01-27,8,61.6,7.7,19.14,1
31.0,75.625,2024-01-29,3,23.79,7.93,11.27,1
31.0,75.625,2024-01-30,2,5.26,2.63,2.82,1
31.0,75.625,2024-02-10,6,24.08,4.013333333333333,7.05,1
31.0,75.625,2024-02-11,3,7.21,2.4033333333333333,2.81,1
31.0,75.625,2024-02-15,2,7.33,3.665,4.21,1
31.0,75.625,2024-02-16,1,3.35,3.35,3.35,1
31.0,75.625,2024-02-17,4,28.78,7.195,9.96,1
31.0,75.625,2024-02-20,2,5.1,2.55,4.58,1
31.0,75.625,2024-02-21,3,9.270000000000001,3.0900000000000003,4.03,1
31.0,75.625,2024-02-22,1,2.97,2.97,2.97,1
31.0,75.625,2024-02-23,2,10.14,5.07,7.21,1
31.0,75.625,2024-02-24,1,3.52,3.52,3.52,1
31.0,75.625,2024-02-26,1,2.65,2.65,2.65,1
31.0,75.625,2024-02-28,1,4.29,4.29,4.29,1
31.0,75.625,2024-02-29,1,1.1,1.1,1.1,1
31.0,75.625,2024-03-06,2,7.52,3.76,4.84,1
31.0,75.625,2024-03-07,1,1.84,1.84,1.84,1
31.0,75.625,2024-03-08,3,17.869999999999997,5.956666666666666,12.85,1
31.0,75.625,2024-03-09,3,9.55,3.1833333333333336,4.49,1
31.0,75.625,2024-03-14,1,5.04,5.04,5.04,1
31.0,75.625,2024-03-19,1,4.92,4.92,4.92,1
31.0,75.625,2024-03-20,1,4.98,4.98,4.98,1
31.0,75.625,2024-03-21,3,11.28,3.76,4.3,1
31.0,75.625,2024-03-22,2,5.2,2.6,4.63,1
31.0,75.625,2024-03-24,1,1.01,1.01,1.01,1
31.0,75.625,2024-03-28,1,0.37,0.37,0.37,1
31.0,75.625,2024-04-02,1,10.37,10.37,10.37,1
31.0,75.625,2024-04-05,1,0.35,0.35,0.35,1
31.0,75.625,2024-04-10,1,3.32,3.32,3.32,1
31.0,75.625,2024-04-17,2,3.12,1.56,1.8,1
31.0,75.625,2024-04-18,1,8.31,8.31,8.31,1
31.0,75.625,2024-04-22,1,3.27,3.27,3.27,1
31.0,75.625,2024-04-24,1,1.51,1.51,1.51,1
31.0,75.625,2024-04-26,1,3.85,3.85,3.85,1
31.0,75.625,2024-04-30,1,3.86,3.86,3.86,1
31.0,75.625,2024-05-01,5,15.98,3.196,3.89,1
31.0,75.625,2024-05-02,23,111.41,4.843913043478261,13.94,1
31.0,75.625,2024-05-03,1,0.74,0.74,0.74,1
31.0,75.625,2024-05-04,1,6.99,6.99,6.99,1
31.0,75.625,2024-05-05,3,14.7,4.8999999999999995,6.29,1
31.0,75.625,2024-05-06,2,15.14,7.57,8.08,1
31.0,75.625,2024-05-07,15,120.65,8.043333333333333,12.39,1
31.0,75.625,2024-05-08,11,77.87,7.079090909090909,14.74,1
31.0,75.625,2024-05-09,6,52.239999999999995,8.706666666666665,21.15,1
31.0,75.625,2024-05-10,49,190.81,3.8940816326530614,11.49,1
31.0,75.625,2024-05-11,5,15.02,3.004,5.04,1
31.0,75.625,2024-05-12,58,264.2,4.555172413793104,13.11,1
31.0,75.625,2024-05-13,145,945.64,6.5216551724137934,28.8,1
31.0,75.625,2024-05-14,87,1162.9,13.366666666666667,30.33,1
31.0,75.625,2024-05-15,71,751.25,10.580985915492958,42.28,1
31.0,75.625,2024-05-16,31,393.67,12.699032258064516,90.83,1
31.0,75.625,2024-05-17,111,1057.12,9.523603603603602,46.53,1
31.0,75.625,2024-05-18,199,1127.24,5.664522613065326,32.44,1
31.0,75.625,2024-05-19,130,763.4,5.872307692307692,24.77,1
31.0,75.625,2024-05-20,33,602.76,18.265454545454546,77.8,1
31.0,75.625,2024-05-21,45,338.93,7.531777777777778,15.61,1
31.0,75.625,2024-05-22,49,282.86,5.77265306122449,22.09,1
31.0,75.625,2024-05-23,17,100.25,5.897058823529412,10.63,1
31.0,75.625,2024-05-24,50,250.69,5.0138,16.96,1
31.0,75.625,2024-05-25,32,263.59000000000003,8.237187500000001,16.66,1
31.0,75.625,2024-05-26,8,121.01,15.12625,50.38,1
31.0,75.625,2024-05-27,6,38.55,6.425,12.5,1
31.0,75.625,2024-05-28,6,51.59,8.598333333333334,13.53,1
31.0,75.625,2024-05-29,10,120.18,12.018,26.99,1
31.0,75.625,2024-06-04,5,22.03,4.406000000000001,8.57,1
31.0,75.625,2024-06-05,2,5.5600000000000005,2.7800000000000002,3.11,1
31.0,75.625,2024-06-09,2,11.64,5.82,6.82,1
31.0,75.625,2024-06-10,1,10.59,10.59,10.59,1
31.0,75.625,2024-06-13,4,38.81,9.7025,12.22,1
31.0,75.625,2024-06-14,4,21.32,5.33,8.06,1
31.0,75.625,2024-06-15,3,23.81,7.9366666666666665,11.68,1
31.0,75.625,2024-06-16,3,15.06,5.0200000000000005,7.15,1
31.0,75.625,2024-06-18,16,92.45,5.778125,10.1,1
31.0,75.625,2024-06-19,17,106.22,6.248235294117647,18.74,1
31.0,75.625,2024-06-20,1,2.5,2.5,2.5,1
31.0,75.625,2024-06-22,7,33.09,4.727142857142858,6.2,1
31.0,75.625,2024-06-23,10,112.77,11.277,46.46,1
31.0,75.625,2024-06-24,27,246.88,9.143703703703704,19.76,1
31.0,75.625,2024-06-25,20,90.6,4.529999999999999,11.37,1
31.0,75.625,2024-06-26,22,144.42000000000002,6.564545454545455,38.25,1
31.0,75.625,2024-06-28,6,26.419999999999998,4.403333333333333,9.86,1
31.0,75.625,2024-06-29,28,133.11,4.753928571428572,9.19,1
31.0,75.625,2024-07-02,7,22.81,3.2585714285714285,4.27,1
31.0,75.625,2024-07-07,1,5.5,5.5,5.5,1
31.0,75.625,2024-07-08,3,9.83,3.276666666666667,4.0,1
31.0,75.625,2024-07-09,8,31.099999999999998,3.8874999999999997,7.8,1
31.0,75.625,2024-07-17,1,1.92,1.92,1.92,1
31.0,75.625,2024-07-18,4,16.99,4.2475,5.6,1
31.0,75.625,2024-09-23,1,0.56,0.56,0.56,1
31.0,75.625,2024-10-07,1,4.36,4.36,4.36,1
31.0,75.625,2024-10-12,2,5.13,2.565,2.75,1
31.0,75.625,2024-10-18,1,10.89,10.89,10.89,1
31.0,75.625,2024-10-22,1,4.46,4.46,4.46,1
31.0,75.625,2024-10-23,2,6.59,3.295,3.35,1
31.0,75.625,2024-10-26,3,15.39,5.13,6.78,1
31.0,75.625,2024-10-27,3,48.68,16.226666666666667,41.53,1
31.0,75.625,2024-10-28,7,20.759999999999998,2.9657142857142853,6.01,1
31.0,75.625,2024-10-29,3,10.54,3.513333333333333,4.47,1
31.0,75.625,2024-10-30,1,1.17,1.17,1.17,1
31.0,75.625,2024-10-31,6,29.67,4.945,6.19,1
31.0,75.625,2024-11-01,31,125.8,4.058064516129032,15.7,1
31.0,75.625,2024-11-02,16,58.96,3.685,12.77,1
31.0,75.625,2024-11-06,1,0.95,0.95,0.95,1
31.0,75.625,2024-11-07,6,22.59,3.765,10.73,1
31.0,75.625,2024-11-08,15,50.8,3.3866666666666663,12.31,1
31.0,75.625,2024-11-09,6,26.34,4.39,9.02,1
31.0,75.625,2024-11-10,1,3.64,3.64,3.64,1
31.0,75.625,2024-11-11,9,37.21,4.134444444444444,9.17,1
31.0,75.625,2024-11-12,3,16.33,5.4433333333333325,9.2,1
31.0,75.625,2024-11-14,1,3.61,3.61,3.61,1
31.0,75.625,2024-11-17,8,27.34,3.4175,5.61,1
31.0,75.625,2024-11-18,61,253.92,4.162622950819672,30.0,1
31.0,75.625,2024-11-19,23,108.13,4.7013043478260865,10.7,1
31.0,75.625,2024-11-20,4,15.86,3.965,5.28,1
31.0,75.625,2024-11-21,3,14.28,4.76,6.56,1
31.0,75.625,2024-11-22,1,2.8,2.8,2.8,1
31.0,75.625,2024-11-23,21,90.84,4.325714285714286,8.63,1
31.0,75.625,2024-11-24,13,66.66,5.127692307692308,13.85,1
31.0,75.625,2024-11-26,2,9.84,4.92,9.51,1
31.0,75.625,2024-11-27,6,15.55,2.591666666666667,3.27,1
31.0,75.625,2024-11-28,3,16.57,5.523333333333333,8.78,1
31.0,75.625,2024-11-29,4,14.5,3.625,5.31,1
31.0,75.625,2024-11-30,1,6.37,6.37,6.37,1
31.0,75.625,2024-12-01,2,28.560000000000002,14.280000000000001,15.39,1
31.0,75.625,2024-12-02,2,15.620000000000001,7.8100000000000005,8.06,1
31.0,75.625,2024-12-03,1,4.06,4.06,4.06,1
31.0,75.625,2024-12-04,2,3.3200000000000003,1.6600000000000001,2.12,1
31.0,75.625,2024-12-05,1,11.29,11.29,11.29,1
31.0,75.625,2024-12-09,1,3.8,3.8,3.8,1
31.0,75.625,2024-12-10,1,4.74,4.74,4.74,1
31.0,75.625,2024-12-11,1,11.6,11.6,11.6,1
31.0,75.625,2024-12-12,2,3.8600000000000003,1.9300000000000002,2.35,1
31.0,75.625,2024-12-13,1,1.99,1.99,1.99,1
31.0,75.625,2024-12-14,6,191.96,31.993333333333336,90.54,1
31.0,75.625,2024-12-15,5,30.28,6.056,12.39,1
31.0,75.625,2024-12-16,1,1.17,1.17,1.17,1
31.0,75.625,2024-12-20,2,4.7,2.35,2.7,1
31.0,75.625,2024-12-22,1,4.33,4.33,4.33,1
31.0,75.625,2024-12-24,1,3.86,3.86,3.86,1
31.0,75.625,2024-12-25,1,4.5,4.5,4.5,1
31.0,75.625,2024-12-26,2,8.24,4.12,5.69,1
31.0,75.625,2025-01-15,1,2.46,2.46,2.46,1
31.0,75.625,2025-01-16,1,1.34,1.34,1.34,1
31.0,75.625,2025-01-20,2,5.029999999999999,2.5149999999999997,3.05,1
31.0,75.625,2025-01-21,3,14.74,4.913333333333333,8.4,1
31.0,75.625,2025-01-22,2,9.65,4.825,7.75,1
31.0,75.625,2025-01-23,1,3.41,3.41,3.41,1
31.0,75.625,2025-01-26,2,18.36,9.18,10.07,1
31.0,75.625,2025-01-27,3,10.11,3.3699999999999997,5.62,1
31.0,75.625,2025-01-28,2,14.41,7.205,8.48,1
31.0,75.625,2025-01-30,2,6.8100000000000005,3.4050000000000002,4.07,1
31.0,75.625,2025-01-31,4,18.48,4.62,5.55,1
31.0,75.625,2025-02-02,1,3.59,3.59,3.59,1
31.0,75.625,2025-02-05,3,5.66,1.8866666666666667,2.61,1
31.0,75.625,2025-02-07,2,6.03,3.015,3.7,1
31.0,75.625,2025-02-09,1,1.77,1.77,1.77,1
31.0,75.625,2025-02-12,2,6.5,3.25,3.58,1
31.0,75.625,2025-02-13,1,5.85,5.85,5.85,1
31.0,75.625,2025-02-14,2,11.23,5.615,5.66,1
31.0,75.625,2025-02-15,1,1.93,1.93,1.93,1
31.0,75.625,2025-02-17,2,9.4,4.7,5.88,1
31.0,75.625,2025-02-18,2,4.98,2.49,2.58,1
31.0,75.625,2025-02-22,1,5.9,5.9,5.9,1
31.0,75.625,2025-03-04,1,8.36,8.36,8.36,1
31.0,75.625,2025-03-05,2,7.79,3.895,5.0,1
31.0,75.625,2025-03-07,1,2.74,2.74,2.74,1
31.0,75.625,2025-03-08,2,10.280000000000001,5.140000000000001,5.91,1
31.0,75.625,2025-03-09,2,13.280000000000001,6.640000000000001,7.44,1
31.0,75.625,2025-03-10,1,2.42,2.42,2.42,1
31.0,75.625,2025-03-11,1,2.91,2.91,2.91,1
31.0,75.625,2025-03-17,1,4.7,4.7,4.7,1
31.0,75.625,2025-03-19,2,7.27,3.635,3.97,1
31.0,75.625,2025-03-20,1,0.42,0.42,0.42,1
31.0,75.625,2025-03-21,2,5.1,2.55,2.76,1
31.0,75.625,2025-03-22,1,3.29,3.29,3.29,1
31.0,75.625,2025-03-23,2,4.06,2.03,3.57,1
31.0,75.625,2025-03-31,1,3.63,3.63,3.63,1
31.0,75.625,2025-04-01,1,3.21,3.21,3.21,1
31.0,75.625,2025-04-03,1,3.18,3.18,3.18,1
31.0,75.625,2025-04-10,3,33.93,11.31,23.34,1
31.0,75.625,2025-04-11,2,1.2,0.6,0.6,1
31.0,75.625,2025-04-15,1,3.58,3.58,3.58,1
31.0,75.625,2025-04-24,2,12.91,6.455,6.9,1
31.0,75.625,2025-04-25,9,73.75,8.194444444444445,15.87,1
31.0,75.625,2025-04-26,1,21.18,21.18,21.18,1
31.0,75.625,2025-04-27,3,22.4,7.466666666666666,9.58,1
31.0,75.625,2025-04-28,1,40.29,40.29,40.29,1
31.0,75.625,2025-04-29,1,2.24,2.24,2.24,1
31.0,75.625,2025-04-30,5,84.7,16.94,18.86,1
31.0,75.625,2025-05-04,21,103.46000000000001,4.926666666666667,11.33,1
31.0,75.625,2025-05-05,2,11.469999999999999,5.734999999999999,6.27,1
31.0,75.625,2025-05-06,25,83.71000000000001,3.3484000000000003,8.49,1
31.0,75.625,2025-05-07,22,131.5,5.9772727272727275,13.42,1
31.0,75.625,2025-05-08,12,94.58,7.881666666666667,21.43,1
31.0,75.625,2025-05-09,8,47.63,5.95375,8.31,1
31.0,75.625,2025-05-10,49,333.68,6.809795918367347,33.97,1
31.0,75.625,2025-05-11,87,412.45,4.74080459770115,15.08,1
31.0,75.625,2025-05-12,33,199.82999999999998,6.055454545454545,20.84,1
31.0,75.625,2025-05-13,110,614.91,5.590090909090909,35.46,1
31.0,75.625,2025-05-14,106,1018.23,9.605943396226415,96.46,1
31.0,75.625,2025-05-15,139,782.57,5.630000000000001,45.8,1
31.0,75.625,2025-05-16,182,1086.57,5.970164835164835,40.42,1
31.0,75.625,2025-05-17,103,721.29,7.002815533980582,21.49,1
31.0,75.625,2025-05-18,86,735.33,8.550348837209302,24.17,1
31.0,75.625,2025-05-19,5,108.63,21.726,74.91,1
31.0,75.625,2025-05-20,95,686.13,7.222421052631579,54.46,1
31.0,75.625,2025-05-21,48,167.9,3.497916666666667,22.24,1
31.0,75.625,2025-05-22,21,67.62,3.22,8.25,1
31.0,75.625,2025-05-23,27,259.33,9.604814814814814,33.86,1
31.0,75.625,2025-05-24,25,175.67,7.0268,17.8,1
31.0,75.625,2025-05-25,3,8.89,2.9633333333333334,3.56,1
31.0,75.625,2025-05-26,28,172.66,6.166428571428571,17.17,1
31.0,75.625,2025-05-27,19,104.43,5.496315789473685,12.36,1
31.0,75.625,2025-05-28,19,125.81,6.6215789473684215,11.97,1
31.0,75.625,2025-05-29,6,42.989999999999995,7.164999999999999,11.78,1
31.0,75.625,2025-05-31,3,33.42,11.14,22.76,1
31.0,75.625,2025-06-01,6,63.82,10.636666666666667,23.12,1
31.0,75.625,2025-06-03,1,7.24,7.24,7.24,1
31.0,75.625,2025-06-05,2,6.38,3.19,3.19,1
31.0,75.625,2025-06-06,7,26.41,3.7728571428571427,6.42,1
31.0,75.625,2025-06-07,7,34.41,4.9157142857142855,7.68,1
31.0,75.625,2025-06-08,1,14.59,14.59,14.59,1
31.0,75.625,2025-06-09,7,32.05,4.578571428571428,12.83,1
31.0,75.625,2025-06-10,4,48.54,12.135,23.84,1
31.0,75.625,2025-06-11,4,158.85,39.7125,68.37,1
31.0,75.625,2025-06-12,1,4.34,4.34,4.34,1
31.0,75.625,2025-06-13,3,11.629999999999999,3.8766666666666665,4.22,1
31.0,75.625,2025-06-14,13,70.33,5.41,20.27,1
31.0,75.625,2025-06-18,2,15.69,7.845,9.45,1
31.0,75.625,2025-06-19,20,79.86,3.993,7.45,1
31.0,75.625,2025-06-21,8,36.33,4.54125,8.44,1
31.0,75.625,2025-06-23,4,10.8,2.7,3.94,1
31.0,75.625,2025-06-27,5,45.37,9.074,10.95,1
31.0,75.625,2025-06-28,1,4.64,4.64,4.64,1
31.0,75.625,2025-07-02,2,8.23,4.115,4.98,1
31.0,75.625,2025-07-11,3,13.99,4.663333333333333,5.83,1
31.0,75.625,2025-07-16,1,4.92,4.92,4.92,1
31.0,75.625,2025-09-27,2,5.800000000000001,2.9000000000000004,2.99,1
31.0,75.625,2025-10-02,1,3.45,3.45,3.45,1
31.0,75.625,2025-10-04,1,0.87,0.87,0.87,1
31.0,75.625,2025-10-13,2,9.95,4.975,6.01,1
31.0,75.625,2025-10-15,1,2.24,2.24,2.24,1
31.0,75.625,2025-10-17,2,8.83,4.415,4.54,1
31.0,75.625,2025-10-20,1,3.33,3.33,3.33,1
31.0,75.625,2025-10-21,2,15.91,7.955,12.98,1
31.0,75.625,2025-10-24,1,1.54,1.54,1.54,1
31.0,75.625,2025-10-25,3,11.93,3.9766666666666666,4.73,1
31.0,75.625,2025-10-26,3,8.29,2.763333333333333,4.71,1
31.0,75.625,2025-10-27,3,10.879999999999999,3.6266666666666665,6.31,1
31.0,75.625,2025-10-28,2,4.7,2.35,2.35,1
31.0,75.625,2025-10-29,5,16.22,3.2439999999999998,7.58,1
31.0,75.625,2025-10-31,2,6.98,3.49,5.12,1
31.0,75.625,2025-11-01,10,44.91,4.491,7.82,1
31.0,75.625,2025-11-02,2,12.22,6.11,7.78,1
31.0,75.625,2025-11-03,1,2.27,2.27,2.27,1
31.0,75.625,2025-11-04,7,50.81,7.258571428571429,15.93,1
31.0,75.625,2025-11-05,4,9.24,2.31,5.81,1
31.0,75.625,2025-11-06,13,42.62,3.278461538461538,10.0,1
31.0,75.625,2025-11-07,10,53.22,5.322,9.12,1
31.0,75.625,2025-11-08,2,8.49,4.245,6.75,1
31.0,75.625,2025-11-09,9,37.16,4.128888888888889,14.34,1
31.0,75.625,2025-11-10,10,43.98,4.398,8.43,1
31.0,75.625,2025-11-11,10,28.62,2.862,5.6,1
31.0,75.625,2025-11-12,4,8.6,2.15,3.3,1
31.0,75.625,2025-11-13,1,2.7,2.7,2.7,1
31.0,75.625,2025-11-14,1,1.66,1.66,1.66,1
31.0,75.625,2025-11-15,5,12.06,2.412,4.08,1
31.0,75.625,2025-11-16,9,35.04,3.893333333333333,9.11,1
31.0,75.625,2025-11-17,3,11.399999999999999,3.7999999999999994,5.52,1
31.0,75.625,2025-11-18,1,2.9,2.9,2.9,1
31.0,75.625,2025-11-20,4,29.03,7.2575,11.03,1
31.0,75.625,2025-11-24,2,2.86,1.43,1.43,1
31.0,75.625,2025-12-06,1,1.36,1.36,1.36,1
31.0,75.625,2025-12-07,1,4.87,4.87,4.87,1
31.0,75.625,2025-12-10,2,3.5300000000000002,1.7650000000000001,2.49,1
31.0,75.625,2025-12-14,1,2.3,2.3,2.3,1
31.0,75.625,2025-12-15,1,1.85,1.85,1.85,1
31.0,75.625,2025-12-17,3,16.49,5.496666666666666,7.81,1
31.0,75.625,2025-12-21,2,1.6099999999999999,0.8049999999999999,0.92,1
31.0,75.625,2025-12-23,1,2.84,2.84,2.84,1
31.0,75.625,2025-12-24,1,3.44,3.44,3.44,1
31.0,75.625,2025-12-25,1,3.02,3.02,3.02,1
31.0,75.625,2025-12-27,1,8.75,8.75,8.75,1
31.0,75.625,2025-12-29,1,2.61,2.61,2.61,1
31.0,76.25,2023-01-13,3,14.01,4.67,5.76,1
31.0,76.25,2023-01-17,2,3.84,1.92,1.92,1
31.0,76.25,2023-01-19,2,6.25,3.125,4.03,1
31.0,76.25,2023-01-21,1,5.35,5.35,5.35,1
31.0,76.25,2023-01-27,1,1.22,1.22,1.22,1
31.0,76.25,2023-02-01,1,0.59,0.59,0.59,1
31.0,76.25,2023-02-04,2,9.86,4.93,5.4,1
31.0,76.25,2023-02-07,1,4.61,4.61,4.61,1
31.0,76.25,2023-02-11,1,0.43,0.43,0.43,1
31.0,76.25,2023-02-12,1,4.27,4.27,4.27,1
31.0,76.25,2023-02-13,1,9.52,9.52,9.52,1
31.0,76.25,2023-02-15,3,6.62,2.2066666666666666,2.52,1
31.0,76.25,2023-02-16,3,9.06,3.02,3.69,1
31.0,76.25,2023-02-18,3,14.879999999999999,4.96,7.06,1
31.0,76.25,2023-02-19,1,0.38,0.38,0.38,1
31.0,76.25,2023-02-21,2,5.130000000000001,2.5650000000000004,4.44,1
31.0,76.25,2023-02-23,2,5.11,2.555,4.53,1
31.0,76.25,2023-02-24,3,7.35,2.4499999999999997,3.51,1
31.0,76.25,2023-02-25,6,19.91,3.3183333333333334,6.58,1
31.0,76.25,2023-02-26,2,3.84,1.92,1.92,1
31.0,76.25,2023-02-27,2,6.99,3.495,6.47,1
31.0,76.25,2023-03-01,1,3.17,3.17,3.17,1
31.0,76.25,2023-03-03,8,66.85,8.35625,20.03,1
31.0,76.25,2023-03-04,2,7.37,3.685,5.28,1
31.0,76.25,2023-03-05,2,14.86,7.43,9.55,1
31.0,76.25,2023-03-06,2,10.649999999999999,5.324999999999999,6.09,1
31.0,76.25,2023-03-07,2,18.13,9.065,11.54,1
31.0,76.25,2023-03-09,1,0.54,0.54,0.54,1
31.0,76.25,2023-03-10,1,0.5,0.5,0.5,1
31.0,76.25,2023-03-15,1,3.54,3.54,3.54,1
31.0,76.25,2023-03-21,1,0.56,0.56,0.56,1
31.0,76.25,2023-03-22,1,2.42,2.42,2.42,1
31.0,76.25,2023-03-23,2,14.45,7.225,7.66,1
31.0,76.25,2023-03-26,2,6.890000000000001,3.4450000000000003,6.44,1
31.0,76.25,2023-03-28,3,33.06,11.020000000000001,21.62,1
31.0,76.25,2023-03-30,1,5.6,5.6,5.6,1
31.0,76.25,2023-04-05,1,2.28,2.28,2.28,1
31.0,76.25,2023-04-07,4,7.41,1.8525,2.63,1
31.0,76.25,2023-04-08,3,11.280000000000001,3.7600000000000002,4.63,1
31.0,76.25,2023-04-10,1,3.04,3.04,3.04,1
31.0,76.25,2023-04-16,2,6.37,3.185,3.9,1
31.0,76.25,2023-04-22,1,0.53,0.53,0.53,1
31.0,76.25,2023-04-24,1,2.75,2.75,2.75,1
31.0,76.25,2023-04-28,1,2.41,2.41,2.41,1
31.0,76.25,2023-04-30,2,8.100000000000001,4.050000000000001,4.36,1
31.0,76.25,2023-05-03,3,8.27,2.7566666666666664,4.52,1
31.0,76.25,2023-05-04,4,12.24,3.06,7.21,1
31.0,76.25,2023-05-05,20,109.27,5.4635,14.5,1
31.0,76.25,2023-05-06,14,79.12,5.651428571428572,10.3,1
31.0,76.25,2023-05-07,6,26.17,4.361666666666667,6.39,1
31.0,76.25,2023-05-08,12,66.83000000000001,5.569166666666668,33.17,1
31.0,76.25,2023-05-09,2,10.93,5.465,6.26,1
31.0,76.25,2023-05-10,37,300.74,8.128108108108108,62.53,1
31.0,76.25,2023-05-11,51,488.1,9.570588235294117,24.62,1
31.0,76.25,2023-05-12,36,215.89,5.996944444444444,16.54,1
31.0,76.25,2023-05-13,70,511.96,7.313714285714285,14.36,1
31.0,76.25,2023-05-14,20,140.86,7.043000000000001,19.96,1
31.0,76.25,2023-05-15,23,181.70000000000002,7.9,20.27,1
31.0,76.25,2023-05-16,119,524.21,4.405126050420169,18.91,1
31.0,76.25,2023-05-17,88,358.34,4.072045454545454,15.13,1
31.0,76.25,2023-05-18,20,100.11,5.0055,18.95,1
31.0,76.25,2023-05-19,61,293.63,4.8136065573770495,11.05,1
31.0,76.25,2023-05-20,42,379.27,9.030238095238095,28.62,1
31.0,76.25,2023-05-21,52,479.95,9.229807692307691,20.48,1
31.0,76.25,2023-05-22,45,203.47,4.5215555555555556,12.96,1
31.0,76.25,2023-05-23,3,13.93,4.6433333333333335,5.08,1
31.0,76.25,2023-05-24,15,100.82,6.721333333333333,13.11,1
31.0,76.25,2023-05-28,1,3.45,3.45,3.45,1
31.0,76.25,2023-05-29,1,5.43,5.43,5.43,1
31.0,76.25,2023-06-03,1,4.86,4.86,4.86,1
31.0,76.25,2023-06-05,1,1.47,1.47,1.47,1
31.0,76.25,2023-06-06,1,4.54,4.54,4.54,1
31.0,76.25,2023-06-08,1,5.44,5.44,5.44,1
31.0,76.25,2023-06-09,6,121.06,20.176666666666666,50.17,1
31.0,76.25,2023-06-11,7,25.29,3.6128571428571425,8.7,1
31.0,76.25,2023-06-12,1,2.57,2.57,2.57,1
31.0,76.25,2023-06-13,5,18.96,3.7920000000000003,4.8,1
31.0,76.25,2023-06-14,6,47.980000000000004,7.996666666666667,17.03,1
31.0,76.25,2023-06-16,7,20.59,2.9414285714285713,7.51,1
31.0,76.25,2023-06-17,7,24.33,3.4757142857142855,5.28,1
31.0,76.25,2023-06-18,3,10.43,3.4766666666666666,5.35,1
31.0,76.25,2023-06-19,3,18.68,6.226666666666667,8.04,1
31.0,76.25,2023-06-20,4,18.87,4.7175,8.22,1
31.0,76.25,2023-06-21,13,55.519999999999996,4.270769230769231,9.27,1
31.0,76.25,2023-06-23,1,5.43,5.43,5.43,1
31.0,76.25,2023-06-24,1,0.74,0.74,0.74,1
31.0,76.25,2023-06-25,4,17.61,4.4025,7.23,1
31.0,76.25,2023-07-01,3,8.92,2.973333333333333,3.44,1
31.0,76.25,2023-07-02,8,37.07,4.63375,10.15,1
31.0,76.25,2023-07-03,1,3.91,3.91,3.91,1
31.0,76.25,2023-07-13,1,4.08,4.08,4.08,1
31.0,76.25,2023-07-24,1,3.44,3.44,3.44,1
31.0,76.25,2023-07-29,1,4.5,4.5,4.5,1
31.0,76.25,2023-08-01,1,10.01,10.01,10.01,1
31.0,76.25,2023-08-30,1,4.93,4.93,4.93,1
31.0,76.25,2023-09-29,2,5.59,2.795,2.97,1
31.0,76.25,2023-09-30,1,3.43,3.43,3.43,1
31.0,76.25,2023-10-02,1,4.45,4.45,4.45,1
31.0,76.25,2023-10-04,4,31.07,7.7675,12.71,1
31.0,76.25,2023-10-05,1,2.18,2.18,2.18,1
31.0,76.25,2023-10-06,2,4.3,2.15,2.35,1
31.0,76.25,2023-10-08,1,4.67,4.67,4.67,1
31.0,76.25,2023-10-12,3,33.760000000000005,11.253333333333336,16.51,1
31.0,76.25,2023-10-13,1,3.11,3.11,3.11,1
31.0,76.25,2023-10-14,5,13.65,2.73,3.96,1
31.0,76.25,2023-10-19,2,13.77,6.885,9.98,1
31.0,76.25,2023-10-20,2,4.8,2.4,3.0,1
31.0,76.25,2023-10-21,4,6.64,1.66,2.15,1
31.0,76.25,2023-10-23,6,12.450000000000001,2.075,3.85,1
31.0,76.25,2023-10-24,12,36.69,3.0574999999999997,6.95,1
31.0,76.25,2023-10-25,10,50.09,5.009,12.42,1
31.0,76.25,2023-10-26,12,57.29,4.774166666666667,11.73,1
31.0,76.25,2023-10-27,18,90.86,5.047777777777778,14.95,1
31.0,76.25,2023-10-28,7,28.880000000000003,4.125714285714286,8.56,1
31.0,76.25,2023-10-29,35,193.46,5.527428571428572,12.44,1
31.0,76.25,2023-10-30,14,91.71,6.550714285714285,20.85,1
31.0,76.25,2023-10-31,51,206.25,4.044117647058823,14.41,1
31.0,76.25,2023-11-01,47,264.8,5.63404255319149,43.16,1
31.0,76.25,2023-11-03,28,218.6,7.807142857142857,28.82,1
31.0,76.25,2023-11-04,40,327.04,8.176,27.51,1
31.0,76.25,2023-11-05,136,743.65,5.468014705882353,16.97,1
31.0,76.25,2023-11-06,33,131.45,3.983333333333333,11.68,1
31.0,76.25,2023-11-07,40,267.9,6.6975,26.38,1
31.0,76.25,2023-11-08,22,115.68,5.258181818181819,15.86,1
31.0,76.25,2023-11-09,17,69.35,4.079411764705882,6.53,1
31.0,76.25,2023-11-11,2,6.300000000000001,3.1500000000000004,4.44,1
31.0,76.25,2023-11-12,31,139.51,4.500322580645161,11.54,1
31.0,76.25,2023-11-13,2,24.36,12.18,12.18,1
31.0,76.25,2023-11-14,8,23.17,2.89625,5.15,1
31.0,76.25,2023-11-15,15,83.49000000000001,5.566000000000001,9.81,1
31.0,76.25,2023-11-16,10,78.57000000000001,7.857000000000001,35.59,1
31.0,76.25,2023-11-17,11,48.519999999999996,4.41090909090909,10.64,1
31.0,76.25,2023-11-18,3,12.129999999999999,4.043333333333333,4.63,1
31.0,76.25,2023-11-19,4,13.760000000000002,3.4400000000000004,4.32,1
31.0,76.25,2023-11-21,1,4.43,4.43,4.43,1
31.0,76.25,2023-11-22,2,3.05,1.525,1.55,1
31.0,76.25,2023-11-24,2,2.58,1.29,1.3,1
31.0,76.25,2023-11-27,2,1.5,0.75,0.83,1
31.0,76.25,2023-11-28,1,1.73,1.73,1.73,1
31.0,76.25,2023-12-01,1,0.67,0.67,0.67,1
31.0,76.25,2023-12-07,1,2.67,2.67,2.67,1
31.0,76.25,2023-12-08,1,3.74,3.74,3.74,1
31.0,76.25,2023-12-11,2,4.21,2.105,2.3,1
31.0,76.25,2023-12-13,1,1.74,1.74,1.74,1
31.0,76.25,2023-12-16,1,2.72,2.72,2.72,1
31.0,76.25,2023-12-17,1,3.03,3.03,3.03,1
31.0,76.25,2023-12-18,1,2.72,2.72,2.72,1
31.0,76.25,2023-12-19,2,5.300000000000001,2.6500000000000004,3.2,1
31.0,76.25,2023-12-20,1,1.85,1.85,1.85,1
31.0,76.25,2023-12-21,1,1.72,1.72,1.72,1
31.0,76.25,2023-12-23,2,8.93,4.465,5.29,1
31.0,76.25,2023-12-27,1,2.15,2.15,2.15,1
31.0,76.25,2024-01-03,5,15.92,3.184,4.42,1
31.0,76.25,2024-01-18,2,9.76,4.88,5.96,1
31.0,76.25,2024-01-23,1,5.15,5.15,5.15,1
31.0,76.25,2024-01-29,2,4.18,2.09,2.89,1
31.0,76.25,2024-01-30,1,5.86,5.86,5.86,1
31.0,76.25,2024-02-09,3,15.57,5.19,7.08,1
31.0,76.25,2024-02-10,4,14.399999999999999,3.5999999999999996,6.47,1
31.0,76.25,2024-02-11,2,5.94,2.97,3.74,1
31.0,76.25,2024-02-13,1,1.83,1.83,1.83,1
31.0,76.25,2024-02-14,1,3.84,3.84,3.84,1
31.0,76.25,2024-02-15,6,28.97,4.828333333333333,9.3,1
31.0,76.25,2024-02-16,5,20.4,4.08,5.33,1
31.0,76.25,2024-02-17,2,13.07,6.535,8.52,1
31.0,76.25,2024-02-19,2,5.510000000000001,2.7550000000000003,5.11,1
31.0,76.25,2024-02-20,2,3.04,1.52,2.56,1
31.0,76.25,2024-02-22,1,1.73,1.73,1.73,1
31.0,76.25,2024-02-25,1,5.86,5.86,5.86,1
31.0,76.25,2024-02-28,2,11.91,5.955,8.98,1
31.0,76.25,2024-02-29,3,13.24,4.413333333333333,6.26,1
31.0,76.25,2024-03-06,1,2.4,2.4,2.4,1
31.0,76.25,2024-03-07,1,7.14,7.14,7.14,1
31.0,76.25,2024-03-08,2,4.5600000000000005,2.2800000000000002,2.48,1
31.0,76.25,2024-03-09,4,13.14,3.285,4.72,1
31.0,76.25,2024-03-11,2,12.7,6.35,7.26,1
31.0,76.25,2024-03-14,2,7.12,3.56,5.08,1
31.0,76.25,2024-03-15,1,0.5,0.5,0.5,1
31.0,76.25,2024-03-16,2,5.1899999999999995,2.5949999999999998,3.23,1
31.0,76.25,2024-03-17,1,0.71,0.71,0.71,1
31.0,76.25,2024-03-18,3,19.130000000000003,6.376666666666668,8.78,1
31.0,76.25,2024-03-21,1,3.3,3.3,3.3,1
31.0,76.25,2024-03-23,1,3.51,3.51,3.51,1
31.0,76.25,2024-03-24,1,1.25,1.25,1.25,1
31.0,76.25,2024-03-28,1,0.19,0.19,0.19,1
31.0,76.25,2024-04-02,1,0.77,0.77,0.77,1
31.0,76.25,2024-04-05,2,4.970000000000001,2.4850000000000003,2.85,1
31.0,76.25,2024-04-08,1,5.06,5.06,5.06,1
31.0,76.25,2024-04-10,1,3.39,3.39,3.39,1
31.0,76.25,2024-04-21,1,5.69,5.69,5.69,1
31.0,76.25,2024-04-23,1,0.9,0.9,0.9,1
31.0,76.25,2024-04-25,2,10.02,5.01,5.01,1
31.0,76.25,2024-05-01,2,6.37,3.185,3.19,1
31.0,76.25,2024-05-02,11,56.83,5.166363636363636,9.64,1
31.0,76.25,2024-05-03,3,12.1,4.033333333333333,6.22,1
31.0,76.25,2024-05-04,4,20.75,5.1875,6.84,1
31.0,76.25,2024-05-05,5,42.78,8.556000000000001,12.47,1
31.0,76.25,2024-05-06,2,12.61,6.305,6.47,1
31.0,76.25,2024-05-07,7,59.45,8.492857142857144,10.91,1
31.0,76.25,2024-05-08,3,9.71,3.236666666666667,3.79,1
31.0,76.25,2024-05-09,4,10.64,2.66,3.84,1
31.0,76.25,2024-05-10,33,173.86,5.2684848484848485,23.47,1
31.0,76.25,2024-05-11,14,118.25,8.446428571428571,25.6,1
31.0,76.25,2024-05-12,52,230.68,4.436153846153847,23.79,1
31.0,76.25,2024-05-13,86,481.2,5.595348837209302,18.87,1
31.0,76.25,2024-05-14,89,944.01,10.60685393258427,62.21,1
31.0,76.25,2024-05-15,54,414.48,7.6755555555555555,23.46,1
31.0,76.25,2024-05-16,30,321.67,10.722333333333333,51.24,1
31.0,76.25,2024-05-17,50,733.1,14.662,78.19,1
31.0,76.25,2024-05-18,92,565.41,6.145760869565217,20.9,1
31.0,76.25,2024-05-19,61,421.96,6.9173770491803275,39.73,1
31.0,76.25,2024-05-20,47,384.07,8.171702127659575,41.96,1
31.0,76.25,2024-05-21,18,113.9,6.327777777777778,15.13,1
31.0,76.25,2024-05-22,15,80.89,5.392666666666667,10.83,1
31.0,76.25,2024-05-23,22,96.01,4.364090909090909,15.92,1
31.0,76.25,2024-05-24,9,67.92999999999999,7.547777777777777,16.09,1
31.0,76.25,2024-05-25,19,202.85,10.676315789473684,18.94,1
31.0,76.25,2024-05-26,7,52.32,7.474285714285714,13.92,1
31.0,76.25,2024-05-27,1,5.74,5.74,5.74,1
31.0,76.25,2024-05-28,2,21.86,10.93,11.72,1
31.0,76.25,2024-05-29,4,40.67,10.1675,18.43,1
31.0,76.25,2024-06-04,3,10.27,3.4233333333333333,5.29,1
31.0,76.25,2024-06-05,2,16.61,8.305,10.06,1
31.0,76.25,2024-06-06,5,16.29,3.258,3.83,1
31.0,76.25,2024-06-09,5,21.09,4.218,10.01,1
31.0,76.25,2024-06-10,4,15.27,3.8175,7.7,1
31.0,76.25,2024-06-11,4,45.86,11.465,14.87,1
31.0,76.25,2024-06-12,3,25.15,8.383333333333333,11.36,1
31.0,76.25,2024-06-13,9,64.1,7.122222222222222,10.91,1
31.0,76.25,2024-06-14,14,59.84,4.274285714285715,8.96,1
31.0,76.25,2024-06-15,15,116.88,7.792,10.98,1
31.0,76.25,2024-06-16,14,239.8,17.12857142857143,68.54,1
31.0,76.25,2024-06-17,1,4.88,4.88,4.88,1
31.0,76.25,2024-06-18,13,68.23,5.248461538461539,11.05,1
31.0,76.25,2024-06-19,34,320.69,9.432058823529411,28.7,1
31.0,76.25,2024-06-20,6,15.98,2.6633333333333336,4.44,1
31.0,76.25,2024-06-23,13,44.18,3.3984615384615386,8.86,1
31.0,76.25,2024-06-24,6,29.52,4.92,12.8,1
31.0,76.25,2024-06-26,6,36.39,6.065,7.37,1
31.0,76.25,2024-06-29,3,10.86,3.6199999999999997,5.44,1
31.0,76.25,2024-07-09,1,3.93,3.93,3.93,1
31.0,76.25,2024-08-14,1,1.49,1.49,1.49,1
31.0,76.25,2024-08-30,1,1.9,1.9,1.9,1
31.0,76.25,2024-09-01,1,4.82,4.82,4.82,1
31.0,76.25,2024-09-19,2,2.1,1.05,1.76,1
31.0,76.25,2024-09-24,1,1.54,1.54,1.54,1
31.0,76.25,2024-09-25,1,5.62,5.62,5.62,1
31.0,76.25,2024-09-29,1,0.58,0.58,0.58,1
31.0,76.25,2024-09-30,1,0.77,0.77,0.77,1
31.0,76.25,2024-10-01,2,3.9000000000000004,1.9500000000000002,3.1,1
31.0,76.25,2024-10-02,1,2.61,2.61,2.61,1
31.0,76.25,2024-10-06,2,2.7600000000000002,1.3800000000000001,2.39,1
31.0,76.25,2024-10-07,1,1.27,1.27,1.27,1
31.0,76.25,2024-10-11,1,3.75,3.75,3.75,1
31.0,76.25,2024-10-12,6,22.08,3.6799999999999997,4.82,1
31.0,76.25,2024-10-15,2,13.149999999999999,6.574999999999999,6.84,1
31.0,76.25,2024-10-17,2,9.73,4.865,7.57,1
31.0,76.25,2024-10-18,1,4.02,4.02,4.02,1
31.0,76.25,2024-10-19,2,14.33,7.165,7.45,1
31.0,76.25,2024-10-20,5,13.86,2.772,3.87,1
31.0,76.25,2024-10-22,3,10.23,3.41,4.99,1
31.0,76.25,2024-10-23,2,7.03,3.515,5.45,1
31.0,76.25,2024-10-25,1,1.39,1.39,1.39,1
31.0,76.25,2024-10-26,8,57.989999999999995,7.248749999999999,12.07,1
31.0,76.25,2024-10-27,3,7.41,2.47,5.98,1
31.0,76.25,2024-10-28,3,10.23,3.41,4.86,1
31.0,76.25,2024-10-29,3,21.71,7.236666666666667,11.9,1
31.0,76.25,2024-10-30,1,2.22,2.22,2.22,1
31.0,76.25,2024-10-31,5,33.36,6.672,11.6,1
31.0,76.25,2024-11-01,17,82.24,4.837647058823529,20.74,1
31.0,76.25,2024-11-02,11,70.14,6.376363636363636,38.27,1
31.0,76.25,2024-11-07,9,37.71,4.19,7.35,1
31.0,76.25,2024-11-08,6,22.06,3.6766666666666663,7.3,1
31.0,76.25,2024-11-09,3,14.15,4.716666666666667,7.17,1
31.0,76.25,2024-11-10,4,11.44,2.86,3.04,1
31.0,76.25,2024-11-11,1,1.69,1.69,1.69,1
31.0,76.25,2024-11-14,2,7.52,3.76,5.27,1
31.0,76.25,2024-11-18,7,46.26,6.6085714285714285,15.85,1
31.0,76.25,2024-11-19,9,32.67,3.6300000000000003,5.88,1
31.0,76.25,2024-11-20,5,18.94,3.7880000000000003,5.65,1
31.0,76.25,2024-11-23,3,6.06,2.02,3.76,1
31.0,76.25,2024-11-24,2,15.709999999999999,7.8549999999999995,12.87,1
31.0,76.25,2024-11-25,2,2.91,1.455,2.54,1
31.0,76.25,2024-11-26,1,5.98,5.98,5.98,1
31.0,76.25,2024-11-28,1,3.47,3.47,3.47,1
31.0,76.25,2024-11-29,4,22.099999999999998,5.5249999999999995,8.77,1
31.0,76.25,2024-12-03,2,3.41,1.705,2.66,1
31.0,76.25,2024-12-04,1,2.57,2.57,2.57,1
31.0,76.25,2024-12-05,1,0.75,0.75,0.75,1
31.0,76.25,2024-12-06,3,12.48,4.16,6.32,1
31.0,76.25,2024-12-10,1,3.03,3.03,3.03,1
31.0,76.25,2024-12-11,1,5.16,5.16,5.16,1
31.0,76.25,2024-12-14,4,12.82,3.205,3.92,1
31.0,76.25,2024-12-15,2,7.49,3.745,4.16,1
31.0,76.25,2024-12-16,1,2.55,2.55,2.55,1
31.0,76.25,2024-12-20,2,5.51,2.755,2.76,1
31.0,76.25,2024-12-22,1,3.58,3.58,3.58,1
31.0,76.25,2024-12-24,1,3.25,3.25,3.25,1
31.0,76.25,2024-12-26,2,3.8400000000000003,1.9200000000000002,2.22,1
31.0,76.25,2025-01-05,1,1.97,1.97,1.97,1
31.0,76.25,2025-01-09,1,3.35,3.35,3.35,1
31.0,76.25,2025-01-21,4,6.78,1.695,3.47,1
31.0,76.25,2025-01-22,3,11.14,3.7133333333333334,6.94,1
31.0,76.25,2025-01-23,2,8.129999999999999,4.0649999999999995,5.58,1
31.0,76.25,2025-01-26,2,9.45,4.725,7.13,1
31.0,76.25,2025-01-27,2,10.639999999999999,5.319999999999999,8.12,1
31.0,76.25,2025-01-28,4,19.619999999999997,4.904999999999999,8.83,1
31.0,76.25,2025-01-30,3,9.8,3.266666666666667,3.49,1
31.0,76.25,2025-02-02,5,25.64,5.128,11.01,1
31.0,76.25,2025-02-06,1,2.92,2.92,2.92,1
31.0,76.25,2025-02-09,1,3.16,3.16,3.16,1
31.0,76.25,2025-02-11,1,3.43,3.43,3.43,1
31.0,76.25,2025-02-12,1,2.43,2.43,2.43,1
31.0,76.25,2025-02-15,1,2.14,2.14,2.14,1
31.0,76.25,2025-02-16,1,1.72,1.72,1.72,1
31.0,76.25,2025-02-17,5,13.39,2.678,3.89,1
31.0,76.25,2025-02-18,1,5.59,5.59,5.59,1
31.0,76.25,2025-02-21,1,0.5,0.5,0.5,1
31.0,76.25,2025-02-23,1,2.64,2.64,2.64,1
31.0,76.25,2025-03-03,2,5.7,2.85,3.12,1
31.0,76.25,2025-03-06,2,4.02,2.01,2.09,1
31.0,76.25,2025-03-07,1,9.21,9.21,9.21,1
31.0,76.25,2025-03-08,1,13.69,13.69,13.69,1
31.0,76.25,2025-03-12,1,3.4,3.4,3.4,1
31.0,76.25,2025-03-16,1,10.77,10.77,10.77,1
31.0,76.25,2025-03-17,1,8.51,8.51,8.51,1
31.0,76.25,2025-03-18,1,3.46,3.46,3.46,1
31.0,76.25,2025-03-19,3,7.9,2.6333333333333333,2.9,1
31.0,76.25,2025-03-20,1,36.72,36.72,36.72,1
31.0,76.25,2025-03-21,2,43.96,21.98,22.76,1
31.0,76.25,2025-03-23,1,4.2,4.2,4.2,1
31.0,76.25,2025-03-25,1,3.9,3.9,3.9,1
31.0,76.25,2025-03-28,1,3.92,3.92,3.92,1
31.0,76.25,2025-03-29,3,19.04,6.346666666666667,11.33,1
31.0,76.25,2025-03-30,1,5.3,5.3,5.3,1
31.0,76.25,2025-04-01,1,2.05,2.05,2.05,1
31.0,76.25,2025-04-02,1,4.11,4.11,4.11,1
31.0,76.25,2025-04-03,1,3.99,3.99,3.99,1
31.0,76.25,2025-04-04,1,1.53,1.53,1.53,1
31.0,76.25,2025-04-05,1,0.51,0.51,0.51,1
31.0,76.25,2025-04-06,1,4.26,4.26,4.26,1
31.0,76.25,2025-04-11,1,2.59,2.59,2.59,1
31.0,76.25,2025-04-12,1,3.29,3.29,3.29,1
31.0,76.25,2025-04-13,1,2.56,2.56,2.56,1
31.0,76.25,2025-04-16,3,36.38,12.126666666666667,14.63,1
31.0,76.25,2025-04-19,2,9.32,4.66,4.66,1
31.0,76.25,2025-04-24,1,2.64,2.64,2.64,1
31.0,76.25,2025-04-25,10,173.16,17.316,43.41,1
31.0,76.25,2025-04-27,2,22.9,11.45,12.7,1
31.0,76.25,2025-04-28,1,13.04,13.04,13.04,1
31.0,76.25,2025-04-29,8,29.75,3.71875,6.89,1
31.0,76.25,2025-04-30,3,40.44,13.479999999999999,19.58,1
31.0,76.25,2025-05-01,8,61.39,7.67375,26.93,1
31.0,76.25,2025-05-03,8,220.28,27.535,103.3,1
31.0,76.25,2025-05-06,5,27.82,5.564,11.02,1
31.0,76.25,2025-05-07,8,115.99,14.49875,35.07,1
31.0,76.25,2025-05-08,17,57.59,3.3876470588235295,10.64,1
31.0,76.25,2025-05-10,20,95.75,4.7875,9.44,1
31.0,76.25,2025-05-11,87,471.01,5.413908045977012,28.54,1
31.0,76.25,2025-05-12,31,346.45,11.175806451612903,75.09,1
31.0,76.25,2025-05-13,63,322.28,5.115555555555555,16.11,1
31.0,76.25,2025-05-14,62,400.62,6.461612903225807,22.21,1
31.0,76.25,2025-05-15,79,631.14,7.989113924050633,37.45,1
31.0,76.25,2025-05-16,77,335.04,4.351168831168831,16.23,1
31.0,76.25,2025-05-17,52,374.17,7.195576923076923,16.03,1
31.0,76.25,2025-05-18,80,556.6899999999999,6.958625,42.0,1
31.0,76.25,2025-05-19,9,34.05,3.783333333333333,6.94,1
31.0,76.25,2025-05-20,30,211.88,7.062666666666667,33.84,1
31.0,76.25,2025-05-21,17,56.63,3.3311764705882356,8.4,1
31.0,76.25,2025-05-22,14,51.62,3.687142857142857,10.23,1
31.0,76.25,2025-05-23,26,135.07,5.194999999999999,24.45,1
31.0,76.25,2025-05-24,31,121.63,3.923548387096774,8.05,1
31.0,76.25,2025-05-25,22,115.05,5.2295454545454545,18.42,1
31.0,76.25,2025-05-26,12,63.48,5.29,11.67,1
31.0,76.25,2025-05-27,8,43.19,5.39875,9.49,1
31.0,76.25,2025-05-28,2,7.25,3.625,5.97,1
31.0,76.25,2025-05-29,9,82.61,9.178888888888888,14.42,1
31.0,76.25,2025-05-30,2,2.74,1.37,1.54,1
31.0,76.25,2025-05-31,12,43.05,3.5875,7.44,1
31.0,76.25,2025-06-01,9,38.73,4.303333333333333,7.14,1
31.0,76.25,2025-06-02,2,14.11,7.055,11.04,1
31.0,76.25,2025-06-03,3,9.7,3.233333333333333,3.32,1
31.0,76.25,2025-06-04,1,3.15,3.15,3.15,1
31.0,76.25,2025-06-05,3,18.810000000000002,6.2700000000000005,12.56,1
31.0,76.25,2025-06-06,1,1.53,1.53,1.53,1
31.0,76.25,2025-06-07,2,6.6,3.3,4.6,1
31.0,76.25,2025-06-08,5,22.130000000000003,4.426,12.41,1
31.0,76.25,2025-06-09,1,6.95,6.95,6.95,1
31.0,76.25,2025-06-10,1,6.97,6.97,6.97,1
31.0,76.25,2025-06-11,5,48.44,9.687999999999999,17.52,1
31.0,76.25,2025-06-12,4,20.21,5.0525,7.62,1
31.0,76.25,2025-06-13,5,30.57,6.114,10.81,1
31.0,76.25,2025-06-14,18,67.06,3.7255555555555557,6.42,1
31.0,76.25,2025-06-19,2,8.120000000000001,4.0600000000000005,5.88,1
31.0,76.25,2025-06-27,1,6.93,6.93,6.93,1
31.0,76.25,2025-09-18,1,2.86,2.86,2.86,1
31.0,76.25,2025-09-27,1,2.41,2.41,2.41,1
31.0,76.25,2025-10-01,1,5.96,5.96,5.96,1
31.0,76.25,2025-10-04,2,4.73,2.365,3.17,1
31.0,76.25,2025-10-14,1,1.42,1.42,1.42,1
31.0,76.25,2025-10-19,1,1.78,1.78,1.78,1
31.0,76.25,2025-10-21,1,3.8,3.8,3.8,1
31.0,76.25,2025-10-24,2,7.02,3.51,3.76,1
31.0,76.25,2025-10-26,6,17.68,2.9466666666666668,4.0,1
31.0,76.25,2025-10-28,2,3.55,1.775,2.73,1
31.0,76.25,2025-10-29,3,14.280000000000001,4.760000000000001,6.42,1
31.0,76.25,2025-10-31,3,8.21,2.736666666666667,3.28,1
31.0,76.25,2025-11-01,2,8.280000000000001,4.140000000000001,4.44,1
31.0,76.25,2025-11-02,2,8.2,4.1,4.99,1
31.0,76.25,2025-11-03,3,20.2,6.733333333333333,8.58,1
31.0,76.25,2025-11-04,7,35.160000000000004,5.022857142857143,14.74,1
31.0,76.25,2025-11-05,6,21.17,3.5283333333333338,6.53,1
31.0,76.25,2025-11-06,4,12.879999999999999,3.2199999999999998,4.62,1
31.0,76.25,2025-11-07,1,4.05,4.05,4.05,1
31.0,76.25,2025-11-08,1,8.26,8.26,8.26,1
31.0,76.25,2025-11-09,2,14.91,7.455,7.85,1
31.0,76.25,2025-11-10,2,5.38,2.69,3.45,1
31.0,76.25,2025-11-11,3,9.79,3.263333333333333,3.51,1
31.0,76.25,2025-11-19,3,9.82,3.2733333333333334,5.09,1
31.0,76.25,2025-11-25,1,9.42,9.42,9.42,1
31.0,76.25,2025-12-01,1,0.76,0.76,0.76,1
31.0,76.25,2025-12-05,1,2.74,2.74,2.74,1
31.0,76.25,2025-12-07,2,4.51,2.255,3.12,1
31.0,76.25,2025-12-22,1,0.3,0.3,0.3,1
31.0,76.25,2025-12-24,1,1.53,1.53,1.53,1
31.0,76.25,2025-12-28,1,1.25,1.25,1.25,1
31.0,76.875,2023-02-02,2,6.2,3.1,3.18,1
31.0,76.875,2023-02-06,1,2.46,2.46,2.46,1
31.0,76.875,2023-02-07,1,3.94,3.94,3.94,1
31.0,76.875,2023-02-08,1,1.52,1.52,1.52,1
31.0,76.875,2023-02-12,1,0.62,0.62,0.62,1
31.0,76.875,2023-02-23,1,3.01,3.01,3.01,1
31.0,76.875,2023-02-24,2,4.7,2.35,3.92,1
31.0,76.875,2023-02-27,2,10.14,5.07,7.45,1
31.0,76.875,2023-03-02,2,7.950000000000001,3.9750000000000005,4.48,1
31.0,76.875,2023-03-05,2,8.36,4.18,5.24,1
31.0,76.875,2023-03-06,1,5.27,5.27,5.27,1
31.0,76.875,2023-03-07,4,56.69,14.1725,36.46,1
31.0,76.875,2023-03-08,1,2.57,2.57,2.57,1
31.0,76.875,2023-03-12,2,10.07,5.035,6.61,1
31.0,76.875,2023-03-13,1,0.46,0.46,0.46,1
31.0,76.875,2023-03-14,2,2.83,1.415,2.03,1
31.0,76.875,2023-03-15,3,10.59,3.53,3.97,1
31.0,76.875,2023-03-16,1,3.54,3.54,3.54,1
31.0,76.875,2023-03-26,1,0.78,0.78,0.78,1
31.0,76.875,2023-04-06,1,0.96,0.96,0.96,1
31.0,76.875,2023-04-07,1,2.77,2.77,2.77,1
31.0,76.875,2023-04-10,1,0.93,0.93,0.93,1
31.0,76.875,2023-04-12,1,2.11,2.11,2.11,1
31.0,76.875,2023-04-14,1,0.4,0.4,0.4,1
31.0,76.875,2023-04-15,1,0.5,0.5,0.5,1
31.0,76.875,2023-04-22,2,0.96,0.48,0.72,1
31.0,76.875,2023-04-28,1,0.89,0.89,0.89,1
31.0,76.875,2023-05-07,1,0.25,0.25,0.25,1
31.0,76.875,2023-05-09,1,0.56,0.56,0.56,1
31.0,76.875,2023-05-13,4,3.81,0.9525,2.57,1
31.0,76.875,2023-05-14,2,6.48,3.24,5.7,1
31.0,76.875,2023-05-15,2,15.190000000000001,7.595000000000001,9.57,1
31.0,76.875,2023-05-16,1,4.85,4.85,4.85,1
31.0,76.875,2023-05-17,2,3.82,1.91,2.55,1
31.0,76.875,2023-05-18,4,10.65,2.6625,4.4,1
31.0,76.875,2023-05-19,4,6.3500000000000005,1.5875000000000001,2.17,1
31.0,76.875,2023-05-20,1,5.88,5.88,5.88,1
31.0,76.875,2023-05-21,1,3.96,3.96,3.96,1
31.0,76.875,2023-05-22,3,12.51,4.17,6.0,1
31.0,76.875,2023-06-02,1,0.81,0.81,0.81,1
31.0,76.875,2023-06-07,1,0.51,0.51,0.51,1
31.0,76.875,2023-06-08,2,1.09,0.545,0.78,1
31.0,76.875,2023-06-14,1,0.66,0.66,0.66,1
31.0,76.875,2023-06-15,1,0.63,0.63,0.63,1
31.0,76.875,2023-06-16,1,3.03,3.03,3.03,1
31.0,76.875,2023-06-17,1,0.32,0.32,0.32,1
31.0,76.875,2023-06-20,1,0.96,0.96,0.96,1
31.0,76.875,2023-08-28,1,0.52,0.52,0.52,1
31.0,76.875,2023-09-08,1,0.29,0.29,0.29,1
31.0,76.875,2023-09-25,1,3.42,3.42,3.42,1
31.0,76.875,2023-09-27,8,112.54,14.0675,22.87,1
31.0,76.875,2023-10-03,1,7.56,7.56,7.56,1
31.0,76.875,2023-10-05,1,1.5,1.5,1.5,1
31.0,76.875,2023-10-12,1,3.96,3.96,3.96,1
31.0,76.875,2023-10-20,1,0.91,0.91,0.91,1
31.0,76.875,2023-10-24,5,14.93,2.9859999999999998,6.37,1
31.0,76.875,2023-10-25,1,3.75,3.75,3.75,1
31.0,76.875,2023-10-26,1,2.74,2.74,2.74,1
31.0,76.875,2023-10-27,1,4.21,4.21,4.21,1
31.0,76.875,2023-10-29,1,0.72,0.72,0.72,1
31.0,76.875,2023-10-31,2,3.36,1.68,2.67,1
31.0,76.875,2023-11-01,2,6.73,3.365,3.75,1
31.0,76.875,2023-11-04,1,0.4,0.4,0.4,1
31.0,76.875,2023-11-05,2,7.3,3.65,3.69,1
31.0,76.875,2023-11-06,1,2.48,2.48,2.48,1
31.0,76.875,2023-11-08,1,2.21,2.21,2.21,1
31.0,76.875,2023-11-14,1,2.77,2.77,2.77,1
31.0,76.875,2023-11-16,1,0.46,0.46,0.46,1
31.0,76.875,2023-11-17,1,0.54,0.54,0.54,1
31.0,76.875,2023-11-21,1,3.74,3.74,3.74,1
31.0,76.875,2023-11-24,1,3.78,3.78,3.78,1
31.0,76.875,2023-11-27,1,0.78,0.78,0.78,1
31.0,76.875,2023-12-02,1,0.39,0.39,0.39,1
31.0,76.875,2023-12-06,1,0.92,0.92,0.92,1
31.0,76.875,2023-12-11,1,0.7,0.7,0.7,1
31.0,76.875,2023-12-13,1,2.27,2.27,2.27,1
31.0,76.875,2023-12-16,1,2.78,2.78,2.78,1
31.0,76.875,2023-12-18,2,2.8899999999999997,1.4449999999999998,2.17,1
31.0,76.875,2023-12-23,1,2.22,2.22,2.22,1
31.0,76.875,2023-12-28,1,0.72,0.72,0.72,1
31.0,76.875,2023-12-29,1,0.71,0.71,0.71,1
31.0,76.875,2024-01-02,1,0.72,0.72,0.72,1
31.0,76.875,2024-01-09,1,0.72,0.72,0.72,1
31.0,76.875,2024-01-11,1,5.57,5.57,5.57,1
31.0,76.875,2024-01-13,2,1.03,0.515,0.69,1
31.0,76.875,2024-01-18,1,4.11,4.11,4.11,1
31.0,76.875,2024-01-24,1,5.44,5.44,5.44,1
31.0,76.875,2024-01-25,1,1.72,1.72,1.72,1
31.0,76.875,2024-01-30,1,1.32,1.32,1.32,1
31.0,76.875,2024-02-02,2,16.78,8.39,8.92,1
31.0,76.875,2024-02-10,1,2.73,2.73,2.73,1
31.0,76.875,2024-02-14,1,0.8,0.8,0.8,1
31.0,76.875,2024-02-15,3,4.85,1.6166666666666665,2.98,1
31.0,76.875,2024-02-19,1,2.89,2.89,2.89,1
31.0,76.875,2024-02-29,2,7.800000000000001,3.9000000000000004,4.48,1
31.0,76.875,2024-03-07,1,2.55,2.55,2.55,1
31.0,76.875,2024-03-14,1,3.1,3.1,3.1,1
31.0,76.875,2024-03-19,1,2.28,2.28,2.28,1
31.0,76.875,2024-03-20,1,5.3,5.3,5.3,1
31.0,76.875,2024-03-23,1,0.86,0.86,0.86,1
31.0,76.875,2024-04-01,1,0.43,0.43,0.43,1
31.0,76.875,2024-04-02,1,0.6,0.6,0.6,1
31.0,76.875,2024-04-04,1,1.18,1.18,1.18,1
31.0,76.875,2024-04-05,3,12.1,4.033333333333333,5.04,1
31.0,76.875,2024-04-06,1,4.87,4.87,4.87,1
31.0,76.875,2024-04-07,3,1.08,0.36000000000000004,0.44,1
31.0,76.875,2024-04-09,2,13.18,6.59,7.22,1
31.0,76.875,2024-04-12,1,1.33,1.33,1.33,1
31.0,76.875,2024-04-16,1,1.55,1.55,1.55,1
31.0,76.875,2024-04-17,1,3.94,3.94,3.94,1
31.0,76.875,2024-04-18,2,8.52,4.26,6.54,1
31.0,76.875,2024-04-19,1,3.93,3.93,3.93,1
31.0,76.875,2024-04-24,1,3.06,3.06,3.06,1
31.0,76.875,2024-04-25,2,2.33,1.165,1.28,1
31.0,76.875,2024-04-27,2,0.77,0.385,0.39,1
31.0,76.875,2024-04-28,2,15.06,7.53,9.64,1
31.0,76.875,2024-04-29,1,0.7,0.7,0.7,1
31.0,76.875,2024-04-30,3,4.09,1.3633333333333333,2.91,1
31.0,76.875,2024-05-01,3,10.82,3.606666666666667,3.71,1
31.0,76.875,2024-05-02,23,121.46000000000001,5.280869565217392,17.91,1
31.0,76.875,2024-05-03,1,0.81,0.81,0.81,1
31.0,76.875,2024-05-04,14,44.279999999999994,3.1628571428571424,20.99,1
31.0,76.875,2024-05-05,17,62.49,3.6758823529411764,11.17,1
31.0,76.875,2024-05-06,11,219.56,19.96,117.2,1
31.0,76.875,2024-05-07,5,23.560000000000002,4.712000000000001,6.84,1
31.0,76.875,2024-05-08,5,20.34,4.068,6.27,1
31.0,76.875,2024-05-09,6,15.04,2.5066666666666664,4.84,1
31.0,76.875,2024-05-10,6,15.94,2.6566666666666667,4.81,1
31.0,76.875,2024-05-11,2,2.01,1.005,1.46,1
31.0,76.875,2024-05-12,2,19.22,9.61,14.64,1
31.0,76.875,2024-05-13,30,164.69,5.4896666666666665,18.52,1
31.0,76.875,2024-05-14,50,230.72,4.6144,13.33,1
31.0,76.875,2024-05-15,25,96.59,3.8636,9.66,1
31.0,76.875,2024-05-16,13,62.64,4.818461538461539,14.86,1
31.0,76.875,2024-05-17,24,106.35000000000001,4.43125,11.17,1
31.0,76.875,2024-05-18,32,226.18,7.068125,29.55,1
31.0,76.875,2024-05-19,29,124.64,4.297931034482759,12.89,1
31.0,76.875,2024-05-20,22,135.81,6.173181818181818,20.88,1
31.0,76.875,2024-05-21,38,154.47,4.065,11.99,1
31.0,76.875,2024-05-22,7,42.730000000000004,6.104285714285715,11.9,1
31.0,76.875,2024-05-23,8,27.59,3.44875,7.04,1
31.0,76.875,2024-05-24,4,19.03,4.7575,7.56,1
31.0,76.875,2024-05-25,13,71.88,5.529230769230769,11.49,1
31.0,76.875,2024-05-26,38,175.79,4.626052631578947,18.44,1
31.0,76.875,2024-05-27,25,204.09,8.1636,43.84,1
31.0,76.875,2024-05-28,31,204.65,6.601612903225806,40.26,1
31.0,76.875,2024-05-29,96,723.15,7.5328124999999995,41.65,1
31.0,76.875,2024-06-04,2,2.45,1.225,1.99,1
31.0,76.875,2024-06-05,7,29.299999999999997,4.185714285714285,9.26,1
31.0,76.875,2024-06-06,2,7.1000000000000005,3.5500000000000003,5.57,1
31.0,76.875,2024-06-07,1,12.22,12.22,12.22,1
31.0,76.875,2024-06-09,16,79.0,4.9375,10.56,1
31.0,76.875,2024-06-10,7,18.62,2.66,5.78,1
31.0,76.875,2024-06-11,11,49.28,4.48,21.28,1
31.0,76.875,2024-06-12,15,86.24,5.749333333333333,11.17,1
31.0,76.875,2024-06-13,22,81.98,3.7263636363636365,7.84,1
31.0,76.875,2024-06-14,3,6.529999999999999,2.1766666666666663,3.82,1
31.0,76.875,2024-06-15,2,7.3,3.65,5.72,1
31.0,76.875,2024-06-16,13,79.48,6.113846153846154,14.44,1
31.0,76.875,2024-06-17,11,55.519999999999996,5.047272727272727,11.56,1
31.0,76.875,2024-06-18,2,14.91,7.455,9.29,1
31.0,76.875,2024-06-19,2,45.7,22.85,28.49,1
31.0,76.875,2024-06-21,1,0.92,0.92,0.92,1
31.0,76.875,2024-06-23,1,0.94,0.94,0.94,1
31.0,76.875,2024-09-24,1,0.54,0.54,0.54,1
31.0,76.875,2024-10-01,1,0.32,0.32,0.32,1
31.0,76.875,2024-10-06,1,0.34,0.34,0.34,1
31.0,76.875,2024-10-07,1,0.21,0.21,0.21,1
31.0,76.875,2024-10-10,1,0.42,0.42,0.42,1
31.0,76.875,2024-10-12,2,4.800000000000001,2.4000000000000004,2.7,1
31.0,76.875,2024-10-19,1,2.64,2.64,2.64,1
31.0,76.875,2024-10-22,2,5.18,2.59,4.67,1
31.0,76.875,2024-10-26,1,3.64,3.64,3.64,1
31.0,76.875,2024-10-27,1,0.63,0.63,0.63,1
31.0,76.875,2024-10-28,4,9.49,2.3725,3.59,1
31.0,76.875,2024-11-02,1,1.61,1.61,1.61,1
31.0,76.875,2024-11-08,1,2.4,2.4,2.4,1
31.0,76.875,2024-11-10,1,1.51,1.51,1.51,1
31.0,76.875,2024-11-11,1,0.31,0.31,0.31,1
31.0,76.875,2024-11-12,1,0.55,0.55,0.55,1
31.0,76.875,2024-11-18,1,1.91,1.91,1.91,1
31.0,76.875,2024-11-20,1,1.57,1.57,1.57,1
31.0,76.875,2024-11-30,1,4.42,4.42,4.42,1
31.0,76.875,2024-12-03,1,0.3,0.3,0.3,1
31.0,76.875,2024-12-09,1,0.34,0.34,0.34,1
31.0,76.875,2024-12-13,1,2.07,2.07,2.07,1
31.0,76.875,2024-12-15,1,2.91,2.91,2.91,1
31.0,76.875,2024-12-16,2,6.890000000000001,3.4450000000000003,4.19,1
31.0,76.875,2024-12-17,1,1.41,1.41,1.41,1
31.0,76.875,2024-12-20,1,0.34,0.34,0.34,1
31.0,76.875,2024-12-25,1,1.9,1.9,1.9,1
31.0,76.875,2025-01-04,2,5.25,2.625,2.85,1
31.0,76.875,2025-01-05,1,7.96,7.96,7.96,1
31.0,76.875,2025-01-16,1,0.74,0.74,0.74,1
31.0,76.875,2025-01-21,1,0.61,0.61,0.61,1
31.0,76.875,2025-01-26,2,7.01,3.505,6.21,1
31.0,76.875,2025-01-27,1,0.68,0.68,0.68,1
31.0,76.875,2025-01-30,2,15.21,7.605,7.62,1
31.0,76.875,2025-02-01,2,2.8600000000000003,1.4300000000000002,2.16,1
31.0,76.875,2025-02-07,1,6.97,6.97,6.97,1
31.0,76.875,2025-02-08,1,0.84,0.84,0.84,1
31.0,76.875,2025-02-10,3,5.49,1.83,3.26,1
31.0,76.875,2025-02-11,1,1.05,1.05,1.05,1
31.0,76.875,2025-02-14,1,6.29,6.29,6.29,1
31.0,76.875,2025-02-17,3,12.39,4.13,7.03,1
31.0,76.875,2025-02-18,5,14.11,2.822,3.69,1
31.0,76.875,2025-03-05,1,2.27,2.27,2.27,1
31.0,76.875,2025-03-12,1,3.79,3.79,3.79,1
31.0,76.875,2025-03-17,1,2.7,2.7,2.7,1
31.0,76.875,2025-03-19,6,14.65,2.441666666666667,5.73,1
31.0,76.875,2025-03-20,6,5.6899999999999995,0.9483333333333333,1.76,1
31.0,76.875,2025-03-21,3,10.58,3.526666666666667,4.73,1
31.0,76.875,2025-03-22,2,5.62,2.81,3.06,1
31.0,76.875,2025-03-23,2,10.46,5.23,5.23,1
31.0,76.875,2025-03-26,4,2.8,0.7,1.3,1
31.0,76.875,2025-03-29,3,18.3,6.1000000000000005,8.72,1
31.0,76.875,2025-03-30,1,1.32,1.32,1.32,1
31.0,76.875,2025-03-31,3,2.31,0.77,1.0,1
31.0,76.875,2025-04-01,3,5.34,1.78,2.03,1
31.0,76.875,2025-04-02,1,0.61,0.61,0.61,1
31.0,76.875,2025-04-04,7,34.1,4.871428571428572,8.2,1
31.0,76.875,2025-04-05,6,14.690000000000001,2.4483333333333337,4.39,1
31.0,76.875,2025-04-06,6,42.41,7.0683333333333325,18.84,1
31.0,76.875,2025-04-07,1,0.26,0.26,0.26,1
31.0,76.875,2025-04-10,1,0.6,0.6,0.6,1
31.0,76.875,2025-04-18,3,13.200000000000001,4.4,4.73,1
31.0,76.875,2025-04-21,1,0.51,0.51,0.51,1
31.0,76.875,2025-04-22,2,7.51,3.755,5.83,1
31.0,76.875,2025-04-23,3,11.64,3.8800000000000003,6.09,1
31.0,76.875,2025-04-24,29,63.07,2.1748275862068964,3.99,1
31.0,76.875,2025-04-25,47,365.63,7.77936170212766,49.48,1
31.0,76.875,2025-04-26,26,125.49000000000001,4.826538461538462,13.82,1
31.0,76.875,2025-04-27,14,52.7,3.7642857142857147,10.82,1
31.0,76.875,2025-04-28,6,30.65,5.108333333333333,6.37,1
31.0,76.875,2025-04-29,1,5.57,5.57,5.57,1
31.0,76.875,2025-04-30,3,14.99,4.996666666666667,6.3,1
31.0,76.875,2025-05-03,2,20.98,10.49,16.3,1
31.0,76.875,2025-05-04,1,12.52,12.52,12.52,1
31.0,76.875,2025-05-08,1,1.55,1.55,1.55,1
31.0,76.875,2025-05-11,7,22.77,3.2528571428571427,4.49,1
31.0,76.875,2025-05-12,6,25.42,4.236666666666667,6.42,1
31.0,76.875,2025-05-13,4,11.85,2.9625,4.6,1
31.0,76.875,2025-05-14,1,1.07,1.07,1.07,1
31.0,76.875,2025-05-15,6,31.5,5.25,7.88,1
31.0,76.875,2025-05-16,5,20.79,4.1579999999999995,5.14,1
31.0,76.875,2025-05-18,8,17.8,2.225,4.59,1
31.0,76.875,2025-05-19,2,7.29,3.645,4.91,1
31.0,76.875,2025-05-20,3,9.34,3.1133333333333333,3.71,1
31.0,76.875,2025-05-21,4,12.719999999999999,3.1799999999999997,3.25,1
31.0,76.875,2025-05-23,1,2.14,2.14,2.14,1
31.0,76.875,2025-05-24,4,12.2,3.05,3.36,1
31.0,76.875,2025-05-25,3,7.76,2.5866666666666664,3.12,1
31.0,76.875,2025-05-28,1,2.13,2.13,2.13,1
31.0,76.875,2025-05-29,1,1.68,1.68,1.68,1
31.0,76.875,2025-05-31,2,5.45,2.725,3.59,1
31.0,76.875,2025-06-01,5,12.72,2.544,3.94,1
31.0,76.875,2025-06-02,4,17.87,4.4675,6.43,1
31.0,76.875,2025-06-08,2,5.45,2.725,2.87,1
31.0,76.875,2025-06-09,1,1.35,1.35,1.35,1
31.0,76.875,2025-06-15,1,1.58,1.58,1.58,1
31.0,76.875,2025-06-16,2,12.42,6.21,6.9,1
31.0,76.875,2025-06-26,1,5.28,5.28,5.28,1
31.0,76.875,2025-09-07,1,0.55,0.55,0.55,1
31.0,76.875,2025-09-29,1,0.25,0.25,0.25,1
31.0,76.875,2025-10-01,1,0.64,0.64,0.64,1
31.0,76.875,2025-10-08,1,0.29,0.29,0.29,1
31.0,76.875,2025-10-13,1,0.26,0.26,0.26,1
31.0,76.875,2025-10-15,1,0.61,0.61,0.61,1
31.0,76.875,2025-10-20,2,9.82,4.91,5.71,1
31.0,76.875,2025-10-21,1,0.5,0.5,0.5,1
31.0,76.875,2025-10-25,1,0.77,0.77,0.77,1
31.0,76.875,2025-10-28,1,0.24,0.24,0.24,1
31.0,76.875,2025-10-29,1,0.46,0.46,0.46,1
31.0,76.875,2025-11-05,1,0.34,0.34,0.34,1
31.0,76.875,2025-11-10,2,0.48,0.24,0.3,1
31.0,76.875,2025-11-15,1,0.48,0.48,0.48,1
31.0,76.875,2025-11-16,1,0.55,0.55,0.55,1
31.0,76.875,2025-11-21,1,0.25,0.25,0.25,1
31.0,76.875,2025-11-27,1,2.21,2.21,2.21,1
31.0,76.875,2025-11-30,1,1.65,1.65,1.65,1
31.0,76.875,2025-12-08,1,2.15,2.15,2.15,1
31.0,76.875,2025-12-09,1,0.25,0.25,0.25,1
31.0,76.875,2025-12-12,1,0.19,0.19,0.19,1
31.0,76.875,2025-12-17,1,2.95,2.95,2.95,1
31.0,76.875,2025-12-23,1,0.44,0.44,0.44,1
31.0,76.875,2025-12-28,1,0.57,0.57,0.57,1
31.5,73.125,2023-01-02,1,4.07,4.07,4.07,1
31.5,73.125,2023-01-03,6,13.33,2.2216666666666667,2.82,1
31.5,73.125,2023-01-04,1,2.86,2.86,2.86,1
31.5,73.125,2023-01-09,1,2.85,2.85,2.85,1
31.5,73.125,2023-01-13,2,3.36,1.68,1.69,1
31.5,73.125,2023-01-14,2,12.719999999999999,6.359999999999999,7.42,1
31.5,73.125,2023-01-15,10,53.44,5.343999999999999,17.61,1
31.5,73.125,2023-01-16,6,34.839999999999996,5.806666666666666,11.6,1
31.5,73.125,2023-01-17,4,14.120000000000001,3.5300000000000002,5.0,1
31.5,73.125,2023-01-19,3,8.11,2.703333333333333,4.18,1
31.5,73.125,2023-01-21,1,1.4,1.4,1.4,1
31.5,73.125,2023-01-22,9,36.11,4.012222222222222,8.23,1
31.5,73.125,2023-01-23,3,20.39,6.796666666666667,14.56,1
31.5,73.125,2023-01-24,2,5.01,2.505,2.9,1
31.5,73.125,2023-01-25,1,2.89,2.89,2.89,1
31.5,73.125,2023-01-26,5,14.420000000000002,2.8840000000000003,4.36,1
31.5,73.125,2023-01-27,7,28.46,4.065714285714286,10.18,1
31.5,73.125,2023-01-28,3,14.23,4.743333333333333,9.99,1
31.5,73.125,2023-02-04,6,29.86,4.976666666666667,12.46,1
31.5,73.125,2023-02-05,3,7.31,2.4366666666666665,3.86,1
31.5,73.125,2023-02-06,10,28.78,2.878,4.01,1
31.5,73.125,2023-02-07,9,38.85,4.316666666666666,10.77,1
31.5,73.125,2023-02-10,7,30.29,4.327142857142857,8.46,1
31.5,73.125,2023-02-11,12,54.58,4.548333333333333,9.67,1
31.5,73.125,2023-02-12,4,16.28,4.07,5.72,1
31.5,73.125,2023-02-13,4,20.12,5.03,8.88,1
31.5,73.125,2023-02-14,2,6.029999999999999,3.0149999999999997,3.26,1
31.5,73.125,2023-02-15,4,24.380000000000003,6.095000000000001,9.89,1
31.5,73.125,2023-02-18,2,4.6,2.3,2.85,1
31.5,73.125,2023-02-19,3,11.809999999999999,3.936666666666666,4.99,1
31.5,73.125,2023-02-21,7,33.49,4.784285714285715,7.62,1
31.5,73.125,2023-02-22,7,24.83,3.5471428571428567,7.78,1
31.5,73.125,2023-02-23,2,9.08,4.54,4.8,1
31.5,73.125,2023-02-27,3,5.27,1.7566666666666666,2.13,1
31.5,73.125,2023-03-02,1,13.48,13.48,13.48,1
31.5,73.125,2023-03-03,2,12.77,6.385,6.74,1
31.5,73.125,2023-03-04,5,13.84,2.768,3.72,1
31.5,73.125,2023-03-05,2,8.11,4.055,5.16,1
31.5,73.125,2023-03-06,1,7.39,7.39,7.39,1
31.5,73.125,2023-03-07,1,5.52,5.52,5.52,1
31.5,73.125,2023-03-09,2,4.92,2.46,2.51,1
31.5,73.125,2023-03-10,1,2.86,2.86,2.86,1
31.5,73.125,2023-04-06,1,1.83,1.83,1.83,1
31.5,73.125,2023-04-11,1,1.69,1.69,1.69,1
31.5,73.125,2023-04-18,1,4.52,4.52,4.52,1
31.5,73.125,2023-04-20,1,3.19,3.19,3.19,1
31.5,73.125,2023-04-21,1,2.38,2.38,2.38,1
31.5,73.125,2023-04-23,2,19.43,9.715,12.04,1
31.5,73.125,2023-04-25,2,5.62,2.81,2.81,1
31.5,73.125,2023-04-26,1,2.28,2.28,2.28,1
31.5,73.125,2023-04-30,2,4.87,2.435,2.48,1
31.5,73.125,2023-05-01,1,2.58,2.58,2.58,1
31.5,73.125,2023-05-07,2,4.74,2.37,3.17,1
31.5,73.125,2023-05-09,1,2.53,2.53,2.53,1
31.5,73.125,2023-05-10,5,15.24,3.048,4.3,1
31.5,73.125,2023-05-11,2,5.35,2.675,3.06,1
31.5,73.125,2023-05-12,3,22.19,7.396666666666667,10.98,1
31.5,73.125,2023-05-13,4,13.03,3.2575,4.46,1
31.5,73.125,2023-05-15,4,27.39,6.8475,13.54,1
31.5,73.125,2023-05-16,1,2.97,2.97,2.97,1
31.5,73.125,2023-05-18,1,3.2,3.2,3.2,1
31.5,73.125,2023-05-20,1,5.5,5.5,5.5,1
31.5,73.125,2023-05-21,1,3.09,3.09,3.09,1
31.5,73.125,2023-05-27,1,3.48,3.48,3.48,1
31.5,73.125,2023-06-18,1,4.42,4.42,4.42,1
31.5,73.125,2023-06-19,3,4.13,1.3766666666666667,1.69,1
31.5,73.125,2023-06-21,1,1.64,1.64,1.64,1
31.5,73.125,2023-06-23,1,2.22,2.22,2.22,1
31.5,73.125,2023-06-24,2,6.08,3.04,3.04,1
31.5,73.125,2023-07-12,1,3.1,3.1,3.1,1
31.5,73.125,2023-09-02,3,5.79,1.93,2.36,1
31.5,73.125,2023-09-07,2,6.43,3.215,3.68,1
31.5,73.125,2023-09-16,1,2.4,2.4,2.4,1
31.5,73.125,2023-09-23,1,3.31,3.31,3.31,1
31.5,73.125,2023-09-24,2,6.07,3.035,3.75,1
31.5,73.125,2023-09-29,1,1.9,1.9,1.9,1
31.5,73.125,2023-10-03,1,2.7,2.7,2.7,1
31.5,73.125,2023-10-04,2,3.87,1.935,3.12,1
31.5,73.125,2023-10-05,2,6.92,3.46,4.29,1
31.5,73.125,2023-10-06,2,9.620000000000001,4.8100000000000005,4.82,1
31.5,73.125,2023-10-07,1,3.95,3.95,3.95,1
31.5,73.125,2023-10-08,1,4.77,4.77,4.77,1
31.5,73.125,2023-10-09,1,3.92,3.92,3.92,1
31.5,73.125,2023-10-10,3,7.75,2.5833333333333335,3.15,1
31.5,73.125,2023-10-12,2,5.65,2.825,3.37,1
31.5,73.125,2023-10-24,1,2.35,2.35,2.35,1
31.5,73.125,2023-10-25,2,6.8100000000000005,3.4050000000000002,3.54,1
31.5,73.125,2023-10-26,1,3.48,3.48,3.48,1
31.5,73.125,2023-10-27,2,8.08,4.04,5.21,1
31.5,73.125,2023-10-29,1,6.49,6.49,6.49,1
31.5,73.125,2023-10-30,4,24.68,6.17,7.83,1
31.5,73.125,2023-10-31,2,28.04,14.02,22.95,1
31.5,73.125,2023-11-03,1,3.32,3.32,3.32,1
31.5,73.125,2023-11-04,1,3.41,3.41,3.41,1
31.5,73.125,2023-11-05,1,3.37,3.37,3.37,1
31.5,73.125,2023-11-06,2,7.35,3.675,4.03,1
31.5,73.125,2023-11-09,3,15.45,5.1499999999999995,7.77,1
31.5,73.125,2023-11-11,2,1.93,0.965,1.24,1
31.5,73.125,2023-11-12,3,11.35,3.783333333333333,7.27,1
31.5,73.125,2023-11-14,1,5.79,5.79,5.79,1
31.5,73.125,2023-11-15,8,55.31,6.91375,14.28,1
31.5,73.125,2023-11-16,6,27.43,4.571666666666666,5.72,1
31.5,73.125,2023-11-17,3,13.780000000000001,4.593333333333334,7.2,1
31.5,73.125,2023-11-18,5,30.71,6.142,7.74,1
31.5,73.125,2023-11-19,2,5.1,2.55,2.58,1
31.5,73.125,2023-11-21,3,9.79,3.263333333333333,4.62,1
31.5,73.125,2023-11-22,2,6.42,3.21,3.41,1
31.5,73.125,2023-11-27,1,3.72,3.72,3.72,1
31.5,73.125,2023-11-28,1,1.5,1.5,1.5,1
31.5,73.125,2023-12-01,4,13.92,3.48,5.26,1
31.5,73.125,2023-12-02,6,14.29,2.3816666666666664,2.82,1
31.5,73.125,2023-12-04,6,16.35,2.725,3.7,1
31.5,73.125,2023-12-05,8,19.3,2.4125,3.64,1
31.5,73.125,2023-12-06,8,21.43,2.67875,4.22,1
31.5,73.125,2023-12-07,6,41.34,6.890000000000001,28.41,1
31.5,73.125,2023-12-08,6,28.06,4.676666666666667,12.84,1
31.5,73.125,2023-12-09,5,16.61,3.322,4.55,1
31.5,73.125,2023-12-10,4,12.02,3.005,3.89,1
31.5,73.125,2023-12-11,4,12.16,3.04,5.3,1
31.5,73.125,2023-12-12,8,25.22,3.1525,6.63,1
31.5,73.125,2023-12-13,3,6.92,2.3066666666666666,2.65,1
31.5,73.125,2023-12-15,6,25.93,4.321666666666666,8.66,1
31.5,73.125,2023-12-16,1,2.66,2.66,2.66,1
31.5,73.125,2023-12-17,3,10.0,3.3333333333333335,3.72,1
31.5,73.125,2023-12-18,7,21.240000000000002,3.0342857142857147,5.46,1
31.5,73.125,2023-12-19,3,27.57,9.19,18.95,1
31.5,73.125,2023-12-20,6,15.81,2.6350000000000002,6.94,1
31.5,73.125,2023-12-21,6,16.53,2.7550000000000003,4.36,1
31.5,73.125,2023-12-22,4,14.7,3.675,6.02,1
31.5,73.125,2023-12-23,10,39.129999999999995,3.9129999999999994,8.51,1
31.5,73.125,2023-12-25,2,7.51,3.755,4.94,1
31.5,73.125,2023-12-26,1,2.24,2.24,2.24,1
31.5,73.125,2023-12-27,6,20.39,3.3983333333333334,4.93,1
31.5,73.125,2023-12-28,5,11.59,2.318,3.62,1
31.5,73.125,2024-01-11,1,2.1,2.1,2.1,1
31.5,73.125,2024-01-13,1,1.99,1.99,1.99,1
31.5,73.125,2024-01-14,1,2.08,2.08,2.08,1
31.5,73.125,2024-01-27,2,8.34,4.17,4.3,1
31.5,73.125,2024-01-28,2,7.15,3.575,4.16,1
31.5,73.125,2024-01-29,3,13.84,4.613333333333333,7.22,1
31.5,73.125,2024-01-30,2,7.44,3.72,3.72,1
31.5,73.125,2024-02-02,3,16.509999999999998,5.503333333333333,5.79,1
31.5,73.125,2024-02-06,1,6.44,6.44,6.44,1
31.5,73.125,2024-02-07,2,5.130000000000001,2.5650000000000004,2.7,1
31.5,73.125,2024-02-08,5,15.899999999999999,3.1799999999999997,5.02,1
31.5,73.125,2024-02-10,2,6.5,3.25,4.49,1
31.5,73.125,2024-02-11,4,17.54,4.385,7.7,1
31.5,73.125,2024-02-13,2,6.61,3.305,3.99,1
31.5,73.125,2024-02-14,8,34.31,4.28875,14.64,1
31.5,73.125,2024-02-15,12,62.660000000000004,5.221666666666667,27.28,1
31.5,73.125,2024-02-16,6,20.54,3.4233333333333333,4.5,1
31.5,73.125,2024-02-17,1,2.53,2.53,2.53,1
31.5,73.125,2024-02-20,2,6.77,3.385,3.46,1
31.5,73.125,2024-02-21,6,32.68,5.446666666666666,11.52,1
31.5,73.125,2024-02-22,3,5.9799999999999995,1.9933333333333332,2.84,1
31.5,73.125,2024-02-23,1,2.19,2.19,2.19,1
31.5,73.125,2024-02-24,3,8.61,2.8699999999999997,3.38,1
31.5,73.125,2024-02-25,3,4.609999999999999,1.5366666666666664,2.09,1
31.5,73.125,2024-02-26,2,8.85,4.425,5.58,1
31.5,73.125,2024-02-28,4,16.67,4.1675,6.37,1
31.5,73.125,2024-03-04,2,6.050000000000001,3.0250000000000004,3.74,1
31.5,73.125,2024-03-05,3,13.65,4.55,6.11,1
31.5,73.125,2024-03-07,1,6.54,6.54,6.54,1
31.5,73.125,2024-03-12,1,3.21,3.21,3.21,1
31.5,73.125,2024-03-20,1,2.33,2.33,2.33,1
31.5,73.125,2024-04-02,1,3.97,3.97,3.97,1
31.5,73.125,2024-04-24,2,7.53,3.765,4.03,1
31.5,73.125,2024-04-28,1,1.95,1.95,1.95,1
31.5,73.125,2024-04-29,1,1.35,1.35,1.35,1
31.5,73.125,2024-05-01,2,21.52,10.76,14.51,1
31.5,73.125,2024-05-02,5,13.56,2.712,3.99,1
31.5,73.125,2024-05-05,1,15.18,15.18,15.18,1
31.5,73.125,2024-05-07,4,12.24,3.06,4.74,1
31.5,73.125,2024-05-08,2,7.92,3.96,4.87,1
31.5,73.125,2024-05-09,3,12.82,4.273333333333333,4.36,1
31.5,73.125,2024-05-13,1,2.84,2.84,2.84,1
31.5,73.125,2024-05-14,3,12.23,4.076666666666667,6.53,1
31.5,73.125,2024-05-15,3,15.24,5.08,9.85,1
31.5,73.125,2024-05-16,1,4.84,4.84,4.84,1
31.5,73.125,2024-05-17,1,4.42,4.42,4.42,1
31.5,73.125,2024-05-18,5,15.120000000000001,3.024,5.15,1
31.5,73.125,2024-05-19,2,10.04,5.02,7.17,1
31.5,73.125,2024-05-20,2,18.53,9.265,9.46,1
31.5,73.125,2024-05-22,1,8.69,8.69,8.69,1
31.5,73.125,2024-05-23,1,3.1,3.1,3.1,1
31.5,73.125,2024-05-25,1,1.76,1.76,1.76,1
31.5,73.125,2024-06-05,1,3.8,3.8,3.8,1
31.5,73.125,2024-06-12,1,10.13,10.13,10.13,1
31.5,73.125,2024-06-13,1,2.41,2.41,2.41,1
31.5,73.125,2024-06-16,1,2.09,2.09,2.09,1
31.5,73.125,2024-06-18,4,16.11,4.0275,5.23,1
31.5,73.125,2024-06-25,1,4.66,4.66,4.66,1
31.5,73.125,2024-06-29,1,5.61,5.61,5.61,1
31.5,73.125,2024-08-19,1,2.47,2.47,2.47,1
31.5,73.125,2024-09-12,2,7.84,3.92,3.92,1
31.5,73.125,2024-09-14,1,3.49,3.49,3.49,1
31.5,73.125,2024-09-18,1,1.33,1.33,1.33,1
31.5,73.125,2024-09-19,2,15.05,7.525,11.98,1
31.5,73.125,2024-09-20,1,0.8,0.8,0.8,1
31.5,73.125,2024-09-21,1,5.82,5.82,5.82,1
31.5,73.125,2024-09-22,1,3.81,3.81,3.81,1
31.5,73.125,2024-09-24,3,22.75,7.583333333333333,9.18,1
31.5,73.125,2024-09-25,4,12.84,3.21,5.38,1
31.5,73.125,2024-10-02,3,28.880000000000003,9.626666666666667,11.48,1
31.5,73.125,2024-10-03,2,12.41,6.205,6.61,1
31.5,73.125,2024-10-04,1,2.46,2.46,2.46,1
31.5,73.125,2024-10-05,1,4.02,4.02,4.02,1
31.5,73.125,2024-10-06,2,14.040000000000001,7.0200000000000005,10.73,1
31.5,73.125,2024-10-07,4,12.96,3.24,3.69,1
31.5,73.125,2024-10-09,2,5.37,2.685,2.96,1
31.5,73.125,2024-10-10,7,60.25,8.607142857142858,15.91,1
31.5,73.125,2024-10-11,2,10.87,5.435,6.89,1
31.5,73.125,2024-10-12,8,31.52,3.94,7.0,1
31.5,73.125,2024-10-13,2,7.0,3.5,3.83,1
31.5,73.125,2024-10-16,2,7.370000000000001,3.6850000000000005,4.73,1
31.5,73.125,2024-10-17,1,1.1,1.1,1.1,1
31.5,73.125,2024-10-18,3,17.33,5.776666666666666,8.86,1
31.5,73.125,2024-10-19,1,2.37,2.37,2.37,1
31.5,73.125,2024-10-20,2,5.01,2.505,2.68,1
31.5,73.125,2024-10-21,1,2.18,2.18,2.18,1
31.5,73.125,2024-10-22,2,2.6100000000000003,1.3050000000000002,1.8,1
31.5,73.125,2024-10-23,1,1.86,1.86,1.86,1
31.5,73.125,2024-10-26,1,5.95,5.95,5.95,1
31.5,73.125,2024-10-27,1,2.6,2.6,2.6,1
31.5,73.125,2024-10-28,1,4.35,4.35,4.35,1
31.5,73.125,2024-10-29,4,17.14,4.285,5.66,1
31.5,73.125,2024-11-01,4,11.629999999999999,2.9074999999999998,3.79,1
31.5,73.125,2024-11-02,6,28.14,4.69,16.16,1
31.5,73.125,2024-11-07,3,11.52,3.84,6.29,1
31.5,73.125,2024-11-08,1,4.56,4.56,4.56,1
31.5,73.125,2024-11-17,5,20.61,4.122,8.83,1
31.5,73.125,2024-11-18,2,3.8000000000000003,1.9000000000000001,2.22,1
31.5,73.125,2024-11-21,2,3.74,1.87,2.35,1
31.5,73.125,2024-11-25,3,11.67,3.89,5.3,1
31.5,73.125,2024-11-26,2,5.44,2.72,2.72,1
31.5,73.125,2024-11-27,3,10.8,3.6,4.6,1
31.5,73.125,2024-11-28,4,14.29,3.5725,7.59,1
31.5,73.125,2024-11-29,2,2.71,1.355,1.42,1
31.5,73.125,2024-11-30,4,14.96,3.74,4.48,1
31.5,73.125,2024-12-01,2,8.34,4.17,4.61,1
31.5,73.125,2024-12-02,2,6.029999999999999,3.0149999999999997,3.19,1
31.5,73.125,2024-12-03,4,11.85,2.9625,3.27,1
31.5,73.125,2024-12-04,6,15.41,2.5683333333333334,5.41,1
31.5,73.125,2024-12-05,9,34.97,3.8855555555555554,6.89,1
31.5,73.125,2024-12-06,1,1.85,1.85,1.85,1
31.5,73.125,2024-12-07,7,23.69,3.3842857142857143,5.83,1
31.5,73.125,2024-12-09,6,12.39,2.065,3.28,1
31.5,73.125,2024-12-10,5,11.53,2.306,3.79,1
31.5,73.125,2024-12-11,2,8.41,4.205,6.13,1
31.5,73.125,2024-12-12,3,8.16,2.72,3.25,1
31.5,73.125,2024-12-13,3,7.26,2.42,2.49,1
31.5,73.125,2024-12-14,5,9.76,1.952,2.45,1
31.5,73.125,2024-12-15,2,9.11,4.555,4.74,1
31.5,73.125,2024-12-16,3,16.18,5.3933333333333335,7.98,1
31.5,73.125,2024-12-17,8,39.38,4.9225,8.71,1
31.5,73.125,2024-12-19,2,8.040000000000001,4.0200000000000005,5.48,1
31.5,73.125,2024-12-20,3,5.73,1.9100000000000001,2.87,1
31.5,73.125,2024-12-21,2,8.43,4.215,5.17,1
31.5,73.125,2024-12-22,4,18.53,4.6325,6.95,1
31.5,73.125,2024-12-24,3,14.92,4.973333333333334,5.68,1
31.5,73.125,2024-12-25,6,15.18,2.53,4.94,1
31.5,73.125,2024-12-26,1,2.36,2.36,2.36,1
31.5,73.125,2024-12-30,1,2.74,2.74,2.74,1
31.5,73.125,2025-01-04,1,3.62,3.62,3.62,1
31.5,73.125,2025-01-07,2,6.859999999999999,3.4299999999999997,5.64,1
31.5,73.125,2025-01-08,5,13.64,2.728,3.1,1
31.5,73.125,2025-01-09,4,9.67,2.4175,3.82,1
31.5,73.125,2025-01-10,2,5.35,2.675,3.46,1
31.5,73.125,2025-01-13,7,29.740000000000002,4.248571428571429,6.8,1
31.5,73.125,2025-01-15,1,3.3,3.3,3.3,1
31.5,73.125,2025-01-16,2,4.9,2.45,2.53,1
31.5,73.125,2025-01-20,5,13.76,2.752,3.78,1
31.5,73.125,2025-01-21,2,3.82,1.91,2.01,1
31.5,73.125,2025-01-23,2,4.38,2.19,2.43,1
31.5,73.125,2025-01-25,1,2.6,2.6,2.6,1
31.5,73.125,2025-01-26,9,22.04,2.448888888888889,4.17,1
31.5,73.125,2025-01-27,1,2.24,2.24,2.24,1
31.5,73.125,2025-01-28,3,29.41,9.803333333333333,14.09,1
31.5,73.125,2025-01-29,1,1.39,1.39,1.39,1
31.5,73.125,2025-01-31,8,14.73,1.84125,3.3,1
31.5,73.125,2025-02-01,4,25.38,6.345,21.06,1
31.5,73.125,2025-02-02,3,10.85,3.6166666666666667,5.43,1
31.5,73.125,2025-02-03,8,30.34,3.7925,6.18,1
31.5,73.125,2025-02-04,2,10.48,5.24,7.19,1
31.5,73.125,2025-02-05,3,7.85,2.6166666666666667,2.99,1
31.5,73.125,2025-02-06,10,34.58,3.4579999999999997,8.29,1
31.5,73.125,2025-02-07,2,7.44,3.72,4.74,1
31.5,73.125,2025-02-08,5,14.979999999999999,2.9959999999999996,6.1,1
31.5,73.125,2025-02-09,4,11.7,2.925,4.18,1
31.5,73.125,2025-02-10,7,19.03,2.718571428571429,3.48,1
31.5,73.125,2025-02-11,3,7.74,2.58,3.51,1
31.5,73.125,2025-02-12,6,32.32,5.386666666666667,8.57,1
31.5,73.125,2025-02-13,2,23.62,11.81,11.81,1
31.5,73.125,2025-02-14,6,20.21,3.3683333333333336,5.94,1
31.5,73.125,2025-02-16,1,3.21,3.21,3.21,1
31.5,73.125,2025-02-17,6,21.28,3.546666666666667,4.68,1
31.5,73.125,2025-02-18,5,31.400000000000002,6.28,9.98,1
31.5,73.125,2025-02-22,1,1.45,1.45,1.45,1
31.5,73.125,2025-03-02,10,33.64,3.364,4.32,1
31.5,73.125,2025-03-05,1,3.83,3.83,3.83,1
31.5,73.125,2025-03-06,2,8.120000000000001,4.0600000000000005,5.63,1
31.5,73.125,2025-03-08,3,20.39,6.796666666666667,8.01,1
31.5,73.125,2025-03-20,2,2.9,1.45,1.45,1
31.5,73.125,2025-03-26,1,1.53,1.53,1.53,1
31.5,73.125,2025-04-05,1,4.37,4.37,4.37,1
31.5,73.125,2025-04-16,1,3.67,3.67,3.67,1
31.5,73.125,2025-04-23,2,7.6,3.8,4.09,1
31.5,73.125,2025-04-29,3,9.190000000000001,3.063333333333334,4.11,1
31.5,73.125,2025-05-02,4,6.25,1.5625,3.31,1
31.5,73.125,2025-05-05,2,7.51,3.755,3.96,1
31.5,73.125,2025-05-07,5,23.28,4.656000000000001,9.39,1
31.5,73.125,2025-05-09,1,2.36,2.36,2.36,1
31.5,73.125,2025-05-10,7,15.89,2.27,3.27,1
31.5,73.125,2025-05-11,2,11.15,5.575,8.31,1
31.5,73.125,2025-05-12,5,34.71,6.942,14.49,1
31.5,73.125,2025-05-13,3,9.6,3.1999999999999997,5.21,1
31.5,73.125,2025-05-14,6,26.65,4.441666666666666,6.99,1
31.5,73.125,2025-05-15,8,24.36,3.045,4.97,1
31.5,73.125,2025-05-16,10,47.91,4.7909999999999995,12.4,1
31.5,73.125,2025-05-17,5,26.34,5.268,6.91,1
31.5,73.125,2025-05-20,7,25.7,3.6714285714285713,5.55,1
31.5,73.125,2025-05-21,1,4.48,4.48,4.48,1
31.5,73.125,2025-05-22,1,3.57,3.57,3.57,1
31.5,73.125,2025-05-23,1,1.05,1.05,1.05,1
31.5,73.125,2025-05-25,6,14.01,2.335,5.3,1
31.5,73.125,2025-05-26,2,5.79,2.895,3.3,1
31.5,73.125,2025-05-28,1,5.29,5.29,5.29,1
31.5,73.125,2025-06-01,2,5.26,2.63,3.11,1
31.5,73.125,2025-06-02,1,2.41,2.41,2.41,1
31.5,73.125,2025-06-05,1,2.23,2.23,2.23,1
31.5,73.125,2025-06-08,1,2.4,2.4,2.4,1
31.5,73.125,2025-06-10,4,30.51,7.6275,9.28,1
31.5,73.125,2025-06-11,1,6.23,6.23,6.23,1
31.5,73.125,2025-06-12,1,1.16,1.16,1.16,1
31.5,73.125,2025-06-13,1,6.35,6.35,6.35,1
31.5,73.125,2025-06-18,1,1.9,1.9,1.9,1
31.5,73.125,2025-06-19,2,2.79,1.395,1.61,1
31.5,73.125,2025-06-21,1,2.17,2.17,2.17,1
31.5,73.125,2025-06-24,1,3.38,3.38,3.38,1
31.5,73.125,2025-07-02,1,2.94,2.94,2.94,1
31.5,73.125,2025-07-04,1,1.85,1.85,1.85,1
31.5,73.125,2025-07-27,1,10.69,10.69,10.69,1
31.5,73.125,2025-09-20,2,2.95,1.475,1.49,1
31.5,73.125,2025-09-29,1,2.42,2.42,2.42,1
31.5,73.125,2025-10-03,1,7.42,7.42,7.42,1
31.5,73.125,2025-10-12,3,11.11,3.703333333333333,4.65,1
31.5,73.125,2025-10-14,3,8.540000000000001,2.846666666666667,5.15,1
31.5,73.125,2025-10-15,1,3.97,3.97,3.97,1
31.5,73.125,2025-10-16,8,29.939999999999998,3.7424999999999997,6.99,1
31.5,73.125,2025-10-18,2,19.47,9.735,15.38,1
31.5,73.125,2025-10-19,1,4.44,4.44,4.44,1
31.5,73.125,2025-10-20,4,9.14,2.285,3.03,1
31.5,73.125,2025-10-21,1,2.04,2.04,2.04,1
31.5,73.125,2025-10-24,1,2.52,2.52,2.52,1
31.5,73.125,2025-10-25,1,6.43,6.43,6.43,1
31.5,73.125,2025-10-26,7,20.689999999999998,2.9557142857142855,4.06,1
31.5,73.125,2025-10-30,1,5.26,5.26,5.26,1
31.5,73.125,2025-10-31,2,4.68,2.34,2.74,1
31.5,73.125,2025-11-01,1,1.07,1.07,1.07,1
31.5,73.125,2025-11-02,1,4.17,4.17,4.17,1
31.5,73.125,2025-11-03,1,2.87,2.87,2.87,1
31.5,73.125,2025-11-04,1,0.34,0.34,0.34,1
31.5,73.125,2025-11-05,14,45.77,3.2692857142857146,8.39,1
31.5,73.125,2025-11-06,3,12.36,4.12,5.04,1
31.5,73.125,2025-11-07,2,3.45,1.725,1.84,1
31.5,73.125,2025-11-09,8,24.39,3.04875,5.1,1
31.5,73.125,2025-11-10,9,28.39,3.1544444444444446,5.96,1
31.5,73.125,2025-11-11,3,9.34,3.1133333333333333,4.8,1
31.5,73.125,2025-11-14,1,5.81,5.81,5.81,1
31.5,73.125,2025-11-15,3,8.61,2.8699999999999997,3.5,1
31.5,73.125,2025-11-17,1,4.55,4.55,4.55,1
31.5,73.125,2025-11-20,2,7.47,3.735,3.82,1
31.5,73.125,2025-11-21,6,11.61,1.9349999999999998,3.18,1
31.5,73.125,2025-11-22,1,7.11,7.11,7.11,1
31.5,73.125,2025-11-23,1,1.24,1.24,1.24,1
31.5,73.125,2025-11-24,2,5.4,2.7,3.13,1
31.5,73.125,2025-11-25,2,4.76,2.38,2.95,1
31.5,73.125,2025-11-26,1,1.33,1.33,1.33,1
31.5,73.125,2025-11-27,5,27.759999999999998,5.552,13.92,1
31.5,73.125,2025-11-28,1,6.12,6.12,6.12,1
31.5,73.125,2025-11-29,3,6.1,2.033333333333333,2.23,1
31.5,73.125,2025-12-01,6,16.689999999999998,2.7816666666666663,4.42,1
31.5,73.125,2025-12-02,5,27.76,5.5520000000000005,15.8,1
31.5,73.125,2025-12-03,8,27.29,3.41125,5.78,1
31.5,73.125,2025-12-04,1,1.09,1.09,1.09,1
31.5,73.125,2025-12-05,2,5.6,2.8,3.06,1
31.5,73.125,2025-12-07,3,13.36,4.453333333333333,4.78,1
31.5,73.125,2025-12-08,2,8.34,4.17,5.93,1
31.5,73.125,2025-12-09,5,9.879999999999999,1.9759999999999998,3.15,1
31.5,73.125,2025-12-10,1,2.94,2.94,2.94,1
31.5,73.125,2025-12-11,5,16.77,3.354,7.58,1
31.5,73.125,2025-12-16,3,8.68,2.893333333333333,3.08,1
31.5,73.125,2025-12-17,1,2.94,2.94,2.94,1
31.5,73.125,2025-12-23,2,9.98,4.99,7.97,1
31.5,73.125,2025-12-25,2,10.07,5.035,5.82,1
31.5,73.125,2025-12-27,1,1.92,1.92,1.92,1
31.5,73.75,2023-01-03,1,2.27,2.27,2.27,1
31.5,73.75,2023-01-14,3,22.15,7.383333333333333,8.78,1
31.5,73.75,2023-01-16,2,4.42,2.21,2.43,1
31.5,73.75,2023-01-19,1,2.78,2.78,2.78,1
31.5,73.75,2023-01-21,3,9.61,3.203333333333333,4.88,1
31.5,73.75,2023-01-22,4,13.719999999999999,3.4299999999999997,4.56,1
31.5,73.75,2023-01-23,1,8.92,8.92,8.92,1
31.5,73.75,2023-01-24,4,16.96,4.24,4.85,1
31.5,73.75,2023-01-26,1,2.01,2.01,2.01,1
31.5,73.75,2023-01-27,2,5.82,2.91,3.05,1
31.5,73.75,2023-01-31,1,5.73,5.73,5.73,1
31.5,73.75,2023-02-01,2,6.15,3.075,3.09,1
31.5,73.75,2023-02-03,4,18.65,4.6625,10.0,1
31.5,73.75,2023-02-04,7,19.59,2.7985714285714285,3.62,1
31.5,73.75,2023-02-05,4,16.86,4.215,4.91,1
31.5,73.75,2023-02-06,3,8.76,2.92,5.63,1
31.5,73.75,2023-02-07,2,6.38,3.19,3.86,1
31.5,73.75,2023-02-10,2,7.44,3.72,5.4,1
31.5,73.75,2023-02-11,3,20.91,6.97,9.42,1
31.5,73.75,2023-02-12,4,9.5,2.375,3.0,1
31.5,73.75,2023-02-13,2,12.44,6.22,6.22,1
31.5,73.75,2023-02-14,1,2.46,2.46,2.46,1
31.5,73.75,2023-02-15,1,3.12,3.12,3.12,1
31.5,73.75,2023-02-17,1,1.46,1.46,1.46,1
31.5,73.75,2023-02-18,1,3.12,3.12,3.12,1
31.5,73.75,2023-02-19,2,5.98,2.99,3.67,1
31.5,73.75,2023-02-21,1,2.14,2.14,2.14,1
31.5,73.75,2023-02-23,5,25.44,5.088,16.5,1
31.5,73.75,2023-02-24,1,4.72,4.72,4.72,1
31.5,73.75,2023-02-25,1,3.81,3.81,3.81,1
31.5,73.75,2023-02-26,2,8.790000000000001,4.3950000000000005,6.99,1
31.5,73.75,2023-03-02,1,1.73,1.73,1.73,1
31.5,73.75,2023-03-03,5,34.38,6.876,10.55,1
31.5,73.75,2023-03-04,3,9.530000000000001,3.176666666666667,4.11,1
31.5,73.75,2023-03-05,1,2.76,2.76,2.76,1
31.5,73.75,2023-03-11,2,15.57,7.785,8.05,1
31.5,73.75,2023-03-16,1,2.35,2.35,2.35,1
31.5,73.75,2023-03-20,2,0.64,0.32,0.42,1
31.5,73.75,2023-03-25,1,0.21,0.21,0.21,1
31.5,73.75,2023-04-17,1,1.16,1.16,1.16,1
31.5,73.75,2023-04-21,3,14.42,4.806666666666667,5.99,1
31.5,73.75,2023-04-22,1,1.57,1.57,1.57,1
31.5,73.75,2023-04-23,1,4.2,4.2,4.2,1
31.5,73.75,2023-04-24,3,12.52,4.173333333333333,5.68,1
31.5,73.75,2023-04-25,3,8.65,2.8833333333333333,3.1,1
31.5,73.75,2023-04-26,3,18.03,6.010000000000001,8.53,1
31.5,73.75,2023-04-27,2,6.38,3.19,3.76,1
31.5,73.75,2023-04-29,1,4.79,4.79,4.79,1
31.5,73.75,2023-05-01,1,4.51,4.51,4.51,1
31.5,73.75,2023-05-02,1,0.46,0.46,0.46,1
31.5,73.75,2023-05-03,2,7.81,3.905,5.76,1
31.5,73.75,2023-05-04,40,161.56,4.039,10.24,1
31.5,73.75,2023-05-06,17,89.08,5.24,11.64,1
31.5,73.75,2023-05-07,24,98.5,4.104166666666667,12.99,1
31.5,73.75,2023-05-08,11,36.96,3.36,4.89,1
31.5,73.75,2023-05-09,42,259.73,6.18404761904762,29.06,1
31.5,73.75,2023-05-10,42,196.23,4.672142857142857,11.39,1
31.5,73.75,2023-05-11,40,228.3,5.7075000000000005,21.11,1
31.5,73.75,2023-05-12,47,262.75,5.590425531914893,12.5,1
31.5,73.75,2023-05-13,62,332.8,5.367741935483871,9.49,1
31.5,73.75,2023-05-14,13,69.26,5.327692307692308,10.99,1
31.5,73.75,2023-05-15,29,170.94,5.89448275862069,12.88,1
31.5,73.75,2023-05-16,38,119.23,3.1376315789473685,7.71,1
31.5,73.75,2023-05-17,30,174.66,5.822,24.14,1
31.5,73.75,2023-05-18,12,32.41,2.700833333333333,4.54,1
31.5,73.75,2023-05-19,9,45.58,5.064444444444444,9.51,1
31.5,73.75,2023-05-20,23,161.21,7.009130434782609,18.28,1
31.5,73.75,2023-05-21,16,50.95,3.184375,4.57,1
31.5,73.75,2023-05-24,1,12.12,12.12,12.12,1
31.5,73.75,2023-05-25,4,17.05,4.2625,7.24,1
31.5,73.75,2023-05-27,6,12.55,2.091666666666667,3.42,1
31.5,73.75,2023-05-28,5,16.05,3.21,4.94,1
31.5,73.75,2023-05-29,1,1.62,1.62,1.62,1
31.5,73.75,2023-06-02,1,2.59,2.59,2.59,1
31.5,73.75,2023-06-03,2,10.620000000000001,5.3100000000000005,6.07,1
31.5,73.75,2023-06-06,2,10.74,5.37,5.98,1
31.5,73.75,2023-06-08,2,12.38,6.19,8.82,1
31.5,73.75,2023-08-11,1,3.75,3.75,3.75,1
31.5,73.75,2023-09-02,1,4.16,4.16,4.16,1
31.5,73.75,2023-10-03,2,8.370000000000001,4.1850000000000005,7.0,1
31.5,73.75,2023-10-04,5,15.73,3.146,4.67,1
31.5,73.75,2023-10-05,7,16.61,2.3728571428571428,3.24,1
31.5,73.75,2023-10-06,8,50.45,6.30625,11.0,1
31.5,73.75,2023-10-08,5,26.939999999999998,5.388,10.04,1
31.5,73.75,2023-10-09,7,28.06,4.008571428571428,5.55,1
31.5,73.75,2023-10-10,13,53.36,4.104615384615385,19.23,1
31.5,73.75,2023-10-11,25,110.41,4.416399999999999,17.75,1
31.5,73.75,2023-10-12,22,90.07000000000001,4.09409090909091,9.0,1
31.5,73.75,2023-10-13,23,94.61,4.113478260869565,10.68,1
31.5,73.75,2023-10-14,20,172.49,8.624500000000001,28.03,1
31.5,73.75,2023-10-20,1,11.37,11.37,11.37,1
31.5,73.75,2023-10-21,2,6.7,3.35,3.73,1
31.5,73.75,2023-10-23,2,7.0,3.5,3.84,1
31.5,73.75,2023-10-24,3,10.59,3.53,4.4,1
31.5,73.75,2023-10-25,15,52.2,3.48,16.41,1
31.5,73.75,2023-10-26,23,83.65,3.6369565217391306,9.37,1
31.5,73.75,2023-10-27,14,64.7,4.621428571428572,6.63,1
31.5,73.75,2023-10-28,3,12.85,4.283333333333333,4.89,1
31.5,73.75,2023-10-29,15,56.36,3.7573333333333334,12.22,1
31.5,73.75,2023-10-30,11,66.04,6.003636363636364,9.25,1
31.5,73.75,2023-10-31,15,50.72,3.381333333333333,6.24,1
31.5,73.75,2023-11-01,6,27.3,4.55,10.19,1
31.5,73.75,2023-11-03,11,51.85,4.713636363636364,15.15,1
31.5,73.75,2023-11-04,31,160.36,5.1729032258064525,14.28,1
31.5,73.75,2023-11-05,73,409.36,5.607671232876712,51.86,1
31.5,73.75,2023-11-06,15,57.2,3.8133333333333335,6.33,1
31.5,73.75,2023-11-07,10,46.410000000000004,4.641,8.52,1
31.5,73.75,2023-11-08,2,7.65,3.825,4.41,1
31.5,73.75,2023-11-09,32,196.49,6.1403125,15.92,1
31.5,73.75,2023-11-11,4,9.26,2.315,4.1,1
31.5,73.75,2023-11-12,22,79.96,3.6345454545454543,9.75,1
31.5,73.75,2023-11-13,22,105.04,4.774545454545454,11.52,1
31.5,73.75,2023-11-14,41,185.7,4.529268292682927,14.86,1
31.5,73.75,2023-11-15,41,213.13,5.198292682926829,14.82,1
31.5,73.75,2023-11-16,30,294.31,9.810333333333334,73.71,1
31.5,73.75,2023-11-17,28,146.51,5.2325,13.83,1
31.5,73.75,2023-11-18,18,180.33,10.018333333333334,23.38,1
31.5,73.75,2023-11-19,33,129.01,3.909393939393939,6.7,1
31.5,73.75,2023-11-20,18,97.06,5.392222222222222,13.79,1
31.5,73.75,2023-11-21,19,122.30000000000001,6.436842105263159,23.83,1
31.5,73.75,2023-11-22,12,43.8,3.65,7.0,1
31.5,73.75,2023-11-23,7,40.52,5.788571428571429,10.84,1
31.5,73.75,2023-11-24,8,39.13,4.89125,7.42,1
31.5,73.75,2023-11-28,2,3.4099999999999997,1.7049999999999998,3.01,1
31.5,73.75,2023-11-30,1,3.04,3.04,3.04,1
31.5,73.75,2023-12-01,2,8.77,4.385,5.03,1
31.5,73.75,2023-12-02,3,11.96,3.986666666666667,6.12,1
31.5,73.75,2023-12-03,1,1.97,1.97,1.97,1
31.5,73.75,2023-12-06,2,8.25,4.125,4.81,1
31.5,73.75,2023-12-07,1,3.55,3.55,3.55,1
31.5,73.75,2023-12-08,3,16.4,5.466666666666666,12.59,1
31.5,73.75,2023-12-09,2,8.899999999999999,4.449999999999999,4.59,1
31.5,73.75,2023-12-10,4,19.82,4.955,6.58,1
31.5,73.75,2023-12-11,4,26.28,6.57,9.68,1
31.5,73.75,2023-12-12,3,12.19,4.0633333333333335,4.59,1
31.5,73.75,2023-12-13,2,3.8099999999999996,1.9049999999999998,2.01,1
31.5,73.75,2023-12-17,3,19.18,6.3933333333333335,13.76,1
31.5,73.75,2023-12-18,4,10.51,2.6275,4.57,1
31.5,73.75,2023-12-19,3,9.33,3.11,3.32,1
31.5,73.75,2023-12-21,4,10.07,2.5175,3.2,1
31.5,73.75,2023-12-22,3,7.550000000000001,2.516666666666667,3.22,1
31.5,73.75,2023-12-23,1,3.02,3.02,3.02,1
31.5,73.75,2023-12-25,3,13.43,4.476666666666667,4.95,1
31.5,73.75,2024-01-29,1,2.56,2.56,2.56,1
31.5,73.75,2024-02-09,7,22.939999999999998,3.2771428571428567,7.0,1
31.5,73.75,2024-02-10,2,3.23,1.615,1.73,1
31.5,73.75,2024-02-11,2,6.62,3.31,4.0,1
31.5,73.75,2024-02-13,5,28.04,5.608,9.08,1
31.5,73.75,2024-02-14,3,17.689999999999998,5.896666666666666,7.68,1
31.5,73.75,2024-02-15,4,28.63,7.1575,20.08,1
31.5,73.75,2024-02-16,4,23.15,5.7875,8.85,1
31.5,73.75,2024-02-17,3,14.14,4.713333333333334,8.99,1
31.5,73.75,2024-02-21,3,12.57,4.19,5.44,1
31.5,73.75,2024-02-22,1,3.61,3.61,3.61,1
31.5,73.75,2024-02-23,3,10.59,3.53,4.58,1
31.5,73.75,2024-02-25,9,27.55,3.0611111111111113,4.24,1
31.5,73.75,2024-03-03,2,4.51,2.255,2.66,1
31.5,73.75,2024-03-04,1,6.72,6.72,6.72,1
31.5,73.75,2024-03-07,1,1.71,1.71,1.71,1
31.5,73.75,2024-03-08,2,6.83,3.415,4.6,1
31.5,73.75,2024-03-12,2,5.279999999999999,2.6399999999999997,2.86,1
31.5,73.75,2024-03-15,1,1.49,1.49,1.49,1
31.5,73.75,2024-03-18,6,15.93,2.655,3.63,1
31.5,73.75,2024-03-20,1,3.09,3.09,3.09,1
31.5,73.75,2024-03-22,1,4.89,4.89,4.89,1
31.5,73.75,2024-04-21,2,2.9,1.45,1.49,1
31.5,73.75,2024-04-24,2,4.9399999999999995,2.4699999999999998,3.34,1
31.5,73.75,2024-04-25,2,14.759999999999998,7.379999999999999,8.79,1
31.5,73.75,2024-04-28,2,2.34,1.17,1.45,1
31.5,73.75,2024-05-01,3,18.41,6.136666666666667,8.4,1
31.5,73.75,2024-05-02,7,19.25,2.75,4.14,1
31.5,73.75,2024-05-04,6,36.4,6.066666666666666,20.55,1
31.5,73.75,2024-05-05,3,25.91,8.636666666666667,14.21,1
31.5,73.75,2024-05-06,28,159.49,5.696071428571429,13.4,1
31.5,73.75,2024-05-07,41,200.44,4.888780487804878,11.45,1
31.5,73.75,2024-05-08,62,355.9,5.740322580645161,13.61,1
31.5,73.75,2024-05-09,18,96.27,5.348333333333333,17.46,1
31.5,73.75,2024-05-10,1,1.97,1.97,1.97,1
31.5,73.75,2024-05-11,16,100.24,6.265,14.91,1
31.5,73.75,2024-05-12,3,14.780000000000001,4.926666666666667,7.0,1
31.5,73.75,2024-05-13,74,286.13,3.8666216216216216,32.59,1
31.5,73.75,2024-05-14,66,348.55,5.281060606060606,12.74,1
31.5,73.75,2024-05-15,95,582.33,6.129789473684211,24.25,1
31.5,73.75,2024-05-16,26,197.96,7.613846153846154,20.04,1
31.5,73.75,2024-05-17,66,429.13,6.501969696969697,14.86,1
31.5,73.75,2024-05-18,138,863.23,6.255289855072464,21.1,1
31.5,73.75,2024-05-19,20,170.9,8.545,14.95,1
31.5,73.75,2024-05-20,50,582.65,11.652999999999999,33.17,1
31.5,73.75,2024-05-21,12,133.6,11.133333333333333,34.09,1
31.5,73.75,2024-05-22,47,372.74,7.93063829787234,17.74,1
31.5,73.75,2024-05-23,27,86.22,3.1933333333333334,8.19,1
31.5,73.75,2024-05-24,16,58.44,3.6525,6.74,1
31.5,73.75,2024-05-25,18,172.32,9.573333333333332,18.08,1
31.5,73.75,2024-05-26,6,56.15,9.358333333333333,18.57,1
31.5,73.75,2024-05-28,6,57.919999999999995,9.653333333333332,16.31,1
31.5,73.75,2024-05-29,2,13.36,6.68,9.12,1
31.5,73.75,2024-06-05,4,15.99,3.9975,5.95,1
31.5,73.75,2024-06-07,2,14.120000000000001,7.0600000000000005,7.5,1
31.5,73.75,2024-06-08,2,5.86,2.93,3.12,1
31.5,73.75,2024-06-09,1,6.83,6.83,6.83,1
31.5,73.75,2024-06-13,3,17.98,5.993333333333333,7.52,1
31.5,73.75,2024-06-18,1,5.02,5.02,5.02,1
31.5,73.75,2024-06-24,1,4.93,4.93,4.93,1
31.5,73.75,2024-06-25,2,12.120000000000001,6.0600000000000005,6.15,1
31.5,73.75,2024-07-02,1,3.35,3.35,3.35,1
31.5,73.75,2024-08-26,1,4.12,4.12,4.12,1
31.5,73.75,2024-09-09,2,6.32,3.16,3.31,1
31.5,73.75,2024-09-10,1,3.31,3.31,3.31,1
31.5,73.75,2024-09-11,1,1.72,1.72,1.72,1
31.5,73.75,2024-09-12,1,2.77,2.77,2.77,1
31.5,73.75,2024-09-13,1,9.55,9.55,9.55,1
31.5,73.75,2024-09-14,1,3.46,3.46,3.46,1
31.5,73.75,2024-09-15,8,25.72,3.215,5.62,1
31.5,73.75,2024-09-17,1,5.15,5.15,5.15,1
31.5,73.75,2024-09-20,4,7.6,1.9,2.46,1
31.5,73.75,2024-09-21,3,16.82,5.6066666666666665,7.42,1
31.5,73.75,2024-09-25,2,5.76,2.88,3.33,1
31.5,73.75,2024-10-01,1,4.78,4.78,4.78,1
31.5,73.75,2024-10-04,1,2.46,2.46,2.46,1
31.5,73.75,2024-10-05,1,13.87,13.87,13.87,1
31.5,73.75,2024-10-07,4,10.96,2.74,3.56,1
31.5,73.75,2024-10-09,2,9.4,4.7,6.67,1
31.5,73.75,2024-10-10,3,14.31,4.7700000000000005,7.79,1
31.5,73.75,2024-10-11,20,66.66,3.3329999999999997,10.42,1
31.5,73.75,2024-10-12,9,22.0,2.4444444444444446,3.44,1
31.5,73.75,2024-10-13,16,66.12,4.1325,7.22,1
31.5,73.75,2024-10-14,2,5.82,2.91,3.96,1
31.5,73.75,2024-10-15,8,16.580000000000002,2.0725000000000002,4.14,1
31.5,73.75,2024-10-16,14,91.52,6.5371428571428565,20.31,1
31.5,73.75,2024-10-17,15,44.1,2.94,6.09,1
31.5,73.75,2024-10-18,8,36.13,4.51625,9.55,1
31.5,73.75,2024-10-19,4,18.3,4.575,5.52,1
31.5,73.75,2024-10-20,11,52.05,4.7318181818181815,10.57,1
31.5,73.75,2024-10-21,7,28.55,4.078571428571428,6.53,1
31.5,73.75,2024-10-22,13,35.75,2.75,4.23,1
31.5,73.75,2024-10-23,10,36.46,3.646,8.24,1
31.5,73.75,2024-10-24,11,39.21,3.5645454545454545,5.48,1
31.5,73.75,2024-10-25,7,25.12,3.5885714285714285,3.94,1
31.5,73.75,2024-10-26,6,39.95,6.658333333333334,12.75,1
31.5,73.75,2024-10-27,28,105.29,3.760357142857143,11.65,1
31.5,73.75,2024-10-28,21,74.82,3.5628571428571427,10.9,1
31.5,73.75,2024-10-29,20,83.82,4.191,11.18,1
31.5,73.75,2024-10-30,12,61.03,5.085833333333333,11.59,1
31.5,73.75,2024-10-31,32,196.89,6.1528125,17.98,1
31.5,73.75,2024-11-01,59,410.47,6.957118644067797,23.95,1
31.5,73.75,2024-11-02,55,293.4,5.334545454545454,43.2,1
31.5,73.75,2024-11-07,52,279.58,5.376538461538461,27.14,1
31.5,73.75,2024-11-08,21,85.77,4.0842857142857145,10.3,1
31.5,73.75,2024-11-10,2,12.51,6.255,7.72,1
31.5,73.75,2024-11-11,2,5.49,2.745,2.86,1
31.5,73.75,2024-11-12,7,22.23,3.1757142857142857,5.95,1
31.5,73.75,2024-11-13,4,12.899999999999999,3.2249999999999996,4.6,1
31.5,73.75,2024-11-17,148,961.55,6.496959459459459,48.24,1
31.5,73.75,2024-11-18,33,124.94,3.786060606060606,13.58,1
31.5,73.75,2024-11-19,15,69.09,4.606,8.21,1
31.5,73.75,2024-11-20,3,12.129999999999999,4.043333333333333,4.83,1
31.5,73.75,2024-11-21,10,51.0,5.1,11.36,1
31.5,73.75,2024-11-22,9,36.510000000000005,4.0566666666666675,6.94,1
31.5,73.75,2024-11-23,5,29.71,5.942,8.33,1
31.5,73.75,2024-11-25,2,2.95,1.475,2.27,1
31.5,73.75,2024-11-26,4,13.64,3.41,5.5,1
31.5,73.75,2024-11-27,1,6.72,6.72,6.72,1
31.5,73.75,2024-11-28,1,2.53,2.53,2.53,1
31.5,73.75,2024-11-29,2,7.4,3.7,7.03,1
31.5,73.75,2024-11-30,1,3.58,3.58,3.58,1
31.5,73.75,2024-12-01,2,3.13,1.565,2.37,1
31.5,73.75,2024-12-02,1,6.02,6.02,6.02,1
31.5,73.75,2024-12-03,1,1.58,1.58,1.58,1
31.5,73.75,2024-12-04,1,2.41,2.41,2.41,1
31.5,73.75,2024-12-05,3,10.08,3.36,5.49,1
31.5,73.75,2024-12-06,3,10.530000000000001,3.5100000000000002,4.28,1
31.5,73.75,2024-12-07,5,11.92,2.384,3.44,1
31.5,73.75,2024-12-09,3,9.35,3.1166666666666667,5.48,1
31.5,73.75,2024-12-10,1,2.38,2.38,2.38,1
31.5,73.75,2024-12-11,3,12.559999999999999,4.1866666666666665,7.05,1
31.5,73.75,2024-12-12,1,2.8,2.8,2.8,1
31.5,73.75,2024-12-14,4,14.82,3.705,4.69,1
31.5,73.75,2024-12-15,1,1.59,1.59,1.59,1
31.5,73.75,2024-12-16,5,10.370000000000001,2.0740000000000003,2.77,1
31.5,73.75,2024-12-17,1,1.3,1.3,1.3,1
31.5,73.75,2024-12-20,3,6.78,2.2600000000000002,2.48,1
31.5,73.75,2024-12-24,1,2.34,2.34,2.34,1
31.5,73.75,2024-12-25,1,5.93,5.93,5.93,1
31.5,73.75,2025-01-03,1,2.06,2.06,2.06,1
31.5,73.75,2025-01-04,1,1.59,1.59,1.59,1
31.5,73.75,2025-01-14,3,8.370000000000001,2.7900000000000005,4.82,1
31.5,73.75,2025-01-15,3,14.5,4.833333333333333,6.21,1
31.5,73.75,2025-01-20,1,1.43,1.43,1.43,1
31.5,73.75,2025-01-22,1,2.87,2.87,2.87,1
31.5,73.75,2025-01-24,3,7.37,2.4566666666666666,2.92,1
31.5,73.75,2025-01-25,1,1.57,1.57,1.57,1
31.5,73.75,2025-01-26,3,9.21,3.0700000000000003,3.63,1
31.5,73.75,2025-01-27,1,3.87,3.87,3.87,1
31.5,73.75,2025-01-28,2,4.8,2.4,3.25,1
31.5,73.75,2025-01-30,2,7.78,3.89,4.45,1
31.5,73.75,2025-01-31,2,5.58,2.79,3.21,1
31.5,73.75,2025-02-01,2,3.08,1.54,1.81,1
31.5,73.75,2025-02-02,1,2.02,2.02,2.02,1
31.5,73.75,2025-02-03,5,19.43,3.886,5.48,1
31.5,73.75,2025-02-04,3,14.049999999999999,4.683333333333333,6.89,1
31.5,73.75,2025-02-05,2,6.77,3.385,3.63,1
31.5,73.75,2025-02-06,8,32.17,4.02125,15.91,1
31.5,73.75,2025-02-07,2,9.47,4.735,7.98,1
31.5,73.75,2025-02-08,1,5.28,5.28,5.28,1
31.5,73.75,2025-02-09,2,9.89,4.945,7.18,1
31.5,73.75,2025-02-10,1,2.87,2.87,2.87,1
31.5,73.75,2025-02-11,1,1.94,1.94,1.94,1
31.5,73.75,2025-02-12,7,57.88,8.268571428571429,21.44,1
31.5,73.75,2025-02-13,2,22.2,11.1,19.52,1
31.5,73.75,2025-02-14,1,2.88,2.88,2.88,1
31.5,73.75,2025-02-15,1,6.38,6.38,6.38,1
31.5,73.75,2025-02-17,2,8.18,4.09,4.74,1
31.5,73.75,2025-02-18,2,10.07,5.035,7.2,1
31.5,73.75,2025-02-24,1,2.38,2.38,2.38,1
31.5,73.75,2025-03-02,2,3.89,1.945,2.02,1
31.5,73.75,2025-03-05,1,2.13,2.13,2.13,1
31.5,73.75,2025-03-06,1,4.12,4.12,4.12,1
31.5,73.75,2025-03-21,9,39.26,4.362222222222222,9.29,1
31.5,73.75,2025-03-27,3,56.75,18.916666666666668,26.21,1
31.5,73.75,2025-04-16,1,2.45,2.45,2.45,1
31.5,73.75,2025-04-17,1,2.12,2.12,2.12,1
31.5,73.75,2025-04-19,6,60.620000000000005,10.103333333333333,12.16,1
31.5,73.75,2025-04-21,2,23.71,11.855,19.97,1
31.5,73.75,2025-04-23,4,166.05,41.5125,67.24,1
31.5,73.75,2025-04-24,2,15.29,7.645,8.07,1
31.5,73.75,2025-04-25,1,2.2,2.2,2.2,1
31.5,73.75,2025-04-28,3,55.620000000000005,18.540000000000003,23.22,1
31.5,73.75,2025-04-29,4,16.52,4.13,6.97,1
31.5,73.75,2025-04-30,5,15.26,3.052,4.15,1
31.5,73.75,2025-05-01,5,13.780000000000001,2.7560000000000002,3.85,1
31.5,73.75,2025-05-02,3,8.16,2.72,4.03,1
31.5,73.75,2025-05-04,2,10.02,5.01,5.01,1
31.5,73.75,2025-05-05,6,26.91,4.485,5.67,1
31.5,73.75,2025-05-06,14,58.59,4.1850000000000005,8.34,1
31.5,73.75,2025-05-07,41,222.29,5.421707317073171,25.38,1
31.5,73.75,2025-05-09,20,119.53,5.9765,17.57,1
31.5,73.75,2025-05-10,90,435.57,4.839666666666667,73.52,1
31.5,73.75,2025-05-11,43,219.28,5.0995348837209304,14.74,1
31.5,73.75,2025-05-12,52,250.12,4.8100000000000005,16.43,1
31.5,73.75,2025-05-13,70,461.58,6.593999999999999,65.64,1
31.5,73.75,2025-05-14,128,792.75,6.193359375,28.89,1
31.5,73.75,2025-05-15,127,816.15,6.426377952755906,32.25,1
31.5,73.75,2025-05-16,92,419.78000000000003,4.562826086956522,13.05,1
31.5,73.75,2025-05-17,47,393.39,8.37,42.71,1
31.5,73.75,2025-05-18,46,366.83,7.974565217391304,22.39,1
31.5,73.75,2025-05-19,6,41.239999999999995,6.873333333333332,9.29,1
31.5,73.75,2025-05-20,40,311.49,7.78725,19.72,1
31.5,73.75,2025-05-21,64,327.01,5.10953125,10.2,1
31.5,73.75,2025-05-22,18,94.47,5.248333333333333,11.59,1
31.5,73.75,2025-05-23,20,128.94,6.447,13.27,1
31.5,73.75,2025-05-24,3,16.240000000000002,5.413333333333334,5.95,1
31.5,73.75,2025-05-25,16,78.74,4.92125,8.98,1
31.5,73.75,2025-05-26,16,49.37,3.085625,6.95,1
31.5,73.75,2025-05-27,13,32.19,2.476153846153846,4.99,1
31.5,73.75,2025-05-28,7,34.54,4.934285714285714,8.01,1
31.5,73.75,2025-05-29,2,8.209999999999999,4.1049999999999995,6.76,1
31.5,73.75,2025-05-30,2,11.79,5.895,6.87,1
31.5,73.75,2025-05-31,1,0.32,0.32,0.32,1
31.5,73.75,2025-06-01,9,30.689999999999998,3.4099999999999997,8.52,1
31.5,73.75,2025-06-02,4,13.43,3.3575,5.42,1
31.5,73.75,2025-06-05,3,9.28,3.0933333333333333,4.17,1
31.5,73.75,2025-06-06,3,14.84,4.946666666666666,5.82,1
31.5,73.75,2025-06-07,1,5.4,5.4,5.4,1
31.5,73.75,2025-06-10,1,4.79,4.79,4.79,1
31.5,73.75,2025-06-11,3,10.12,3.373333333333333,4.83,1
31.5,73.75,2025-06-12,1,1.58,1.58,1.58,1
31.5,73.75,2025-06-13,1,20.14,20.14,20.14,1
31.5,73.75,2025-06-14,1,5.76,5.76,5.76,1
31.5,73.75,2025-06-18,2,12.969999999999999,6.484999999999999,9.86,1
31.5,73.75,2025-07-19,1,2.34,2.34,2.34,1
31.5,73.75,2025-08-21,1,0.55,0.55,0.55,1
31.5,73.75,2025-09-11,1,0.5,0.5,0.5,1
31.5,73.75,2025-09-24,2,4.41,2.205,2.33,1
31.5,73.75,2025-09-28,1,3.59,3.59,3.59,1
31.5,73.75,2025-09-29,1,2.14,2.14,2.14,1
31.5,73.75,2025-10-03,4,26.919999999999998,6.7299999999999995,15.79,1
31.5,73.75,2025-10-04,3,10.66,3.5533333333333332,5.17,1
31.5,73.75,2025-10-09,1,2.93,2.93,2.93,1
31.5,73.75,2025-10-12,4,13.11,3.2775,3.71,1
31.5,73.75,2025-10-13,1,6.83,6.83,6.83,1
31.5,73.75,2025-10-14,9,26.96,2.9955555555555557,3.92,1
31.5,73.75,2025-10-15,6,12.44,2.0733333333333333,2.7,1
31.5,73.75,2025-10-16,8,33.04,4.13,10.53,1
31.5,73.75,2025-10-17,9,38.18,4.242222222222222,8.78,1
31.5,73.75,2025-10-18,11,27.8,2.5272727272727273,4.29,1
31.5,73.75,2025-10-19,29,216.76,7.474482758620689,20.38,1
31.5,73.75,2025-10-20,36,138.07,3.835277777777778,10.05,1
31.5,73.75,2025-10-21,14,63.21,4.515,12.57,1
31.5,73.75,2025-10-22,15,97.48,6.498666666666667,11.69,1
31.5,73.75,2025-10-23,26,128.94,4.9592307692307696,12.57,1
31.5,73.75,2025-10-24,29,128.92,4.44551724137931,20.9,1
31.5,73.75,2025-10-25,34,117.97,3.469705882352941,7.6,1
31.5,73.75,2025-10-26,60,245.48,4.091333333333333,13.38,1
31.5,73.75,2025-10-27,10,55.6,5.5600000000000005,10.25,1
31.5,73.75,2025-10-28,11,68.77,6.251818181818181,15.62,1
31.5,73.75,2025-10-29,16,75.92,4.745,9.78,1
31.5,73.75,2025-10-30,49,260.04,5.306938775510204,35.14,1
31.5,73.75,2025-10-31,70,279.41,3.991571428571429,14.2,1
31.5,73.75,2025-11-01,64,471.21,7.36265625,52.67,1
31.5,73.75,2025-11-02,54,286.47,5.305000000000001,20.14,1
31.5,73.75,2025-11-03,28,139.32,4.975714285714285,17.03,1
31.5,73.75,2025-11-04,37,215.55,5.825675675675676,15.24,1
31.5,73.75,2025-11-05,112,645.01,5.759017857142857,71.94,1
31.5,73.75,2025-11-06,28,144.85999999999999,5.173571428571428,14.03,1
31.5,73.75,2025-11-07,23,132.32,5.753043478260869,17.92,1
31.5,73.75,2025-11-08,28,243.95,8.7125,22.98,1
31.5,73.75,2025-11-09,37,126.82000000000001,3.427567567567568,9.63,1
31.5,73.75,2025-11-10,26,151.8,5.838461538461539,23.39,1
31.5,73.75,2025-11-11,10,28.34,2.834,4.58,1
31.5,73.75,2025-11-13,9,53.019999999999996,5.891111111111111,9.34,1
31.5,73.75,2025-11-14,2,8.38,4.19,6.9,1
31.5,73.75,2025-11-15,5,15.31,3.0620000000000003,6.71,1
31.5,73.75,2025-11-16,5,15.450000000000001,3.0900000000000003,6.94,1
31.5,73.75,2025-11-17,3,28.46,9.486666666666666,22.96,1
31.5,73.75,2025-11-18,1,2.23,2.23,2.23,1
31.5,73.75,2025-11-20,1,0.6,0.6,0.6,1
31.5,73.75,2025-11-21,1,3.85,3.85,3.85,1
31.5,73.75,2025-11-22,1,2.69,2.69,2.69,1
31.5,73.75,2025-11-24,1,2.28,2.28,2.28,1
31.5,73.75,2025-11-25,4,34.32,8.58,22.99,1
31.5,73.75,2025-11-26,2,11.75,5.875,10.26,1
31.5,73.75,2025-11-27,1,3.32,3.32,3.32,1
31.5,73.75,2025-11-30,1,3.04,3.04,3.04,1
31.5,73.75,2025-12-01,1,2.04,2.04,2.04,1
31.5,73.75,2025-12-04,1,1.14,1.14,1.14,1
31.5,73.75,2025-12-10,1,2.1,2.1,2.1,1
31.5,73.75,2025-12-11,1,2.05,2.05,2.05,1
31.5,73.75,2025-12-15,1,2.32,2.32,2.32,1
31.5,73.75,2025-12-17,1,1.97,1.97,1.97,1
31.5,73.75,2025-12-19,1,2.69,2.69,2.69,1
31.5,73.75,2025-12-23,1,2.28,2.28,2.28,1
31.5,73.75,2025-12-24,1,7.62,7.62,7.62,1
31.5,73.75,2025-12-30,1,2.06,2.06,2.06,1
31.5,74.375,2023-01-14,3,2.12,0.7066666666666667,0.84,1
31.5,74.375,2023-01-15,2,0.76,0.38,0.39,1
31.5,74.375,2023-01-17,1,5.85,5.85,5.85,1
31.5,74.375,2023-01-19,2,9.55,4.775,5.11,1
31.5,74.375,2023-01-20,1,0.49,0.49,0.49,1
31.5,74.375,2023-01-21,1,0.42,0.42,0.42,1
31.5,74.375,2023-01-24,3,23.86,7.953333333333333,11.54,1
31.5,74.375,2023-01-26,4,8.37,2.0925,6.08,1
31.5,74.375,2023-01-27,2,0.98,0.49,0.58,1
31.5,74.375,2023-01-28,2,4.800000000000001,2.4000000000000004,3.43,1
31.5,74.375,2023-01-31,3,1.85,0.6166666666666667,0.87,1
31.5,74.375,2023-02-03,2,3.98,1.99,3.15,1
31.5,74.375,2023-02-04,6,9.75,1.625,3.44,1
31.5,74.375,2023-02-05,6,178.8,29.8,82.86,1
31.5,74.375,2023-02-06,5,2.35,0.47000000000000003,0.57,1
31.5,74.375,2023-02-10,1,0.44,0.44,0.44,1
31.5,74.375,2023-02-11,8,20.5,2.5625,8.91,1
31.5,74.375,2023-02-12,3,4.08,1.36,3.16,1
31.5,74.375,2023-02-13,1,0.33,0.33,0.33,1
31.5,74.375,2023-02-14,2,1.02,0.51,0.77,1
31.5,74.375,2023-02-16,6,2.74,0.4566666666666667,0.53,1
31.5,74.375,2023-02-17,2,1.77,0.885,1.18,1
31.5,74.375,2023-02-18,1,5.2,5.2,5.2,1
31.5,74.375,2023-02-20,1,0.17,0.17,0.17,1
31.5,74.375,2023-02-21,6,2.8800000000000003,0.48000000000000004,0.68,1
31.5,74.375,2023-02-22,6,2.4299999999999997,0.40499999999999997,0.49,1
31.5,74.375,2023-02-23,4,5.78,1.445,3.23,1
31.5,74.375,2023-02-25,3,4.05,1.3499999999999999,2.26,1
31.5,74.375,2023-02-26,1,0.48,0.48,0.48,1
31.5,74.375,2023-03-01,2,0.8899999999999999,0.44499999999999995,0.58,1
31.5,74.375,2023-03-02,1,2.81,2.81,2.81,1
31.5,74.375,2023-03-03,2,1.3,0.65,0.77,1
31.5,74.375,2023-03-04,6,4.22,0.7033333333333333,1.84,1
31.5,74.375,2023-03-05,3,6.66,2.22,5.44,1
31.5,74.375,2023-03-06,3,8.02,2.6733333333333333,3.48,1
31.5,74.375,2023-03-09,3,2.37,0.79,0.97,1
31.5,74.375,2023-03-10,5,5.16,1.032,2.91,1
31.5,74.375,2023-03-11,1,1.06,1.06,1.06,1
31.5,74.375,2023-03-13,1,3.16,3.16,3.16,1
31.5,74.375,2023-03-15,1,2.39,2.39,2.39,1
31.5,74.375,2023-03-20,3,1.4300000000000002,0.47666666666666674,0.52,1
31.5,74.375,2023-03-25,2,0.72,0.36,0.41,1
31.5,74.375,2023-03-26,1,0.18,0.18,0.18,1
31.5,74.375,2023-03-28,1,0.79,0.79,0.79,1
31.5,74.375,2023-04-01,4,2.13,0.5325,0.65,1
31.5,74.375,2023-04-04,1,0.56,0.56,0.56,1
31.5,74.375,2023-04-05,3,1.74,0.58,0.85,1
31.5,74.375,2023-04-06,2,1.3,0.65,0.78,1
31.5,74.375,2023-04-08,1,0.45,0.45,0.45,1
31.5,74.375,2023-04-09,1,0.5,0.5,0.5,1
31.5,74.375,2023-04-10,1,0.58,0.58,0.58,1
31.5,74.375,2023-04-11,1,0.67,0.67,0.67,1
31.5,74.375,2023-04-12,2,1.67,0.835,0.84,1
31.5,74.375,2023-04-13,2,5.85,2.925,4.1,1
31.5,74.375,2023-04-16,2,0.8600000000000001,0.43000000000000005,0.55,1
31.5,74.375,2023-04-17,1,0.76,0.76,0.76,1
31.5,74.375,2023-04-19,2,0.8200000000000001,0.41000000000000003,0.45,1
31.5,74.375,2023-04-22,1,4.1,4.1,4.1,1
31.5,74.375,2023-04-23,1,4.04,4.04,4.04,1
31.5,74.375,2023-04-25,1,1.83,1.83,1.83,1
31.5,74.375,2023-04-26,2,8.76,4.38,6.05,1
31.5,74.375,2023-04-27,2,3.87,1.935,2.47,1
31.5,74.375,2023-04-30,8,66.16,8.27,11.78,1
31.5,74.375,2023-05-01,1,0.35,0.35,0.35,1
31.5,74.375,2023-05-02,1,0.51,0.51,0.51,1
31.5,74.375,2023-05-03,3,1.5699999999999998,0.5233333333333333,0.61,1
31.5,74.375,2023-05-04,16,64.39,4.024375,8.29,1
31.5,74.375,2023-05-05,1,2.74,2.74,2.74,1
31.5,74.375,2023-05-06,17,76.0,4.470588235294118,9.46,1
31.5,74.375,2023-05-07,7,13.85,1.9785714285714284,4.77,1
31.5,74.375,2023-05-08,31,72.38,2.334838709677419,8.51,1
31.5,74.375,2023-05-09,19,114.7,6.036842105263158,17.88,1
31.5,74.375,2023-05-10,62,508.62,8.203548387096774,30.99,1
31.5,74.375,2023-05-11,25,126.19,5.0476,15.53,1
31.5,74.375,2023-05-12,75,541.1899999999999,7.215866666666666,38.78,1
31.5,74.375,2023-05-13,101,675.96,6.692673267326733,25.96,1
31.5,74.375,2023-05-14,40,272.48,6.812,14.48,1
31.5,74.375,2023-05-15,44,384.8,8.745454545454546,21.51,1
31.5,74.375,2023-05-16,47,224.62,4.779148936170213,17.24,1
31.5,74.375,2023-05-17,16,97.9,6.11875,13.3,1
31.5,74.375,2023-05-18,15,45.21,3.0140000000000002,6.97,1
31.5,74.375,2023-05-19,2,9.24,4.62,6.08,1
31.5,74.375,2023-05-20,16,140.48,8.78,26.04,1
31.5,74.375,2023-05-21,9,56.769999999999996,6.307777777777777,12.21,1
31.5,74.375,2023-05-23,1,4.25,4.25,4.25,1
31.5,74.375,2023-05-24,1,3.88,3.88,3.88,1
31.5,74.375,2023-05-25,1,2.38,2.38,2.38,1
31.5,74.375,2023-05-26,1,13.82,13.82,13.82,1
31.5,74.375,2023-05-27,4,13.33,3.3325,4.81,1
31.5,74.375,2023-05-28,4,18.37,4.5925,5.92,1
31.5,74.375,2023-06-01,2,1.37,0.685,0.82,1
31.5,74.375,2023-06-02,3,1.9100000000000001,0.6366666666666667,0.88,1
31.5,74.375,2023-06-03,1,8.68,8.68,8.68,1
31.5,74.375,2023-06-04,2,15.3,7.65,14.3,1
31.5,74.375,2023-06-05,1,7.24,7.24,7.24,1
31.5,74.375,2023-06-07,1,2.91,2.91,2.91,1
31.5,74.375,2023-06-08,3,2.75,0.9166666666666666,1.14,1
31.5,74.375,2023-06-09,2,8.23,4.115,7.17,1
31.5,74.375,2023-06-19,2,3.19,1.595,2.19,1
31.5,74.375,2023-06-21,1,5.12,5.12,5.12,1
31.5,74.375,2023-06-22,1,1.63,1.63,1.63,1
31.5,74.375,2023-06-23,1,1.07,1.07,1.07,1
31.5,74.375,2023-06-24,1,0.59,0.59,0.59,1
31.5,74.375,2023-07-10,1,1.26,1.26,1.26,1
31.5,74.375,2023-07-25,2,6.029999999999999,3.0149999999999997,3.19,1
31.5,74.375,2023-07-27,1,0.5,0.5,0.5,1
31.5,74.375,2023-07-30,1,0.87,0.87,0.87,1
31.5,74.375,2023-07-31,2,6.5600000000000005,3.2800000000000002,3.44,1
31.5,74.375,2023-08-02,2,2.1100000000000003,1.0550000000000002,1.12,1
31.5,74.375,2023-08-04,1,2.98,2.98,2.98,1
31.5,74.375,2023-08-06,1,1.77,1.77,1.77,1
31.5,74.375,2023-08-11,3,3.3200000000000003,1.1066666666666667,1.74,1
31.5,74.375,2023-08-12,1,1.15,1.15,1.15,1
31.5,74.375,2023-08-15,1,0.9,0.9,0.9,1
31.5,74.375,2023-08-16,4,3.13,0.7825,0.86,1
31.5,74.375,2023-08-17,1,0.76,0.76,0.76,1
31.5,74.375,2023-08-20,2,9.99,4.995,5.16,1
31.5,74.375,2023-08-22,1,2.67,2.67,2.67,1
31.5,74.375,2023-08-27,1,0.94,0.94,0.94,1
31.5,74.375,2023-08-28,1,1.15,1.15,1.15,1
31.5,74.375,2023-08-30,1,0.74,0.74,0.74,1
31.5,74.375,2023-08-31,1,1.0,1.0,1.0,1
31.5,74.375,2023-09-01,2,2.27,1.135,1.32,1
31.5,74.375,2023-09-02,2,1.77,0.885,1.38,1
31.5,74.375,2023-09-03,1,3.25,3.25,3.25,1
31.5,74.375,2023-09-04,1,4.69,4.69,4.69,1
31.5,74.375,2023-09-06,1,3.84,3.84,3.84,1
31.5,74.375,2023-09-07,6,9.36,1.5599999999999998,4.58,1
31.5,74.375,2023-09-08,3,6.109999999999999,2.0366666666666666,2.87,1
31.5,74.375,2023-09-10,1,2.6,2.6,2.6,1
31.5,74.375,2023-09-12,1,4.82,4.82,4.82,1
31.5,74.375,2023-09-13,2,6.57,3.285,5.0,1
31.5,74.375,2023-09-16,1,7.18,7.18,7.18,1
31.5,74.375,2023-09-23,3,2.0,0.6666666666666666,0.76,1
31.5,74.375,2023-09-24,1,0.39,0.39,0.39,1
31.5,74.375,2023-09-25,1,0.56,0.56,0.56,1
31.5,74.375,2023-09-28,1,2.03,2.03,2.03,1
31.5,74.375,2023-09-29,1,3.9,3.9,3.9,1
31.5,74.375,2023-09-30,4,15.31,3.8275,7.07,1
31.5,74.375,2023-10-01,2,11.030000000000001,5.515000000000001,8.8,1
31.5,74.375,2023-10-02,5,22.59,4.518,7.18,1
31.5,74.375,2023-10-03,5,42.04,8.408,28.33,1
31.5,74.375,2023-10-04,7,21.240000000000002,3.0342857142857147,6.11,1
31.5,74.375,2023-10-05,14,51.51,3.6792857142857143,5.59,1
31.5,74.375,2023-10-06,10,35.47,3.5469999999999997,4.98,1
31.5,74.375,2023-10-07,2,17.46,8.73,10.41,1
31.5,74.375,2023-10-08,2,11.5,5.75,6.47,1
31.5,74.375,2023-10-09,9,41.5,4.611111111111111,7.12,1
31.5,74.375,2023-10-10,2,4.699999999999999,2.3499999999999996,4.06,1
31.5,74.375,2023-10-11,1,0.42,0.42,0.42,1
31.5,74.375,2023-10-12,6,20.0,3.3333333333333335,5.68,1
31.5,74.375,2023-10-13,3,10.67,3.5566666666666666,4.43,1
31.5,74.375,2023-10-14,3,13.77,4.59,5.24,1
31.5,74.375,2023-10-19,2,2.7399999999999998,1.3699999999999999,2.26,1
31.5,74.375,2023-10-20,2,6.74,3.37,4.13,1
31.5,74.375,2023-10-21,5,15.2,3.04,4.3,1
31.5,74.375,2023-10-23,12,80.86,6.738333333333333,15.88,1
31.5,74.375,2023-10-24,15,81.85,5.456666666666666,11.25,1
31.5,74.375,2023-10-25,21,105.23,5.010952380952381,15.96,1
31.5,74.375,2023-10-26,37,134.85,3.6445945945945946,14.29,1
31.5,74.375,2023-10-27,23,132.24,5.7495652173913046,12.14,1
31.5,74.375,2023-10-28,4,4.95,1.2375,2.39,1
31.5,74.375,2023-10-29,18,73.45,4.080555555555556,10.87,1
31.5,74.375,2023-10-30,19,81.37,4.282631578947369,16.12,1
31.5,74.375,2023-10-31,38,211.83,5.574473684210527,42.48,1
31.5,74.375,2023-11-01,40,241.17,6.029249999999999,33.31,1
31.5,74.375,2023-11-03,22,114.89,5.222272727272728,12.49,1
31.5,74.375,2023-11-04,34,180.18,5.299411764705883,22.45,1
31.5,74.375,2023-11-05,36,195.95,5.4430555555555555,40.23,1
31.5,74.375,2023-11-06,14,67.07,4.7907142857142855,7.56,1
31.5,74.375,2023-11-07,14,71.64,5.117142857142857,12.71,1
31.5,74.375,2023-11-08,5,24.189999999999998,4.837999999999999,10.1,1
31.5,74.375,2023-11-09,8,36.79,4.59875,7.48,1
31.5,74.375,2023-11-10,4,1.42,0.355,0.42,1
31.5,74.375,2023-11-11,4,3.01,0.7525,1.49,1
31.5,74.375,2023-11-12,5,10.43,2.086,5.23,1
31.5,74.375,2023-11-13,13,70.43,5.417692307692308,11.89,1
31.5,74.375,2023-11-14,18,57.99,3.2216666666666667,8.88,1
31.5,74.375,2023-11-15,19,78.34,4.123157894736842,9.37,1
31.5,74.375,2023-11-16,17,43.51,2.559411764705882,5.75,1
31.5,74.375,2023-11-17,21,104.86,4.993333333333333,11.02,1
31.5,74.375,2023-11-18,6,29.689999999999998,4.948333333333333,7.06,1
31.5,74.375,2023-11-19,16,59.82,3.73875,11.34,1
31.5,74.375,2023-11-20,13,57.36,4.412307692307692,17.9,1
31.5,74.375,2023-11-21,12,43.47,3.6225,10.88,1
31.5,74.375,2023-11-22,12,26.74,2.228333333333333,4.13,1
31.5,74.375,2023-11-23,3,6.6899999999999995,2.23,5.26,1
31.5,74.375,2023-11-28,1,1.79,1.79,1.79,1
31.5,74.375,2023-11-30,2,1.75,0.875,1.31,1
31.5,74.375,2023-12-01,5,3.17,0.634,0.91,1
31.5,74.375,2023-12-02,5,3.08,0.616,1.22,1
31.5,74.375,2023-12-03,1,0.86,0.86,0.86,1
31.5,74.375,2023-12-04,1,0.51,0.51,0.51,1
31.5,74.375,2023-12-05,1,2.45,2.45,2.45,1
31.5,74.375,2023-12-06,1,1.27,1.27,1.27,1
31.5,74.375,2023-12-07,2,1.8699999999999999,0.9349999999999999,1.14,1
31.5,74.375,2023-12-08,2,2.18,1.09,1.26,1
31.5,74.375,2023-12-09,1,0.84,0.84,0.84,1
31.5,74.375,2023-12-10,1,2.44,2.44,2.44,1
31.5,74.375,2023-12-11,1,1.08,1.08,1.08,1
31.5,74.375,2023-12-12,4,2.43,0.6075,0.74,1
31.5,74.375,2023-12-13,4,3.2800000000000002,0.8200000000000001,1.14,1
31.5,74.375,2023-12-15,2,2.34,1.17,1.6,1
31.5,74.375,2023-12-16,1,1.44,1.44,1.44,1
31.5,74.375,2023-12-17,3,7.46,2.486666666666667,4.03,1
31.5,74.375,2023-12-18,1,0.59,0.59,0.59,1
31.5,74.375,2023-12-19,2,3.28,1.64,2.57,1
31.5,74.375,2023-12-21,1,1.31,1.31,1.31,1
31.5,74.375,2023-12-23,2,1.58,0.79,0.99,1
31.5,74.375,2023-12-24,2,3.04,1.52,1.52,1
31.5,74.375,2023-12-25,1,0.99,0.99,0.99,1
31.5,74.375,2024-01-28,4,137.82,34.455,38.48,1
31.5,74.375,2024-01-29,7,4.24,0.6057142857142858,0.82,1
31.5,74.375,2024-02-01,2,1.12,0.56,0.56,1
31.5,74.375,2024-02-02,2,11.719999999999999,5.859999999999999,6.34,1
31.5,74.375,2024-02-04,3,4.65,1.55,2.99,1
31.5,74.375,2024-02-05,2,2.55,1.275,1.79,1
31.5,74.375,2024-02-06,2,2.27,1.135,1.5,1
31.5,74.375,2024-02-07,3,4.590000000000001,1.5300000000000002,2.37,1
31.5,74.375,2024-02-08,1,0.31,0.31,0.31,1
31.5,74.375,2024-02-09,3,2.85,0.9500000000000001,1.32,1
31.5,74.375,2024-02-10,2,4.76,2.38,2.61,1
31.5,74.375,2024-02-11,3,8.06,2.686666666666667,3.93,1
31.5,74.375,2024-02-12,2,2.81,1.405,1.54,1
31.5,74.375,2024-02-13,2,2.15,1.075,1.77,1
31.5,74.375,2024-02-14,8,5.96,0.745,2.02,1
31.5,74.375,2024-02-15,3,1.58,0.5266666666666667,0.6,1
31.5,74.375,2024-02-16,5,9.61,1.922,3.42,1
31.5,74.375,2024-02-17,3,11.149999999999999,3.7166666666666663,5.85,1
31.5,74.375,2024-02-19,3,3.72,1.24,3.12,1
31.5,74.375,2024-02-20,3,3.2199999999999998,1.0733333333333333,1.42,1
31.5,74.375,2024-02-21,2,4.92,2.46,4.29,1
31.5,74.375,2024-02-22,1,0.53,0.53,0.53,1
31.5,74.375,2024-02-23,1,0.56,0.56,0.56,1
31.5,74.375,2024-02-24,7,5.5600000000000005,0.7942857142857144,1.49,1
31.5,74.375,2024-02-25,3,3.83,1.2766666666666666,1.95,1
31.5,74.375,2024-02-27,1,1.06,1.06,1.06,1
31.5,74.375,2024-02-28,4,7.98,1.995,3.2,1
31.5,74.375,2024-02-29,1,7.7,7.7,7.7,1
31.5,74.375,2024-03-02,3,2.01,0.6699999999999999,0.93,1
31.5,74.375,2024-03-03,2,2.04,1.02,1.02,1
31.5,74.375,2024-03-05,1,0.43,0.43,0.43,1
31.5,74.375,2024-03-08,2,2.27,1.135,1.45,1
31.5,74.375,2024-03-09,4,2.85,0.7125,1.23,1
31.5,74.375,2024-03-11,4,2.84,0.71,1.48,1
31.5,74.375,2024-03-12,2,1.01,0.505,0.6,1
31.5,74.375,2024-03-13,1,3.92,3.92,3.92,1
31.5,74.375,2024-03-14,3,6.71,2.236666666666667,3.42,1
31.5,74.375,2024-03-15,2,4.27,2.135,2.21,1
31.5,74.375,2024-03-16,4,8.56,2.14,3.95,1
31.5,74.375,2024-03-17,7,5.96,0.8514285714285714,2.82,1
31.5,74.375,2024-03-18,6,2.9299999999999997,0.4883333333333333,1.4,1
31.5,74.375,2024-03-19,1,1.22,1.22,1.22,1
31.5,74.375,2024-03-20,1,0.71,0.71,0.71,1
31.5,74.375,2024-03-21,2,2.62,1.31,1.31,1
31.5,74.375,2024-03-22,3,2.07,0.69,1.23,1
31.5,74.375,2024-03-24,1,1.62,1.62,1.62,1
31.5,74.375,2024-03-27,2,1.6400000000000001,0.8200000000000001,0.86,1
31.5,74.375,2024-03-28,7,5.46,0.78,1.68,1
31.5,74.375,2024-03-30,2,4.12,2.06,2.48,1
31.5,74.375,2024-03-31,1,1.36,1.36,1.36,1
31.5,74.375,2024-04-01,1,0.66,0.66,0.66,1
31.5,74.375,2024-04-02,2,0.66,0.33,0.45,1
31.5,74.375,2024-04-03,2,2.27,1.135,1.32,1
31.5,74.375,2024-04-04,4,3.27,0.8175,1.29,1
31.5,74.375,2024-04-05,3,2.47,0.8233333333333334,0.9,1
31.5,74.375,2024-04-06,3,5.62,1.8733333333333333,2.52,1
31.5,74.375,2024-04-07,1,0.57,0.57,0.57,1
31.5,74.375,2024-04-09,1,7.94,7.94,7.94,1
31.5,74.375,2024-04-12,1,0.38,0.38,0.38,1
31.5,74.375,2024-04-19,3,3.15,1.05,1.52,1
31.5,74.375,2024-04-20,2,6.3,3.15,5.92,1
31.5,74.375,2024-04-21,3,1.79,0.5966666666666667,0.78,1
31.5,74.375,2024-04-22,2,1.66,0.83,0.83,1
31.5,74.375,2024-04-23,3,2.29,0.7633333333333333,1.3,1
31.5,74.375,2024-04-25,1,2.77,2.77,2.77,1
31.5,74.375,2024-04-27,2,9.19,4.595,5.64,1
31.5,74.375,2024-04-28,4,10.58,2.645,3.66,1
31.5,74.375,2024-05-01,6,50.93,8.488333333333333,15.99,1
31.5,74.375,2024-05-02,4,16.3,4.075,6.04,1
31.5,74.375,2024-05-04,8,43.16,5.395,25.47,1
31.5,74.375,2024-05-05,7,26.53,3.79,11.57,1
31.5,74.375,2024-05-06,5,84.15,16.830000000000002,48.18,1
31.5,74.375,2024-05-07,34,255.25,7.507352941176471,17.96,1
31.5,74.375,2024-05-08,59,467.81,7.9289830508474575,40.37,1
31.5,74.375,2024-05-09,26,84.32,3.2430769230769227,5.74,1
31.5,74.375,2024-05-10,20,124.72,6.236,11.4,1
31.5,74.375,2024-05-11,13,78.12,6.009230769230769,17.46,1
31.5,74.375,2024-05-12,20,133.87,6.6935,27.48,1
31.5,74.375,2024-05-13,187,1253.68,6.704171122994652,26.97,1
31.5,74.375,2024-05-14,70,956.98,13.671142857142858,75.77,1
31.5,74.375,2024-05-15,104,877.02,8.432884615384616,40.12,1
31.5,74.375,2024-05-16,52,398.41,7.66173076923077,19.19,1
31.5,74.375,2024-05-17,74,897.51,12.128513513513514,65.54,1
31.5,74.375,2024-05-18,70,418.46,5.978,22.38,1
31.5,74.375,2024-05-19,21,128.5,6.119047619047619,19.86,1
31.5,74.375,2024-05-20,16,130.44,8.1525,22.61,1
31.5,74.375,2024-05-21,17,125.91,7.406470588235294,36.0,1
31.5,74.375,2024-05-22,8,74.7,9.3375,18.25,1
31.5,74.375,2024-05-23,19,111.32,5.8589473684210525,14.32,1
31.5,74.375,2024-05-24,6,18.009999999999998,3.0016666666666665,3.74,1
31.5,74.375,2024-05-25,7,76.47,10.924285714285714,14.56,1
31.5,74.375,2024-05-26,9,84.53999999999999,9.393333333333333,18.72,1
31.5,74.375,2024-05-27,20,268.05,13.4025,38.94,1
31.5,74.375,2024-05-28,4,24.73,6.1825,9.0,1
31.5,74.375,2024-05-29,11,100.39,9.126363636363637,26.02,1
31.5,74.375,2024-06-04,3,13.530000000000001,4.510000000000001,8.55,1
31.5,74.375,2024-06-07,4,13.66,3.415,5.07,1
31.5,74.375,2024-06-09,2,7.0,3.5,3.63,1
31.5,74.375,2024-06-10,3,5.4399999999999995,1.8133333333333332,2.73,1
31.5,74.375,2024-06-11,1,2.8,2.8,2.8,1
31.5,74.375,2024-06-12,1,3.37,3.37,3.37,1
31.5,74.375,2024-06-16,4,85.53,21.3825,26.68,1
31.5,74.375,2024-06-17,1,2.15,2.15,2.15,1
31.5,74.375,2024-06-24,1,1.38,1.38,1.38,1
31.5,74.375,2024-06-25,2,3.83,1.915,2.04,1
31.5,74.375,2024-06-26,1,1.37,1.37,1.37,1
31.5,74.375,2024-07-01,1,0.93,0.93,0.93,1
31.5,74.375,2024-07-07,2,3.94,1.97,2.06,1
31.5,74.375,2024-07-08,1,0.76,0.76,0.76,1
31.5,74.375,2024-07-09,1,3.55,3.55,3.55,1
31.5,74.375,2024-07-19,1,1.21,1.21,1.21,1
31.5,74.375,2024-07-22,1,3.77,3.77,3.77,1
31.5,74.375,2024-07-23,3,6.75,2.25,2.83,1
31.5,74.375,2024-08-02,3,3.69,1.23,2.5,1
31.5,74.375,2024-08-04,1,0.74,0.74,0.74,1
31.5,74.375,2024-08-08,2,1.15,0.575,0.83,1
31.5,74.375,2024-08-12,1,2.57,2.57,2.57,1
31.5,74.375,2024-08-13,2,3.1900000000000004,1.5950000000000002,2.2,1
31.5,74.375,2024-08-15,1,2.96,2.96,2.96,1
31.5,74.375,2024-08-17,1,1.07,1.07,1.07,1
31.5,74.375,2024-08-21,1,1.57,1.57,1.57,1
31.5,74.375,2024-08-22,1,1.64,1.64,1.64,1
31.5,74.375,2024-08-23,2,6.1,3.05,3.05,1
31.5,74.375,2024-08-24,2,2.74,1.37,1.97,1
31.5,74.375,2024-08-25,1,4.54,4.54,4.54,1
31.5,74.375,2024-09-01,1,0.91,0.91,0.91,1
31.5,74.375,2024-09-03,1,2.71,2.71,2.71,1
31.5,74.375,2024-09-05,1,1.63,1.63,1.63,1
31.5,74.375,2024-09-06,1,1.12,1.12,1.12,1
31.5,74.375,2024-09-08,1,0.5,0.5,0.5,1
31.5,74.375,2024-09-09,4,5.75,1.4375,3.5,1
31.5,74.375,2024-09-10,1,4.99,4.99,4.99,1
31.5,74.375,2024-09-11,5,14.530000000000001,2.906,5.05,1
31.5,74.375,2024-09-12,3,11.11,3.703333333333333,7.63,1
31.5,74.375,2024-09-13,2,6.6,3.3,3.49,1
31.5,74.375,2024-09-14,3,6.57,2.19,3.03,1
31.5,74.375,2024-09-15,4,13.7,3.425,8.19,1
31.5,74.375,2024-09-16,6,23.990000000000002,3.9983333333333335,4.79,1
31.5,74.375,2024-09-17,8,64.63,8.07875,20.61,1
31.5,74.375,2024-09-18,1,4.48,4.48,4.48,1
31.5,74.375,2024-09-19,1,0.55,0.55,0.55,1
31.5,74.375,2024-09-20,7,31.59,4.5128571428571425,10.83,1
31.5,74.375,2024-09-21,6,16.63,2.7716666666666665,4.78,1
31.5,74.375,2024-09-22,5,12.75,2.55,4.09,1
31.5,74.375,2024-09-23,4,14.56,3.64,5.03,1
31.5,74.375,2024-09-24,4,14.71,3.6775,5.66,1
31.5,74.375,2024-09-25,2,4.01,2.005,3.29,1
31.5,74.375,2024-09-27,1,0.81,0.81,0.81,1
31.5,74.375,2024-09-28,2,1.34,0.67,1.05,1
31.5,74.375,2024-09-29,1,4.53,4.53,4.53,1
31.5,74.375,2024-09-30,3,10.73,3.5766666666666667,5.14,1
31.5,74.375,2024-10-01,13,37.03,2.8484615384615384,8.58,1
31.5,74.375,2024-10-02,9,36.68,4.075555555555556,6.73,1
31.5,74.375,2024-10-03,5,20.06,4.012,7.29,1
31.5,74.375,2024-10-04,16,123.23,7.701875,15.52,1
31.5,74.375,2024-10-05,6,17.95,2.9916666666666667,3.92,1
31.5,74.375,2024-10-06,1,0.86,0.86,0.86,1
31.5,74.375,2024-10-07,2,8.68,4.34,5.83,1
31.5,74.375,2024-10-08,5,18.99,3.7979999999999996,8.53,1
31.5,74.375,2024-10-09,10,53.06,5.306,7.83,1
31.5,74.375,2024-10-10,8,33.73,4.21625,6.25,1
31.5,74.375,2024-10-11,13,52.82,4.063076923076923,9.0,1
31.5,74.375,2024-10-12,21,109.09,5.194761904761905,14.04,1
31.5,74.375,2024-10-13,12,46.04,3.8366666666666664,10.57,1
31.5,74.375,2024-10-14,7,19.66,2.8085714285714287,5.87,1
31.5,74.375,2024-10-15,11,43.34,3.9400000000000004,9.14,1
31.5,74.375,2024-10-16,8,20.73,2.59125,6.04,1
31.5,74.375,2024-10-17,31,122.37,3.94741935483871,16.78,1
31.5,74.375,2024-10-18,14,84.59,6.042142857142857,10.35,1
31.5,74.375,2024-10-19,1,0.97,0.97,0.97,1
31.5,74.375,2024-10-20,9,40.18,4.464444444444444,7.02,1
31.5,74.375,2024-10-21,4,23.279999999999998,5.819999999999999,8.03,1
31.5,74.375,2024-10-22,6,11.68,1.9466666666666665,3.04,1
31.5,74.375,2024-10-23,4,14.77,3.6925,10.16,1
31.5,74.375,2024-10-24,6,28.96,4.826666666666667,10.94,1
31.5,74.375,2024-10-25,11,53.129999999999995,4.829999999999999,8.75,1
31.5,74.375,2024-10-26,14,95.51,6.8221428571428575,13.4,1
31.5,74.375,2024-10-27,13,81.27,6.251538461538461,19.38,1
31.5,74.375,2024-10-28,11,46.82,4.256363636363637,24.2,1
31.5,74.375,2024-10-29,5,15.08,3.016,5.11,1
31.5,74.375,2024-10-30,5,9.16,1.832,3.5,1
31.5,74.375,2024-10-31,22,72.86,3.311818181818182,9.98,1
31.5,74.375,2024-11-01,20,78.24,3.912,8.97,1
31.5,74.375,2024-11-02,22,75.74,3.4427272727272724,9.97,1
31.5,74.375,2024-11-06,2,3.02,1.51,2.0,1
31.5,74.375,2024-11-07,15,44.13,2.942,5.33,1
31.5,74.375,2024-11-08,6,24.049999999999997,4.008333333333333,10.04,1
31.5,74.375,2024-11-11,3,21.52,7.173333333333333,9.61,1
31.5,74.375,2024-11-12,3,2.75,0.9166666666666666,1.67,1
31.5,74.375,2024-11-13,14,35.59,2.5421428571428573,4.68,1
31.5,74.375,2024-11-17,24,89.95,3.747916666666667,7.53,1
31.5,74.375,2024-11-18,31,133.81,4.316451612903226,26.33,1
31.5,74.375,2024-11-19,3,8.21,2.736666666666667,3.71,1
31.5,74.375,2024-11-20,4,12.530000000000001,3.1325000000000003,5.33,1
31.5,74.375,2024-11-21,3,13.76,4.586666666666667,6.93,1
31.5,74.375,2024-11-22,5,18.09,3.618,4.59,1
31.5,74.375,2024-11-23,4,6.06,1.515,2.76,1
31.5,74.375,2024-11-24,5,14.55,2.91,4.63,1
31.5,74.375,2024-11-25,4,4.01,1.0025,2.35,1
31.5,74.375,2024-11-26,2,8.969999999999999,4.484999999999999,5.09,1
31.5,74.375,2024-11-27,1,1.69,1.69,1.69,1
31.5,74.375,2024-11-28,5,7.6,1.52,4.33,1
31.5,74.375,2024-11-29,2,1.5899999999999999,0.7949999999999999,0.89,1
31.5,74.375,2024-12-01,1,0.4,0.4,0.4,1
31.5,74.375,2024-12-03,4,3.54,0.885,0.97,1
31.5,74.375,2024-12-04,2,3.54,1.77,2.55,1
31.5,74.375,2024-12-06,1,1.13,1.13,1.13,1
31.5,74.375,2024-12-07,4,6.569999999999999,1.6424999999999998,2.8,1
31.5,74.375,2024-12-08,2,1.1400000000000001,0.5700000000000001,0.59,1
31.5,74.375,2024-12-09,3,5.42,1.8066666666666666,3.98,1
31.5,74.375,2024-12-10,3,15.41,5.136666666666667,8.11,1
31.5,74.375,2024-12-11,2,2.38,1.19,1.56,1
31.5,74.375,2024-12-12,1,0.77,0.77,0.77,1
31.5,74.375,2024-12-13,1,1.01,1.01,1.01,1
31.5,74.375,2024-12-14,2,2.71,1.355,2.25,1
31.5,74.375,2024-12-15,2,2.22,1.11,1.84,1
31.5,74.375,2024-12-16,3,4.73,1.5766666666666669,2.23,1
31.5,74.375,2024-12-17,2,4.77,2.385,2.58,1
31.5,74.375,2024-12-18,1,2.25,2.25,2.25,1
31.5,74.375,2024-12-19,4,2.77,0.6925,1.13,1
31.5,74.375,2024-12-20,1,3.89,3.89,3.89,1
31.5,74.375,2024-12-24,2,3.95,1.975,3.16,1
31.5,74.375,2024-12-25,4,2.14,0.535,0.86,1
31.5,74.375,2024-12-26,2,2.11,1.055,1.17,1
31.5,74.375,2025-01-07,1,1.2,1.2,1.2,1
31.5,74.375,2025-01-08,1,1.8,1.8,1.8,1
31.5,74.375,2025-01-12,1,0.77,0.77,0.77,1
31.5,74.375,2025-01-14,3,3.46,1.1533333333333333,1.89,1
31.5,74.375,2025-01-15,5,2.8899999999999997,0.578,1.43,1
31.5,74.375,2025-01-18,2,0.77,0.385,0.39,1
31.5,74.375,2025-01-21,1,1.03,1.03,1.03,1
31.5,74.375,2025-01-22,1,1.99,1.99,1.99,1
31.5,74.375,2025-01-23,2,4.029999999999999,2.0149999999999997,2.13,1
31.5,74.375,2025-01-24,2,5.49,2.745,4.51,1
31.5,74.375,2025-01-25,3,2.21,0.7366666666666667,0.99,1
31.5,74.375,2025-01-26,3,4.4,1.4666666666666668,3.27,1
31.5,74.375,2025-01-29,3,5.29,1.7633333333333334,3.03,1
31.5,74.375,2025-01-30,1,1.83,1.83,1.83,1
31.5,74.375,2025-02-02,1,0.61,0.61,0.61,1
31.5,74.375,2025-02-03,1,1.07,1.07,1.07,1
31.5,74.375,2025-02-05,4,3.98,0.995,3.14,1
31.5,74.375,2025-02-06,1,2.82,2.82,2.82,1
31.5,74.375,2025-02-08,2,1.26,0.63,0.63,1
31.5,74.375,2025-02-09,1,0.99,0.99,0.99,1
31.5,74.375,2025-02-10,3,4.84,1.6133333333333333,2.62,1
31.5,74.375,2025-02-11,8,7.72,0.965,4.35,1
31.5,74.375,2025-02-12,1,0.9,0.9,0.9,1
31.5,74.375,2025-02-15,1,2.25,2.25,2.25,1
31.5,74.375,2025-02-16,12,7.49,0.6241666666666666,1.14,1
31.5,74.375,2025-02-18,5,8.71,1.7420000000000002,5.69,1
31.5,74.375,2025-02-22,2,1.17,0.585,0.63,1
31.5,74.375,2025-02-28,2,0.96,0.48,0.66,1
31.5,74.375,2025-03-01,1,0.64,0.64,0.64,1
31.5,74.375,2025-03-04,7,3.95,0.5642857142857143,0.85,1
31.5,74.375,2025-03-05,6,15.98,2.6633333333333336,4.2,1
31.5,74.375,2025-03-06,3,1.8900000000000001,0.63,1.08,1
31.5,74.375,2025-03-07,1,0.91,0.91,0.91,1
31.5,74.375,2025-03-08,2,0.8400000000000001,0.42000000000000004,0.45,1
31.5,74.375,2025-03-12,6,4.16,0.6933333333333334,1.03,1
31.5,74.375,2025-03-13,2,1.6600000000000001,0.8300000000000001,1.03,1
31.5,74.375,2025-03-14,10,28.02,2.802,5.95,1
31.5,74.375,2025-03-15,1,0.36,0.36,0.36,1
31.5,74.375,2025-03-16,3,1.4,0.4666666666666666,0.64,1
31.5,74.375,2025-03-17,2,1.84,0.92,1.33,1
31.5,74.375,2025-03-19,3,4.41,1.47,1.96,1
31.5,74.375,2025-03-20,3,1.91,0.6366666666666666,0.82,1
31.5,74.375,2025-03-22,4,3.7600000000000002,0.9400000000000001,1.31,1
31.5,74.375,2025-03-23,3,8.04,2.6799999999999997,5.81,1
31.5,74.375,2025-03-24,2,0.87,0.435,0.51,1
31.5,74.375,2025-03-25,1,0.69,0.69,0.69,1
31.5,74.375,2025-03-27,4,5.62,1.405,2.99,1
31.5,74.375,2025-03-28,1,0.71,0.71,0.71,1
31.5,74.375,2025-04-07,1,0.39,0.39,0.39,1
31.5,74.375,2025-04-08,1,2.7,2.7,2.7,1
31.5,74.375,2025-04-10,6,4.26,0.71,1.05,1
31.5,74.375,2025-04-11,2,1.3900000000000001,0.6950000000000001,0.73,1
31.5,74.375,2025-04-15,2,3.62,1.81,1.85,1
31.5,74.375,2025-04-16,3,1.52,0.5066666666666667,0.61,1
31.5,74.375,2025-04-21,3,4.9,1.6333333333333335,2.07,1
31.5,74.375,2025-04-22,5,42.8,8.559999999999999,38.01,1
31.5,74.375,2025-04-23,4,141.55,35.3875,74.0,1
31.5,74.375,2025-04-24,9,22.31,2.4788888888888887,6.38,1
31.5,74.375,2025-04-25,4,14.989999999999998,3.7474999999999996,5.17,1
31.5,74.375,2025-04-26,3,8.51,2.8366666666666664,6.45,1
31.5,74.375,2025-04-28,1,27.66,27.66,27.66,1
31.5,74.375,2025-04-29,4,16.57,4.1425,8.71,1
31.5,74.375,2025-04-30,6,23.46,3.91,6.69,1
31.5,74.375,2025-05-01,12,91.94,7.661666666666666,11.34,1
31.5,74.375,2025-05-02,1,0.41,0.41,0.41,1
31.5,74.375,2025-05-03,1,0.86,0.86,0.86,1
31.5,74.375,2025-05-04,2,26.56,13.28,19.0,1
31.5,74.375,2025-05-05,1,4.07,4.07,4.07,1
31.5,74.375,2025-05-06,9,36.769999999999996,4.085555555555555,14.5,1
31.5,74.375,2025-05-07,15,62.64,4.176,8.43,1
31.5,74.375,2025-05-08,24,266.64,11.11,61.4,1
31.5,74.375,2025-05-09,6,110.33,18.388333333333332,75.0,1
31.5,74.375,2025-05-10,71,299.62,4.22,10.53,1
31.5,74.375,2025-05-11,119,640.62,5.383361344537815,35.34,1
31.5,74.375,2025-05-12,58,289.85,4.997413793103449,15.19,1
31.5,74.375,2025-05-13,121,564.25,4.663223140495868,27.32,1
31.5,74.375,2025-05-14,59,374.18,6.342033898305085,22.8,1
31.5,74.375,2025-05-15,58,273.77,4.720172413793103,14.39,1
31.5,74.375,2025-05-16,73,385.17,5.276301369863014,20.38,1
31.5,74.375,2025-05-17,43,429.15,9.980232558139534,42.18,1
31.5,74.375,2025-05-18,36,297.7,8.269444444444444,23.1,1
31.5,74.375,2025-05-19,6,26.28,4.38,10.5,1
31.5,74.375,2025-05-20,14,69.79,4.985,8.42,1
31.5,74.375,2025-05-21,30,111.23,3.707666666666667,9.57,1
31.5,74.375,2025-05-22,29,517.16,17.83310344827586,94.08,1
31.5,74.375,2025-05-23,15,75.53999999999999,5.036,8.42,1
31.5,74.375,2025-05-24,2,16.83,8.415,11.5,1
31.5,74.375,2025-05-25,18,95.04,5.28,29.14,1
31.5,74.375,2025-05-26,17,58.28,3.428235294117647,8.55,1
31.5,74.375,2025-05-27,4,5.5,1.375,1.64,1
31.5,74.375,2025-05-28,9,47.49,5.276666666666667,10.96,1
31.5,74.375,2025-05-29,4,30.580000000000002,7.6450000000000005,11.71,1
31.5,74.375,2025-05-30,2,7.32,3.66,5.21,1
31.5,74.375,2025-05-31,2,6.28,3.14,5.42,1
31.5,74.375,2025-06-01,8,33.73,4.21625,7.98,1
31.5,74.375,2025-06-02,3,6.95,2.316666666666667,3.13,1
31.5,74.375,2025-06-03,5,3.17,0.634,0.73,1
31.5,74.375,2025-06-04,1,1.01,1.01,1.01,1
31.5,74.375,2025-06-05,1,1.73,1.73,1.73,1
31.5,74.375,2025-06-06,3,32.53,10.843333333333334,15.96,1
31.5,74.375,2025-06-08,4,33.36,8.34,11.58,1
31.5,74.375,2025-06-09,1,6.41,6.41,6.41,1
31.5,74.375,2025-06-10,1,7.49,7.49,7.49,1
31.5,74.375,2025-06-11,4,15.33,3.8325,5.93,1
31.5,74.375,2025-06-12,5,29.490000000000002,5.898000000000001,9.95,1
31.5,74.375,2025-06-13,2,7.970000000000001,3.9850000000000003,6.73,1
31.5,74.375,2025-06-14,1,3.98,3.98,3.98,1
31.5,74.375,2025-06-19,1,1.25,1.25,1.25,1
31.5,74.375,2025-06-21,1,2.81,2.81,2.81,1
31.5,74.375,2025-06-24,1,3.01,3.01,3.01,1
31.5,74.375,2025-07-10,1,1.35,1.35,1.35,1
31.5,74.375,2025-07-16,1,1.6,1.6,1.6,1
31.5,74.375,2025-08-05,1,5.42,5.42,5.42,1
31.5,74.375,2025-08-17,1,2.26,2.26,2.26,1
31.5,74.375,2025-08-20,1,0.6,0.6,0.6,1
31.5,74.375,2025-08-21,1,2.11,2.11,2.11,1
31.5,74.375,2025-08-22,1,0.89,0.89,0.89,1
31.5,74.375,2025-09-12,2,1.33,0.665,0.83,1
31.5,74.375,2025-09-13,1,0.67,0.67,0.67,1
31.5,74.375,2025-09-14,1,6.09,6.09,6.09,1
31.5,74.375,2025-09-17,4,15.560000000000002,3.8900000000000006,9.38,1
31.5,74.375,2025-09-18,2,4.35,2.175,2.57,1
31.5,74.375,2025-09-22,3,42.44,14.146666666666667,20.48,1
31.5,74.375,2025-09-23,1,7.41,7.41,7.41,1
31.5,74.375,2025-09-24,2,5.18,2.59,3.73,1
31.5,74.375,2025-09-27,3,8.36,2.7866666666666666,3.14,1
31.5,74.375,2025-09-28,5,12.38,2.476,4.91,1
31.5,74.375,2025-09-29,4,11.41,2.8525,4.87,1
31.5,74.375,2025-09-30,2,7.37,3.685,6.41,1
31.5,74.375,2025-10-02,1,2.79,2.79,2.79,1
31.5,74.375,2025-10-03,4,13.52,3.38,8.65,1
31.5,74.375,2025-10-04,4,12.6,3.15,3.71,1
31.5,74.375,2025-10-08,2,0.76,0.38,0.4,1
31.5,74.375,2025-10-09,3,5.74,1.9133333333333333,4.42,1
31.5,74.375,2025-10-10,5,21.39,4.2780000000000005,9.58,1
31.5,74.375,2025-10-11,9,59.03,6.558888888888889,12.34,1
31.5,74.375,2025-10-12,5,27.65,5.529999999999999,10.76,1
31.5,74.375,2025-10-13,2,4.54,2.27,4.14,1
31.5,74.375,2025-10-14,7,24.17,3.4528571428571433,8.07,1
31.5,74.375,2025-10-15,8,17.23,2.15375,4.11,1
31.5,74.375,2025-10-16,6,23.59,3.9316666666666666,8.46,1
31.5,74.375,2025-10-17,4,8.4,2.1,3.13,1
31.5,74.375,2025-10-18,13,60.89,4.6838461538461535,9.31,1
31.5,74.375,2025-10-19,12,33.09,2.7575000000000003,5.52,1
31.5,74.375,2025-10-20,13,36.69,2.822307692307692,9.7,1
31.5,74.375,2025-10-21,10,38.08,3.808,8.79,1
31.5,74.375,2025-10-22,6,27.900000000000002,4.65,5.48,1
31.5,74.375,2025-10-23,3,7.67,2.5566666666666666,4.47,1
31.5,74.375,2025-10-24,1,0.92,0.92,0.92,1
31.5,74.375,2025-10-25,16,48.9,3.05625,11.09,1
31.5,74.375,2025-10-26,14,61.370000000000005,4.383571428571429,6.07,1
31.5,74.375,2025-10-27,5,28.009999999999998,5.601999999999999,8.02,1
31.5,74.375,2025-10-28,1,6.4,6.4,6.4,1
31.5,74.375,2025-10-29,4,30.93,7.7325,11.92,1
31.5,74.375,2025-10-30,13,76.62,5.893846153846154,24.99,1
31.5,74.375,2025-10-31,13,42.089999999999996,3.237692307692307,7.62,1
31.5,74.375,2025-11-01,2,27.51,13.755,22.55,1
31.5,74.375,2025-11-02,10,27.380000000000003,2.7380000000000004,4.57,1
31.5,74.375,2025-11-03,3,5.28,1.76,3.21,1
31.5,74.375,2025-11-04,10,35.5,3.55,6.07,1
31.5,74.375,2025-11-05,17,56.870000000000005,3.345294117647059,8.23,1
31.5,74.375,2025-11-06,10,36.23,3.6229999999999998,7.09,1
31.5,74.375,2025-11-07,15,85.48,5.698666666666667,17.76,1
31.5,74.375,2025-11-08,3,4.92,1.64,2.43,1
31.5,74.375,2025-11-09,10,44.13,4.413,12.6,1
31.5,74.375,2025-11-10,11,36.55,3.3227272727272723,6.6,1
31.5,74.375,2025-11-11,6,15.78,2.63,4.38,1
31.5,74.375,2025-11-12,1,0.75,0.75,0.75,1
31.5,74.375,2025-11-14,2,5.25,2.625,4.69,1
31.5,74.375,2025-11-15,3,1.38,0.45999999999999996,0.7,1
31.5,74.375,2025-11-16,5,14.829999999999998,2.9659999999999997,9.04,1
31.5,74.375,2025-11-18,1,0.32,0.32,0.32,1
31.5,74.375,2025-11-20,2,1.26,0.63,0.78,1
31.5,74.375,2025-11-21,2,1.3399999999999999,0.6699999999999999,0.95,1
31.5,74.375,2025-11-23,1,0.54,0.54,0.54,1
31.5,74.375,2025-11-24,1,0.27,0.27,0.27,1
31.5,74.375,2025-11-26,2,0.95,0.475,0.48,1
31.5,74.375,2025-11-29,1,1.59,1.59,1.59,1
31.5,74.375,2025-11-30,2,3.08,1.54,1.92,1
31.5,74.375,2025-12-01,1,0.53,0.53,0.53,1
31.5,74.375,2025-12-02,3,5.760000000000001,1.9200000000000002,4.4,1
31.5,74.375,2025-12-06,3,1.45,0.48333333333333334,0.71,1
31.5,74.375,2025-12-07,1,1.33,1.33,1.33,1
31.5,74.375,2025-12-08,5,18.38,3.6759999999999997,6.37,1
31.5,74.375,2025-12-09,1,0.75,0.75,0.75,1
31.5,74.375,2025-12-11,1,0.19,0.19,0.19,1
31.5,74.375,2025-12-16,2,1.5899999999999999,0.7949999999999999,1.13,1
31.5,74.375,2025-12-23,3,6.41,2.1366666666666667,4.75,1
31.5,74.375,2025-12-24,1,0.82,0.82,0.82,1
31.5,74.375,2025-12-27,1,0.59,0.59,0.59,1
31.5,75.0,2023-01-07,1,3.49,3.49,3.49,1
31.5,75.0,2023-01-16,1,2.51,2.51,2.51,1
31.5,75.0,2023-01-27,2,16.24,8.12,13.6,1
31.5,75.0,2023-01-28,1,15.43,15.43,15.43,1
31.5,75.0,2023-02-08,1,5.46,5.46,5.46,1
31.5,75.0,2023-02-10,1,2.41,2.41,2.41,1
31.5,75.0,2023-02-12,2,7.89,3.945,4.31,1
31.5,75.0,2023-02-14,1,6.23,6.23,6.23,1
31.5,75.0,2023-02-18,1,3.16,3.16,3.16,1
31.5,75.0,2023-02-25,1,2.89,2.89,2.89,1
31.5,75.0,2023-03-05,1,2.38,2.38,2.38,1
31.5,75.0,2023-03-08,2,7.620000000000001,3.8100000000000005,4.9,1
31.5,75.0,2023-03-09,1,2.89,2.89,2.89,1
31.5,75.0,2023-03-10,1,4.4,4.4,4.4,1
31.5,75.0,2023-03-13,1,2.91,2.91,2.91,1
31.5,75.0,2023-03-21,2,10.91,5.455,7.32,1
31.5,75.0,2023-03-22,2,9.5,4.75,7.24,1
31.5,75.0,2023-04-06,1,3.31,3.31,3.31,1
31.5,75.0,2023-04-09,1,4.01,4.01,4.01,1
31.5,75.0,2023-04-11,1,3.5,3.5,3.5,1
31.5,75.0,2023-04-12,2,4.07,2.035,2.52,1
31.5,75.0,2023-04-22,1,2.45,2.45,2.45,1
31.5,75.0,2023-04-24,1,6.11,6.11,6.11,1
31.5,75.0,2023-04-29,1,4.13,4.13,4.13,1
31.5,75.0,2023-05-04,9,31.36,3.4844444444444442,6.94,1
31.5,75.0,2023-05-05,8,17.33,2.16625,3.99,1
31.5,75.0,2023-05-06,46,155.09,3.371521739130435,8.67,1
31.5,75.0,2023-05-07,31,155.37,5.0119354838709675,19.3,1
31.5,75.0,2023-05-08,77,260.18,3.378961038961039,12.7,1
31.5,75.0,2023-05-09,51,441.26,8.652156862745098,38.34,1
31.5,75.0,2023-05-10,151,1068.48,7.0760264900662255,25.04,1
31.5,75.0,2023-05-11,159,816.71,5.136540880503145,14.21,1
31.5,75.0,2023-05-12,201,1438.71,7.157761194029851,53.32,1
31.5,75.0,2023-05-13,325,1892.37,5.822676923076923,24.07,1
31.5,75.0,2023-05-14,126,787.3100000000001,6.248492063492064,25.71,1
31.5,75.0,2023-05-15,142,1092.93,7.696690140845071,22.08,1
31.5,75.0,2023-05-16,111,395.24,3.5607207207207208,17.05,1
31.5,75.0,2023-05-17,83,543.71,6.550722891566266,19.06,1
31.5,75.0,2023-05-18,48,184.5,3.84375,7.96,1
31.5,75.0,2023-05-19,46,209.93,4.563695652173913,12.8,1
31.5,75.0,2023-05-20,27,280.98,10.406666666666668,22.19,1
31.5,75.0,2023-05-21,28,200.43,7.158214285714286,17.8,1
31.5,75.0,2023-05-22,16,77.16,4.8225,12.44,1
31.5,75.0,2023-05-23,1,3.76,3.76,3.76,1
31.5,75.0,2023-05-27,1,1.59,1.59,1.59,1
31.5,75.0,2023-05-28,1,2.38,2.38,2.38,1
31.5,75.0,2023-06-06,1,2.2,2.2,2.2,1
31.5,75.0,2023-06-08,1,4.74,4.74,4.74,1
31.5,75.0,2023-06-12,2,13.6,6.8,6.8,1
31.5,75.0,2023-06-13,15,58.78,3.9186666666666667,8.61,1
31.5,75.0,2023-06-14,12,79.62,6.635000000000001,11.24,1
31.5,75.0,2023-06-19,11,41.04,3.730909090909091,10.17,1
31.5,75.0,2023-06-20,3,5.609999999999999,1.8699999999999999,2.28,1
31.5,75.0,2023-06-21,5,22.07,4.414,7.12,1
31.5,75.0,2023-06-22,8,33.400000000000006,4.175000000000001,9.82,1
31.5,75.0,2023-06-23,6,19.189999999999998,3.198333333333333,3.98,1
31.5,75.0,2023-06-24,2,6.7,3.35,4.78,1
31.5,75.0,2023-06-25,7,31.88,4.554285714285714,7.81,1
31.5,75.0,2023-06-30,2,9.75,4.875,6.19,1
31.5,75.0,2023-07-02,6,23.57,3.9283333333333332,5.82,1
31.5,75.0,2023-07-03,4,16.21,4.0525,5.08,1
31.5,75.0,2023-07-04,1,3.38,3.38,3.38,1
31.5,75.0,2023-07-18,1,4.72,4.72,4.72,1
31.5,75.0,2023-09-02,1,2.52,2.52,2.52,1
31.5,75.0,2023-09-05,1,3.85,3.85,3.85,1
31.5,75.0,2023-09-06,3,18.38,6.126666666666666,8.43,1
31.5,75.0,2023-09-07,4,18.74,4.685,6.05,1
31.5,75.0,2023-09-10,1,10.35,10.35,10.35,1
31.5,75.0,2023-09-16,6,30.41,5.068333333333333,7.2,1
31.5,75.0,2023-09-27,18,54.02,3.0011111111111113,4.96,1
31.5,75.0,2023-09-28,25,92.71,3.7083999999999997,9.49,1
31.5,75.0,2023-09-29,50,214.79,4.2958,26.17,1
31.5,75.0,2023-09-30,75,376.42,5.018933333333334,24.58,1
31.5,75.0,2023-10-01,56,316.19,5.64625,12.12,1
31.5,75.0,2023-10-02,87,455.09,5.230919540229885,16.7,1
31.5,75.0,2023-10-03,63,341.35,5.4182539682539685,17.2,1
31.5,75.0,2023-10-04,78,446.43,5.723461538461539,24.19,1
31.5,75.0,2023-10-05,76,484.73,6.378026315789474,52.88,1
31.5,75.0,2023-10-06,35,153.54,4.386857142857143,9.64,1
31.5,75.0,2023-10-07,24,100.69,4.195416666666667,7.12,1
31.5,75.0,2023-10-08,25,155.74,6.2296000000000005,14.54,1
31.5,75.0,2023-10-09,21,153.17000000000002,7.293809523809524,22.53,1
31.5,75.0,2023-10-11,2,5.39,2.695,3.28,1
31.5,75.0,2023-10-12,13,63.32,4.8707692307692305,9.45,1
31.5,75.0,2023-10-13,41,185.26,4.518536585365854,9.43,1
31.5,75.0,2023-10-14,15,61.46,4.097333333333333,6.67,1
31.5,75.0,2023-10-19,3,17.59,5.863333333333333,7.06,1
31.5,75.0,2023-10-20,21,96.14,4.578095238095238,22.84,1
31.5,75.0,2023-10-21,35,121.55,3.472857142857143,9.39,1
31.5,75.0,2023-10-22,2,10.3,5.15,5.61,1
31.5,75.0,2023-10-23,23,90.09,3.9169565217391304,7.77,1
31.5,75.0,2023-10-24,36,254.42,7.067222222222222,21.87,1
31.5,75.0,2023-10-25,49,216.07999999999998,4.4097959183673465,7.6,1
31.5,75.0,2023-10-26,103,375.43,3.6449514563106797,10.9,1
31.5,75.0,2023-10-27,67,415.92,6.207761194029851,23.25,1
31.5,75.0,2023-10-28,8,29.16,3.645,6.82,1
31.5,75.0,2023-10-29,82,393.57,4.799634146341464,16.25,1
31.5,75.0,2023-10-30,103,580.83,5.639126213592234,27.26,1
31.5,75.0,2023-10-31,116,554.71,4.78198275862069,26.96,1
31.5,75.0,2023-11-01,132,774.63,5.868409090909091,28.89,1
31.5,75.0,2023-11-03,61,304.11,4.985409836065574,9.55,1
31.5,75.0,2023-11-04,80,482.64,6.0329999999999995,21.7,1
31.5,75.0,2023-11-05,180,1020.15,5.6674999999999995,28.85,1
31.5,75.0,2023-11-06,36,127.17,3.5325,10.28,1
31.5,75.0,2023-11-07,32,145.51,4.5471875,9.45,1
31.5,75.0,2023-11-08,18,93.43,5.190555555555556,13.39,1
31.5,75.0,2023-11-09,34,220.12,6.474117647058824,44.06,1
31.5,75.0,2023-11-12,2,9.24,4.62,5.7,1
31.5,75.0,2023-11-13,1,4.28,4.28,4.28,1
31.5,75.0,2023-11-14,6,22.35,3.725,6.63,1
31.5,75.0,2023-11-15,21,100.69,4.794761904761905,9.24,1
31.5,75.0,2023-11-16,18,116.55000000000001,6.4750000000000005,18.87,1
31.5,75.0,2023-11-17,18,74.39,4.132777777777778,11.55,1
31.5,75.0,2023-11-18,6,36.62,6.103333333333333,12.35,1
31.5,75.0,2023-11-19,12,66.26,5.521666666666667,7.6,1
31.5,75.0,2023-11-20,6,66.74,11.123333333333333,17.07,1
31.5,75.0,2023-11-21,6,16.57,2.7616666666666667,4.38,1
31.5,75.0,2023-11-22,6,14.71,2.4516666666666667,3.59,1
31.5,75.0,2023-11-23,5,22.380000000000003,4.476000000000001,7.83,1
31.5,75.0,2023-11-24,2,2.9699999999999998,1.4849999999999999,1.82,1
31.5,75.0,2023-11-28,2,6.01,3.005,3.13,1
31.5,75.0,2023-12-02,3,7.05,2.35,2.55,1
31.5,75.0,2023-12-03,2,4.96,2.48,2.48,1
31.5,75.0,2023-12-08,1,2.39,2.39,2.39,1
31.5,75.0,2023-12-09,1,1.51,1.51,1.51,1
31.5,75.0,2023-12-10,4,7.71,1.9275,2.08,1
31.5,75.0,2024-01-26,3,12.5,4.166666666666667,6.26,1
31.5,75.0,2024-01-28,2,2.7800000000000002,1.3900000000000001,1.74,1
31.5,75.0,2024-01-30,1,2.76,2.76,2.76,1
31.5,75.0,2024-02-08,1,5.52,5.52,5.52,1
31.5,75.0,2024-02-10,1,1.85,1.85,1.85,1
31.5,75.0,2024-02-16,3,10.04,3.3466666666666662,4.55,1
31.5,75.0,2024-02-23,1,1.56,1.56,1.56,1
31.5,75.0,2024-02-27,1,5.17,5.17,5.17,1
31.5,75.0,2024-02-28,2,6.24,3.12,3.29,1
31.5,75.0,2024-03-08,1,2.8,2.8,2.8,1
31.5,75.0,2024-03-12,3,10.76,3.5866666666666664,3.91,1
31.5,75.0,2024-03-18,1,3.15,3.15,3.15,1
31.5,75.0,2024-03-22,3,15.219999999999999,5.073333333333333,7.14,1
31.5,75.0,2024-03-23,1,2.43,2.43,2.43,1
31.5,75.0,2024-03-27,2,1.08,0.54,0.79,1
31.5,75.0,2024-03-29,1,1.55,1.55,1.55,1
31.5,75.0,2024-05-01,2,31.98,15.99,15.99,1
31.5,75.0,2024-05-02,1,5.32,5.32,5.32,1
31.5,75.0,2024-05-04,4,26.0,6.5,11.19,1
31.5,75.0,2024-05-05,4,6.76,1.69,2.42,1
31.5,75.0,2024-05-06,6,33.43,5.571666666666666,9.82,1
31.5,75.0,2024-05-07,26,238.99,9.191923076923077,22.42,1
31.5,75.0,2024-05-08,88,540.35,6.140340909090909,25.26,1
31.5,75.0,2024-05-09,50,190.5,3.81,11.93,1
31.5,75.0,2024-05-10,127,578.15,4.5523622047244094,23.36,1
31.5,75.0,2024-05-11,1,19.12,19.12,19.12,1
31.5,75.0,2024-05-12,10,62.019999999999996,6.202,11.7,1
31.5,75.0,2024-05-13,581,3789.39,6.522185886402753,39.36,1
31.5,75.0,2024-05-14,260,2795.84,10.75323076923077,75.59,1
31.5,75.0,2024-05-15,235,2340.74,9.96059574468085,86.23,1
31.5,75.0,2024-05-16,148,1214.79,8.20804054054054,63.63,1
31.5,75.0,2024-05-17,167,1204.71,7.213832335329341,54.08,1
31.5,75.0,2024-05-18,223,1076.32,4.826547085201794,26.34,1
31.5,75.0,2024-05-19,59,417.88,7.08271186440678,63.9,1
31.5,75.0,2024-05-20,48,656.1,13.668750000000001,34.0,1
31.5,75.0,2024-05-21,34,304.66,8.960588235294118,31.09,1
31.5,75.0,2024-05-22,19,118.27,6.224736842105263,10.38,1
31.5,75.0,2024-05-23,10,47.39,4.739,8.33,1
31.5,75.0,2024-05-24,9,33.24,3.6933333333333334,5.38,1
31.5,75.0,2024-05-25,14,94.89,6.777857142857143,13.02,1
31.5,75.0,2024-05-27,2,22.380000000000003,11.190000000000001,13.0,1
31.5,75.0,2024-05-29,3,18.2,6.066666666666666,6.38,1
31.5,75.0,2024-06-06,1,5.23,5.23,5.23,1
31.5,75.0,2024-06-10,1,5.55,5.55,5.55,1
31.5,75.0,2024-06-11,3,43.22,14.406666666666666,15.77,1
31.5,75.0,2024-06-12,1,7.44,7.44,7.44,1
31.5,75.0,2024-06-13,11,201.84,18.349090909090908,118.01,1
31.5,75.0,2024-06-14,19,114.07000000000001,6.003684210526316,17.28,1
31.5,75.0,2024-06-15,20,150.36,7.518000000000001,11.52,1
31.5,75.0,2024-06-16,21,177.39,8.447142857142856,25.31,1
31.5,75.0,2024-06-18,45,274.27,6.094888888888889,31.27,1
31.5,75.0,2024-06-19,13,72.54,5.58,9.04,1
31.5,75.0,2024-06-22,1,1.75,1.75,1.75,1
31.5,75.0,2024-06-23,15,76.28,5.085333333333334,23.88,1
31.5,75.0,2024-06-24,19,83.64,4.402105263157895,11.68,1
31.5,75.0,2024-06-25,15,46.28,3.0853333333333333,4.88,1
31.5,75.0,2024-06-26,1,31.21,31.21,31.21,1
31.5,75.0,2024-06-28,3,11.16,3.72,4.83,1
31.5,75.0,2024-06-29,4,23.82,5.955,9.17,1
31.5,75.0,2024-07-09,1,3.04,3.04,3.04,1
31.5,75.0,2024-07-18,1,4.92,4.92,4.92,1
31.5,75.0,2024-09-07,1,1.8,1.8,1.8,1
31.5,75.0,2024-09-08,1,6.11,6.11,6.11,1
31.5,75.0,2024-09-09,3,48.199999999999996,16.066666666666666,18.74,1
31.5,75.0,2024-09-11,3,47.379999999999995,15.793333333333331,31.83,1
31.5,75.0,2024-09-12,1,2.7,2.7,2.7,1
31.5,75.0,2024-09-13,4,18.45,4.6125,5.52,1
31.5,75.0,2024-09-14,4,20.76,5.19,6.45,1
31.5,75.0,2024-09-15,12,49.26,4.1049999999999995,6.62,1
31.5,75.0,2024-09-18,2,11.58,5.79,6.39,1
31.5,75.0,2024-09-20,7,35.75,5.107142857142857,13.37,1
31.5,75.0,2024-09-21,15,91.39,6.092666666666667,14.65,1
31.5,75.0,2024-09-22,2,8.48,4.24,4.44,1
31.5,75.0,2024-09-23,5,18.43,3.686,8.16,1
31.5,75.0,2024-09-24,5,63.49,12.698,18.06,1
31.5,75.0,2024-09-25,2,5.77,2.885,3.33,1
31.5,75.0,2024-09-29,17,62.42,3.671764705882353,7.16,1
31.5,75.0,2024-09-30,5,21.44,4.288,6.07,1
31.5,75.0,2024-10-01,13,53.89,4.145384615384615,7.15,1
31.5,75.0,2024-10-02,6,37.49,6.248333333333334,11.41,1
31.5,75.0,2024-10-03,5,27.86,5.572,13.45,1
31.5,75.0,2024-10-04,2,9.64,4.82,6.29,1
31.5,75.0,2024-10-05,1,9.97,9.97,9.97,1
31.5,75.0,2024-10-07,10,33.5,3.35,7.64,1
31.5,75.0,2024-10-08,4,16.130000000000003,4.032500000000001,5.07,1
31.5,75.0,2024-10-09,18,81.79,4.5438888888888895,13.09,1
31.5,75.0,2024-10-10,26,144.34,5.5515384615384615,17.23,1
31.5,75.0,2024-10-11,31,143.89,4.641612903225806,15.5,1
31.5,75.0,2024-10-12,39,158.73,4.069999999999999,11.42,1
31.5,75.0,2024-10-13,28,118.39,4.2282142857142855,11.91,1
31.5,75.0,2024-10-14,2,9.26,4.63,5.51,1
31.5,75.0,2024-10-15,22,88.06,4.002727272727273,8.47,1
31.5,75.0,2024-10-16,25,104.32,4.1728,10.66,1
31.5,75.0,2024-10-17,18,56.78,3.1544444444444446,10.18,1
31.5,75.0,2024-10-18,15,61.82,4.121333333333333,10.47,1
31.5,75.0,2024-10-19,7,35.72,5.102857142857142,9.69,1
31.5,75.0,2024-10-20,16,81.94,5.12125,9.75,1
31.5,75.0,2024-10-21,13,59.94,4.610769230769231,8.96,1
31.5,75.0,2024-10-22,17,100.22,5.895294117647059,28.96,1
31.5,75.0,2024-10-23,12,47.0,3.9166666666666665,13.39,1
31.5,75.0,2024-10-24,9,37.29,4.1433333333333335,7.91,1
31.5,75.0,2024-10-25,15,59.71,3.9806666666666666,9.75,1
31.5,75.0,2024-10-26,23,111.08,4.829565217391305,9.44,1
31.5,75.0,2024-10-27,13,63.849999999999994,4.911538461538461,9.45,1
31.5,75.0,2024-10-28,17,93.79,5.517058823529412,17.16,1
31.5,75.0,2024-10-29,11,126.06,11.46,46.67,1
31.5,75.0,2024-10-30,8,29.18,3.6475,13.24,1
31.5,75.0,2024-10-31,31,170.22,5.490967741935484,12.16,1
31.5,75.0,2024-11-01,73,535.08,7.329863013698631,26.72,1
31.5,75.0,2024-11-02,48,213.17,4.441041666666666,18.69,1
31.5,75.0,2024-11-06,2,1.69,0.845,0.9,1
31.5,75.0,2024-11-07,10,41.38,4.138,5.98,1
31.5,75.0,2024-11-08,9,28.060000000000002,3.117777777777778,4.7,1
31.5,75.0,2024-11-10,5,18.43,3.686,5.09,1
31.5,75.0,2024-11-11,2,8.64,4.32,5.18,1
31.5,75.0,2024-11-13,12,31.31,2.6091666666666664,6.49,1
31.5,75.0,2024-11-17,13,48.39,3.7223076923076923,10.45,1
31.5,75.0,2024-11-18,47,175.06,3.72468085106383,22.55,1
31.5,75.0,2024-11-19,29,131.85,4.546551724137931,11.9,1
31.5,75.0,2024-11-20,3,15.379999999999999,5.126666666666666,9.03,1
31.5,75.0,2024-11-21,6,24.97,4.161666666666666,6.04,1
31.5,75.0,2024-11-22,4,32.14,8.035,15.2,1
31.5,75.0,2024-11-23,3,15.5,5.166666666666667,8.98,1
31.5,75.0,2024-11-24,6,28.12,4.6866666666666665,9.82,1
31.5,75.0,2024-11-26,1,2.29,2.29,2.29,1
31.5,75.0,2024-11-28,2,10.79,5.395,7.39,1
31.5,75.0,2024-11-29,2,7.460000000000001,3.7300000000000004,4.65,1
31.5,75.0,2024-11-30,3,10.01,3.3366666666666664,3.58,1
31.5,75.0,2024-12-02,1,6.5,6.5,6.5,1
31.5,75.0,2024-12-03,1,0.65,0.65,0.65,1
31.5,75.0,2024-12-05,1,4.68,4.68,4.68,1
31.5,75.0,2024-12-07,1,2.87,2.87,2.87,1
31.5,75.0,2024-12-10,2,6.38,3.19,3.53,1
31.5,75.0,2024-12-17,1,3.32,3.32,3.32,1
31.5,75.0,2024-12-20,1,2.38,2.38,2.38,1
31.5,75.0,2024-12-22,2,4.53,2.265,2.81,1
31.5,75.0,2025-01-05,1,10.49,10.49,10.49,1
31.5,75.0,2025-01-09,2,7.64,3.82,4.1,1
31.5,75.0,2025-01-21,3,7.68,2.56,2.83,1
31.5,75.0,2025-01-24,1,2.38,2.38,2.38,1
31.5,75.0,2025-01-26,2,8.2,4.1,4.94,1
31.5,75.0,2025-01-27,2,3.98,1.99,1.99,1
31.5,75.0,2025-01-28,2,7.380000000000001,3.6900000000000004,4.82,1
31.5,75.0,2025-02-10,2,19.18,9.59,18.58,1
31.5,75.0,2025-02-11,3,24.63,8.209999999999999,10.36,1
31.5,75.0,2025-02-13,1,7.06,7.06,7.06,1
31.5,75.0,2025-02-15,3,19.67,6.5566666666666675,9.56,1
31.5,75.0,2025-02-22,1,5.31,5.31,5.31,1
31.5,75.0,2025-03-04,1,2.12,2.12,2.12,1
31.5,75.0,2025-03-05,5,28.72,5.744,10.75,1
31.5,75.0,2025-03-07,1,3.18,3.18,3.18,1
31.5,75.0,2025-03-10,1,2.41,2.41,2.41,1
31.5,75.0,2025-03-12,1,9.02,9.02,9.02,1
31.5,75.0,2025-03-13,2,18.13,9.065,11.49,1
31.5,75.0,2025-03-16,1,2.43,2.43,2.43,1
31.5,75.0,2025-03-17,2,4.0,2.0,2.27,1
31.5,75.0,2025-03-18,8,36.04,4.505,9.42,1
31.5,75.0,2025-03-19,2,12.690000000000001,6.345000000000001,7.37,1
31.5,75.0,2025-03-21,2,11.23,5.615,7.94,1
31.5,75.0,2025-03-23,3,9.629999999999999,3.2099999999999995,3.82,1
31.5,75.0,2025-03-27,2,21.14,10.57,13.34,1
31.5,75.0,2025-03-28,1,0.74,0.74,0.74,1
31.5,75.0,2025-03-29,1,3.4,3.4,3.4,1
31.5,75.0,2025-03-30,1,0.5,0.5,0.5,1
31.5,75.0,2025-03-31,1,0.63,0.63,0.63,1
31.5,75.0,2025-04-08,3,11.620000000000001,3.8733333333333335,4.65,1
31.5,75.0,2025-04-19,1,2.1,2.1,2.1,1
31.5,75.0,2025-04-20,2,23.8,11.9,12.08,1
31.5,75.0,2025-04-23,1,1.91,1.91,1.91,1
31.5,75.0,2025-04-24,4,27.3,6.825,9.15,1
31.5,75.0,2025-04-25,7,106.44,15.205714285714285,22.32,1
31.5,75.0,2025-04-26,2,5.5,2.75,2.75,1
31.5,75.0,2025-04-27,1,7.67,7.67,7.67,1
31.5,75.0,2025-04-28,7,29.509999999999998,4.215714285714285,17.31,1
31.5,75.0,2025-04-29,4,73.03,18.2575,23.49,1
31.5,75.0,2025-04-30,3,17.32,5.773333333333333,8.97,1
31.5,75.0,2025-05-01,1,5.51,5.51,5.51,1
31.5,75.0,2025-05-03,1,7.5,7.5,7.5,1
31.5,75.0,2025-05-04,1,4.5,4.5,4.5,1
31.5,75.0,2025-05-06,4,9.44,2.36,3.23,1
31.5,75.0,2025-05-07,55,277.21,5.040181818181818,19.5,1
31.5,75.0,2025-05-08,16,84.51,5.281875,28.78,1
31.5,75.0,2025-05-09,24,128.43,5.35125,15.41,1
31.5,75.0,2025-05-10,117,747.74,6.390940170940171,36.25,1
31.5,75.0,2025-05-11,214,1146.26,5.356355140186916,28.33,1
31.5,75.0,2025-05-12,121,632.11,5.22404958677686,17.33,1
31.5,75.0,2025-05-13,296,1549.1200000000001,5.233513513513514,43.58,1
31.5,75.0,2025-05-14,211,1523.9,7.222274881516588,40.89,1
31.5,75.0,2025-05-15,233,1134.81,4.870429184549356,21.78,1
31.5,75.0,2025-05-16,186,825.94,4.440537634408602,14.61,1
31.5,75.0,2025-05-17,93,675.05,7.258602150537634,29.5,1
31.5,75.0,2025-05-18,103,913.89,8.872718446601942,54.34,1
31.5,75.0,2025-05-19,7,30.87,4.41,12.0,1
31.5,75.0,2025-05-20,26,223.1,8.580769230769231,25.68,1
31.5,75.0,2025-05-21,15,61.86,4.124,8.0,1
31.5,75.0,2025-05-22,5,30.51,6.102,8.97,1
31.5,75.0,2025-05-23,8,40.14,5.0175,8.36,1
31.5,75.0,2025-05-24,10,41.4,4.14,7.15,1
31.5,75.0,2025-05-25,1,4.05,4.05,4.05,1
31.5,75.0,2025-05-26,5,23.74,4.747999999999999,11.99,1
31.5,75.0,2025-05-27,3,6.4799999999999995,2.1599999999999997,2.57,1
31.5,75.0,2025-05-28,3,12.52,4.173333333333333,5.23,1
31.5,75.0,2025-06-01,2,5.12,2.56,2.64,1
31.5,75.0,2025-06-05,6,26.84,4.473333333333334,9.58,1
31.5,75.0,2025-06-07,2,13.41,6.705,6.94,1
31.5,75.0,2025-06-08,2,11.59,5.795,6.68,1
31.5,75.0,2025-06-09,1,2.69,2.69,2.69,1
31.5,75.0,2025-06-10,2,33.35,16.675,24.25,1
31.5,75.0,2025-06-11,8,58.17,7.27125,11.31,1
31.5,75.0,2025-06-12,10,44.9,4.49,11.43,1
31.5,75.0,2025-06-13,12,49.620000000000005,4.135000000000001,7.07,1
31.5,75.0,2025-06-14,30,150.97,5.032333333333333,14.19,1
31.5,75.0,2025-06-18,25,133.5,5.34,19.39,1
31.5,75.0,2025-06-19,23,153.22,6.661739130434783,30.21,1
31.5,75.0,2025-06-21,1,8.01,8.01,8.01,1
31.5,75.0,2025-09-13,1,5.57,5.57,5.57,1
31.5,75.0,2025-09-14,4,28.0,7.0,11.13,1
31.5,75.0,2025-09-15,3,16.9,5.633333333333333,7.74,1
31.5,75.0,2025-09-16,13,80.03,6.156153846153846,12.35,1
31.5,75.0,2025-09-17,11,51.9,4.718181818181818,8.51,1
31.5,75.0,2025-09-18,9,25.13,2.792222222222222,5.17,1
31.5,75.0,2025-09-19,2,11.81,5.905,9.84,1
31.5,75.0,2025-09-22,6,41.75,6.958333333333333,14.1,1
31.5,75.0,2025-09-23,4,13.280000000000001,3.3200000000000003,4.7,1
31.5,75.0,2025-09-24,5,17.88,3.5759999999999996,7.09,1
31.5,75.0,2025-09-25,6,28.77,4.795,7.55,1
31.5,75.0,2025-09-27,2,4.06,2.03,2.03,1
31.5,75.0,2025-09-28,8,25.25,3.15625,4.0,1
31.5,75.0,2025-09-29,5,13.23,2.646,3.14,1
31.5,75.0,2025-09-30,1,1.42,1.42,1.42,1
31.5,75.0,2025-10-01,3,12.71,4.236666666666667,5.29,1
31.5,75.0,2025-10-02,1,2.98,2.98,2.98,1
31.5,75.0,2025-10-03,5,25.09,5.018,7.91,1
31.5,75.0,2025-10-04,13,39.54,3.0415384615384613,6.62,1
31.5,75.0,2025-10-09,1,7.33,7.33,7.33,1
31.5,75.0,2025-10-10,3,10.129999999999999,3.3766666666666665,4.35,1
31.5,75.0,2025-10-11,12,46.81,3.9008333333333334,6.93,1
31.5,75.0,2025-10-12,9,38.41,4.267777777777777,7.33,1
31.5,75.0,2025-10-13,4,30.49,7.6225,14.52,1
31.5,75.0,2025-10-14,10,41.97,4.197,9.81,1
31.5,75.0,2025-10-15,10,37.5,3.75,8.39,1
31.5,75.0,2025-10-16,7,37.64,5.377142857142857,9.61,1
31.5,75.0,2025-10-17,8,27.04,3.38,5.43,1
31.5,75.0,2025-10-18,27,95.66,3.542962962962963,6.53,1
31.5,75.0,2025-10-19,43,219.3,5.1000000000000005,22.24,1
31.5,75.0,2025-10-20,15,68.52,4.568,13.17,1
31.5,75.0,2025-10-21,7,62.339999999999996,8.905714285714286,34.26,1
31.5,75.0,2025-10-22,13,83.86,6.450769230769231,12.66,1
31.5,75.0,2025-10-23,9,44.42,4.935555555555556,10.28,1
31.5,75.0,2025-10-24,4,21.81,5.4525,7.18,1
31.5,75.0,2025-10-25,19,98.85,5.2026315789473685,13.19,1
31.5,75.0,2025-10-26,22,74.89,3.4040909090909093,8.73,1
31.5,75.0,2025-10-27,6,19.61,3.268333333333333,5.52,1
31.5,75.0,2025-10-28,8,45.48,5.685,11.69,1
31.5,75.0,2025-10-29,10,72.8,7.279999999999999,23.61,1
31.5,75.0,2025-10-30,13,48.37,3.7207692307692306,9.25,1
31.5,75.0,2025-10-31,34,133.24,3.918823529411765,14.31,1
31.5,75.0,2025-11-01,20,107.95,5.3975,18.43,1
31.5,75.0,2025-11-02,13,48.46,3.727692307692308,8.39,1
31.5,75.0,2025-11-03,16,79.34,4.95875,11.69,1
31.5,75.0,2025-11-04,17,135.76,7.985882352941176,42.9,1
31.5,75.0,2025-11-05,7,30.759999999999998,4.394285714285714,6.22,1
31.5,75.0,2025-11-06,21,75.15,3.5785714285714287,14.31,1
31.5,75.0,2025-11-07,3,12.48,4.16,5.8,1
31.5,75.0,2025-11-08,11,56.51,5.137272727272727,10.52,1
31.5,75.0,2025-11-09,17,85.72,5.04235294117647,11.53,1
31.5,75.0,2025-11-10,21,108.05,5.145238095238095,12.06,1
31.5,75.0,2025-11-11,25,96.69999999999999,3.8679999999999994,23.08,1
31.5,75.0,2025-11-13,4,12.23,3.0575,4.32,1
31.5,75.0,2025-11-14,4,23.310000000000002,5.827500000000001,11.15,1
31.5,75.0,2025-11-16,3,7.01,2.3366666666666664,2.63,1
31.5,75.0,2025-11-17,2,10.43,5.215,6.69,1
31.5,75.0,2025-11-23,1,3.72,3.72,3.72,1
31.5,75.0,2025-11-28,2,1.37,0.685,0.73,1
31.5,75.0,2025-12-24,3,7.11,2.37,2.52,1
31.5,75.625,2023-01-12,1,2.58,2.58,2.58,1
31.5,75.625,2023-01-13,1,4.52,4.52,4.52,1
31.5,75.625,2023-01-14,1,3.17,3.17,3.17,1
31.5,75.625,2023-01-15,3,16.03,5.343333333333334,7.95,1
31.5,75.625,2023-01-16,4,13.09,3.2725,6.1,1
31.5,75.625,2023-01-17,3,6.390000000000001,2.1300000000000003,3.29,1
31.5,75.625,2023-01-19,2,6.3100000000000005,3.1550000000000002,4.7,1
31.5,75.625,2023-01-21,1,3.83,3.83,3.83,1
31.5,75.625,2023-01-22,3,15.75,5.25,9.03,1
31.5,75.625,2023-01-23,3,11.379999999999999,3.793333333333333,5.09,1
31.5,75.625,2023-01-30,1,1.39,1.39,1.39,1
31.5,75.625,2023-02-02,2,5.13,2.565,2.92,1
31.5,75.625,2023-02-04,5,18.85,3.7700000000000005,6.34,1
31.5,75.625,2023-02-05,3,15.049999999999999,5.016666666666667,7.01,1
31.5,75.625,2023-02-06,5,18.39,3.678,5.2,1
31.5,75.625,2023-02-07,4,11.2,2.8,4.08,1
31.5,75.625,2023-02-08,2,4.859999999999999,2.4299999999999997,2.76,1
31.5,75.625,2023-02-10,1,1.99,1.99,1.99,1
31.5,75.625,2023-02-12,1,4.51,4.51,4.51,1
31.5,75.625,2023-02-13,5,21.689999999999998,4.337999999999999,5.64,1
31.5,75.625,2023-02-15,2,5.359999999999999,2.6799999999999997,3.19,1
31.5,75.625,2023-02-16,1,2.7,2.7,2.7,1
31.5,75.625,2023-02-18,6,15.950000000000001,2.6583333333333337,4.13,1
31.5,75.625,2023-02-21,5,22.61,4.522,8.46,1
31.5,75.625,2023-02-23,4,20.11,5.0275,9.26,1
31.5,75.625,2023-02-24,4,11.42,2.855,4.47,1
31.5,75.625,2023-02-25,6,21.82,3.6366666666666667,8.37,1
31.5,75.625,2023-02-26,4,10.870000000000001,2.7175000000000002,4.15,1
31.5,75.625,2023-02-27,6,28.919999999999998,4.819999999999999,8.43,1
31.5,75.625,2023-03-01,1,3.27,3.27,3.27,1
31.5,75.625,2023-03-04,1,1.42,1.42,1.42,1
31.5,75.625,2023-03-06,3,12.899999999999999,4.3,5.47,1
31.5,75.625,2023-03-08,4,14.989999999999998,3.7474999999999996,5.39,1
31.5,75.625,2023-03-09,1,1.71,1.71,1.71,1
31.5,75.625,2023-03-10,4,13.06,3.265,4.34,1
31.5,75.625,2023-03-11,3,8.07,2.69,3.14,1
31.5,75.625,2023-03-12,2,9.57,4.785,7.21,1
31.5,75.625,2023-03-13,1,1.41,1.41,1.41,1
31.5,75.625,2023-03-14,2,6.029999999999999,3.0149999999999997,3.19,1
31.5,75.625,2023-03-16,4,9.23,2.3075,3.05,1
31.5,75.625,2023-03-21,1,2.67,2.67,2.67,1
31.5,75.625,2023-03-22,6,20.94,3.49,7.85,1
31.5,75.625,2023-03-26,2,10.33,5.165,5.73,1
31.5,75.625,2023-03-28,2,4.6899999999999995,2.3449999999999998,2.59,1
31.5,75.625,2023-03-29,1,3.3,3.3,3.3,1
31.5,75.625,2023-03-30,1,1.65,1.65,1.65,1
31.5,75.625,2023-04-06,2,5.89,2.945,4.26,1
31.5,75.625,2023-04-07,2,27.919999999999998,13.959999999999999,26.11,1
31.5,75.625,2023-04-08,1,4.39,4.39,4.39,1
31.5,75.625,2023-04-11,1,7.46,7.46,7.46,1
31.5,75.625,2023-04-24,3,7.19,2.396666666666667,2.66,1
31.5,75.625,2023-04-25,2,5.85,2.925,3.22,1
31.5,75.625,2023-04-27,2,11.21,5.605,6.39,1
31.5,75.625,2023-04-29,9,37.17,4.13,8.91,1
31.5,75.625,2023-04-30,5,21.58,4.316,6.93,1
31.5,75.625,2023-05-02,2,14.36,7.18,7.5,1
31.5,75.625,2023-05-03,5,76.14,15.228,40.23,1
31.5,75.625,2023-05-04,5,15.12,3.024,4.52,1
31.5,75.625,2023-05-05,20,114.95,5.7475000000000005,10.37,1
31.5,75.625,2023-05-06,52,438.24,8.427692307692308,34.9,1
31.5,75.625,2023-05-07,33,109.76,3.326060606060606,12.16,1
31.5,75.625,2023-05-08,108,632.64,5.857777777777778,27.92,1
31.5,75.625,2023-05-09,27,291.69,10.803333333333333,35.07,1
31.5,75.625,2023-05-10,77,553.6800000000001,7.190649350649352,60.92,1
31.5,75.625,2023-05-11,78,398.1,5.103846153846154,17.61,1
31.5,75.625,2023-05-12,92,707.26,7.687608695652174,28.92,1
31.5,75.625,2023-05-13,171,1092.6,6.389473684210526,19.85,1
31.5,75.625,2023-05-14,79,600.73,7.604177215189874,18.27,1
31.5,75.625,2023-05-15,90,782.05,8.689444444444444,21.76,1
31.5,75.625,2023-05-16,132,583.79,4.4226515151515144,13.56,1
31.5,75.625,2023-05-17,101,497.88,4.929504950495049,17.86,1
31.5,75.625,2023-05-18,26,144.43,5.555000000000001,11.78,1
31.5,75.625,2023-05-19,50,360.87,7.2174000000000005,24.5,1
31.5,75.625,2023-05-20,28,339.44,12.122857142857143,60.78,1
31.5,75.625,2023-05-21,22,203.28,9.24,19.46,1
31.5,75.625,2023-05-22,8,26.74,3.3425,6.0,1
31.5,75.625,2023-05-24,7,59.56,8.508571428571429,17.24,1
31.5,75.625,2023-05-27,5,16.97,3.3939999999999997,4.39,1
31.5,75.625,2023-05-28,2,6.29,3.145,4.95,1
31.5,75.625,2023-05-30,1,3.38,3.38,3.38,1
31.5,75.625,2023-06-06,1,3.34,3.34,3.34,1
31.5,75.625,2023-06-13,2,7.1,3.55,3.55,1
31.5,75.625,2023-06-14,1,2.36,2.36,2.36,1
31.5,75.625,2023-06-16,1,1.92,1.92,1.92,1
31.5,75.625,2023-06-17,1,3.09,3.09,3.09,1
31.5,75.625,2023-06-18,13,39.19,3.0146153846153845,6.17,1
31.5,75.625,2023-06-19,21,131.35999999999999,6.255238095238094,50.86,1
31.5,75.625,2023-06-20,6,30.16,5.026666666666666,10.13,1
31.5,75.625,2023-06-21,2,4.109999999999999,2.0549999999999997,2.28,1
31.5,75.625,2023-06-22,1,7.65,7.65,7.65,1
31.5,75.625,2023-06-23,3,10.67,3.5566666666666666,3.97,1
31.5,75.625,2023-06-24,5,17.36,3.472,6.57,1
31.5,75.625,2023-06-27,3,16.37,5.456666666666667,8.43,1
31.5,75.625,2023-06-28,4,25.490000000000002,6.3725000000000005,8.41,1
31.5,75.625,2023-06-29,2,5.1,2.55,2.73,1
31.5,75.625,2023-06-30,8,30.720000000000002,3.8400000000000003,7.66,1
31.5,75.625,2023-07-02,13,43.35,3.3346153846153848,4.86,1
31.5,75.625,2023-07-03,5,14.16,2.832,3.72,1
31.5,75.625,2023-07-20,1,2.48,2.48,2.48,1
31.5,75.625,2023-08-03,1,3.47,3.47,3.47,1
31.5,75.625,2023-08-27,1,3.34,3.34,3.34,1
31.5,75.625,2023-09-02,1,5.39,5.39,5.39,1
31.5,75.625,2023-09-08,1,3.54,3.54,3.54,1
31.5,75.625,2023-09-30,2,9.04,4.52,4.91,1
31.5,75.625,2023-10-02,3,7.449999999999999,2.483333333333333,3.05,1
31.5,75.625,2023-10-03,2,9.65,4.825,5.87,1
31.5,75.625,2023-10-04,1,2.26,2.26,2.26,1
31.5,75.625,2023-10-05,2,7.9,3.95,5.03,1
31.5,75.625,2023-10-08,1,10.88,10.88,10.88,1
31.5,75.625,2023-10-14,1,2.65,2.65,2.65,1
31.5,75.625,2023-10-20,2,8.39,4.195,4.61,1
31.5,75.625,2023-10-21,1,1.3,1.3,1.3,1
31.5,75.625,2023-10-23,2,13.17,6.585,10.82,1
31.5,75.625,2023-10-24,9,35.35,3.927777777777778,7.71,1
31.5,75.625,2023-10-25,3,13.5,4.5,6.24,1
31.5,75.625,2023-10-26,21,128.01,6.095714285714285,40.85,1
31.5,75.625,2023-10-27,17,94.18,5.54,8.35,1
31.5,75.625,2023-10-28,4,34.78,8.695,12.52,1
31.5,75.625,2023-10-29,17,118.45,6.9676470588235295,24.3,1
31.5,75.625,2023-10-30,28,142.93,5.104642857142857,14.91,1
31.5,75.625,2023-10-31,62,257.25,4.149193548387097,17.29,1
31.5,75.625,2023-11-01,47,206.18,4.386808510638298,18.65,1
31.5,75.625,2023-11-03,11,59.57,5.415454545454545,8.51,1
31.5,75.625,2023-11-04,42,264.75,6.303571428571429,17.52,1
31.5,75.625,2023-11-05,78,430.4,5.517948717948718,30.42,1
31.5,75.625,2023-11-06,46,184.21,4.004565217391304,14.05,1
31.5,75.625,2023-11-07,27,109.66,4.061481481481481,8.84,1
31.5,75.625,2023-11-08,22,89.87,4.085,13.27,1
31.5,75.625,2023-11-09,38,209.47,5.512368421052631,26.42,1
31.5,75.625,2023-11-11,1,1.24,1.24,1.24,1
31.5,75.625,2023-11-14,6,20.63,3.438333333333333,5.28,1
31.5,75.625,2023-11-15,8,21.88,2.735,4.27,1
31.5,75.625,2023-11-16,14,48.43,3.459285714285714,5.12,1
31.5,75.625,2023-11-17,10,55.78,5.578,12.19,1
31.5,75.625,2023-11-18,7,20.71,2.9585714285714286,4.21,1
31.5,75.625,2023-11-19,7,32.51,4.644285714285714,15.83,1
31.5,75.625,2023-11-20,4,18.82,4.705,7.78,1
31.5,75.625,2023-11-21,19,77.8,4.094736842105263,16.49,1
31.5,75.625,2023-11-22,5,17.56,3.5119999999999996,7.29,1
31.5,75.625,2023-11-23,2,8.66,4.33,4.33,1
31.5,75.625,2023-11-24,1,4.15,4.15,4.15,1
31.5,75.625,2023-11-28,2,4.9399999999999995,2.4699999999999998,3.81,1
31.5,75.625,2023-12-02,2,5.54,2.77,2.77,1
31.5,75.625,2023-12-03,2,6.59,3.295,3.98,1
31.5,75.625,2023-12-07,2,5.35,2.675,3.44,1
31.5,75.625,2023-12-11,1,2.48,2.48,2.48,1
31.5,75.625,2023-12-12,1,4.88,4.88,4.88,1
31.5,75.625,2023-12-13,1,2.01,2.01,2.01,1
31.5,75.625,2023-12-14,1,3.41,3.41,3.41,1
31.5,75.625,2023-12-16,7,31.0,4.428571428571429,8.85,1
31.5,75.625,2023-12-17,2,3.72,1.86,2.99,1
31.5,75.625,2023-12-18,3,9.01,3.0033333333333334,3.56,1
31.5,75.625,2023-12-20,4,16.26,4.065,5.83,1
31.5,75.625,2023-12-24,2,3.99,1.995,2.08,1
31.5,75.625,2023-12-25,1,2.55,2.55,2.55,1
31.5,75.625,2023-12-29,1,1.86,1.86,1.86,1
31.5,75.625,2024-01-03,2,3.41,1.705,2.42,1
31.5,75.625,2024-01-17,1,2.9,2.9,2.9,1
31.5,75.625,2024-01-18,1,2.8,2.8,2.8,1
31.5,75.625,2024-01-25,1,5.71,5.71,5.71,1
31.5,75.625,2024-01-27,1,1.52,1.52,1.52,1
31.5,75.625,2024-01-28,6,14.290000000000001,2.381666666666667,3.15,1
31.5,75.625,2024-01-29,2,8.76,4.38,4.78,1
31.5,75.625,2024-01-30,2,6.0600000000000005,3.0300000000000002,3.57,1
31.5,75.625,2024-02-07,2,5.26,2.63,2.67,1
31.5,75.625,2024-02-08,1,1.52,1.52,1.52,1
31.5,75.625,2024-02-09,6,17.18,2.8633333333333333,3.61,1
31.5,75.625,2024-02-10,11,32.8,2.9818181818181815,4.22,1
31.5,75.625,2024-02-11,5,9.39,1.8780000000000001,3.59,1
31.5,75.625,2024-02-13,5,12.47,2.494,3.33,1
31.5,75.625,2024-02-14,4,25.299999999999997,6.324999999999999,11.25,1
31.5,75.625,2024-02-15,7,22.83,3.261428571428571,5.4,1
31.5,75.625,2024-02-16,5,26.48,5.296,10.05,1
31.5,75.625,2024-02-17,3,9.99,3.33,3.56,1
31.5,75.625,2024-02-20,2,8.73,4.365,4.69,1
31.5,75.625,2024-02-21,4,9.3,2.325,3.45,1
31.5,75.625,2024-02-22,1,2.28,2.28,2.28,1
31.5,75.625,2024-02-23,3,11.39,3.796666666666667,7.09,1
31.5,75.625,2024-02-24,3,14.05,4.683333333333334,5.25,1
31.5,75.625,2024-02-25,1,3.41,3.41,3.41,1
31.5,75.625,2024-02-26,1,5.22,5.22,5.22,1
31.5,75.625,2024-02-27,1,7.28,7.28,7.28,1
31.5,75.625,2024-02-29,2,8.25,4.125,4.28,1
31.5,75.625,2024-03-06,5,16.54,3.308,4.79,1
31.5,75.625,2024-03-07,12,46.07,3.839166666666667,9.58,1
31.5,75.625,2024-03-08,13,69.3,5.3307692307692305,14.51,1
31.5,75.625,2024-03-09,3,27.5,9.166666666666666,10.57,1
31.5,75.625,2024-03-12,4,10.29,2.5725,3.57,1
31.5,75.625,2024-03-14,1,3.28,3.28,3.28,1
31.5,75.625,2024-03-15,3,8.89,2.9633333333333334,3.61,1
31.5,75.625,2024-03-16,1,3.97,3.97,3.97,1
31.5,75.625,2024-03-18,3,17.88,5.96,13.02,1
31.5,75.625,2024-03-19,1,4.79,4.79,4.79,1
31.5,75.625,2024-03-20,1,7.49,7.49,7.49,1
31.5,75.625,2024-03-21,3,9.690000000000001,3.2300000000000004,3.72,1
31.5,75.625,2024-03-22,7,36.68,5.24,9.74,1
31.5,75.625,2024-03-24,8,22.09,2.76125,4.38,1
31.5,75.625,2024-03-25,3,13.48,4.493333333333333,8.12,1
31.5,75.625,2024-03-29,4,18.53,4.6325,7.06,1
31.5,75.625,2024-04-01,3,20.15,6.716666666666666,13.25,1
31.5,75.625,2024-04-03,4,11.44,2.86,3.6,1
31.5,75.625,2024-04-04,4,17.61,4.4025,5.58,1
31.5,75.625,2024-04-05,3,14.14,4.713333333333334,9.31,1
31.5,75.625,2024-04-06,2,8.1,4.05,4.05,1
31.5,75.625,2024-04-07,1,4.31,4.31,4.31,1
31.5,75.625,2024-04-08,1,3.48,3.48,3.48,1
31.5,75.625,2024-04-09,1,3.15,3.15,3.15,1
31.5,75.625,2024-04-12,1,3.14,3.14,3.14,1
31.5,75.625,2024-04-15,1,0.47,0.47,0.47,1
31.5,75.625,2024-04-20,2,46.730000000000004,23.365000000000002,32.89,1
31.5,75.625,2024-04-24,1,2.21,2.21,2.21,1
31.5,75.625,2024-04-25,2,10.58,5.29,6.08,1
31.5,75.625,2024-04-30,5,14.96,2.992,5.37,1
31.5,75.625,2024-05-01,7,35.31,5.0442857142857145,10.04,1
31.5,75.625,2024-05-02,10,221.83,22.183,38.07,1
31.5,75.625,2024-05-03,9,14.14,1.5711111111111111,4.86,1
31.5,75.625,2024-05-04,30,938.6999999999999,31.29,252.17,1
31.5,75.625,2024-05-05,32,578.43,18.0759375,100.76,1
31.5,75.625,2024-05-06,25,352.26,14.090399999999999,69.67,1
31.5,75.625,2024-05-07,80,1173.53,14.669125,79.64,1
31.5,75.625,2024-05-08,94,1304.77,13.880531914893616,57.71,1
31.5,75.625,2024-05-09,90,573.85,6.376111111111111,41.87,1
31.5,75.625,2024-05-10,105,562.44,5.356571428571429,49.25,1
31.5,75.625,2024-05-12,19,102.72,5.406315789473684,20.15,1
31.5,75.625,2024-05-13,110,825.38,7.503454545454545,79.53,1
31.5,75.625,2024-05-14,111,930.11,8.37936936936937,26.05,1
31.5,75.625,2024-05-15,114,1435.3,12.590350877192982,51.95,1
31.5,75.625,2024-05-16,108,998.7,9.247222222222222,29.69,1
31.5,75.625,2024-05-17,115,988.87,8.598869565217392,85.7,1
31.5,75.625,2024-05-18,167,942.0600000000001,5.641077844311377,15.72,1
31.5,75.625,2024-05-19,68,444.93,6.5430882352941175,25.1,1
31.5,75.625,2024-05-20,40,489.36,12.234,46.54,1
31.5,75.625,2024-05-21,37,229.53,6.2035135135135135,16.33,1
31.5,75.625,2024-05-22,22,118.74000000000001,5.397272727272727,13.63,1
31.5,75.625,2024-05-23,26,141.63,5.447307692307692,12.32,1
31.5,75.625,2024-05-24,22,99.89,4.540454545454545,10.37,1
31.5,75.625,2024-05-25,17,114.8,6.752941176470588,10.84,1
31.5,75.625,2024-05-26,12,165.79,13.815833333333332,20.29,1
31.5,75.625,2024-05-27,2,32.52,16.26,24.76,1
31.5,75.625,2024-05-28,11,98.63,8.966363636363637,13.48,1
31.5,75.625,2024-05-29,13,71.49,5.499230769230769,12.7,1
31.5,75.625,2024-06-04,1,3.96,3.96,3.96,1
31.5,75.625,2024-06-07,2,4.04,2.02,2.97,1
31.5,75.625,2024-06-09,2,8.02,4.01,4.8,1
31.5,75.625,2024-06-10,1,6.16,6.16,6.16,1
31.5,75.625,2024-06-12,5,126.03,25.206,38.98,1
31.5,75.625,2024-06-13,4,35.32,8.83,20.06,1
31.5,75.625,2024-06-14,12,48.79,4.065833333333333,8.03,1
31.5,75.625,2024-06-15,4,12.370000000000001,3.0925000000000002,5.8,1
31.5,75.625,2024-06-16,10,134.38,13.437999999999999,26.43,1
31.5,75.625,2024-06-18,14,81.66,5.832857142857143,13.86,1
31.5,75.625,2024-06-19,5,20.189999999999998,4.037999999999999,7.14,1
31.5,75.625,2024-06-20,6,40.89,6.815,9.99,1
31.5,75.625,2024-06-23,16,100.76,6.2975,17.57,1
31.5,75.625,2024-06-24,21,128.13,6.101428571428571,16.19,1
31.5,75.625,2024-06-25,14,100.78,7.198571428571428,14.5,1
31.5,75.625,2024-06-26,2,14.59,7.295,8.0,1
31.5,75.625,2024-06-28,1,6.04,6.04,6.04,1
31.5,75.625,2024-07-02,2,12.729999999999999,6.364999999999999,9.87,1
31.5,75.625,2024-07-08,1,1.2,1.2,1.2,1
31.5,75.625,2024-07-09,2,9.02,4.51,6.64,1
31.5,75.625,2024-07-17,1,3.13,3.13,3.13,1
31.5,75.625,2024-07-18,1,2.57,2.57,2.57,1
31.5,75.625,2024-09-21,1,3.94,3.94,3.94,1
31.5,75.625,2024-09-25,2,8.27,4.135,4.33,1
31.5,75.625,2024-10-08,1,5.95,5.95,5.95,1
31.5,75.625,2024-10-12,2,4.61,2.305,3.16,1
31.5,75.625,2024-10-16,2,13.120000000000001,6.5600000000000005,7.55,1
31.5,75.625,2024-10-17,2,13.29,6.645,10.53,1
31.5,75.625,2024-10-18,1,2.7,2.7,2.7,1
31.5,75.625,2024-10-20,1,4.68,4.68,4.68,1
31.5,75.625,2024-10-22,1,3.1,3.1,3.1,1
31.5,75.625,2024-10-23,2,8.78,4.39,6.06,1
31.5,75.625,2024-10-25,6,23.13,3.855,7.0,1
31.5,75.625,2024-10-26,3,12.77,4.256666666666667,4.35,1
31.5,75.625,2024-10-27,4,23.900000000000002,5.9750000000000005,10.88,1
31.5,75.625,2024-10-28,11,41.82,3.8018181818181818,5.96,1
31.5,75.625,2024-10-29,9,78.42,8.713333333333333,18.06,1
31.5,75.625,2024-10-30,9,98.35000000000001,10.927777777777779,22.26,1
31.5,75.625,2024-10-31,28,345.57,12.341785714285715,45.3,1
31.5,75.625,2024-11-01,40,235.57999999999998,5.8895,14.79,1
31.5,75.625,2024-11-02,24,111.87,4.66125,17.85,1
31.5,75.625,2024-11-07,10,40.3,4.029999999999999,5.36,1
31.5,75.625,2024-11-08,4,9.88,2.47,3.0,1
31.5,75.625,2024-11-09,5,17.48,3.496,4.16,1
31.5,75.625,2024-11-11,4,8.64,2.16,2.75,1
31.5,75.625,2024-11-12,3,12.47,4.156666666666667,5.49,1
31.5,75.625,2024-11-18,3,13.35,4.45,7.59,1
31.5,75.625,2024-11-19,6,35.28,5.88,11.32,1
31.5,75.625,2024-11-21,3,11.95,3.983333333333333,5.88,1
31.5,75.625,2024-11-22,1,0.56,0.56,0.56,1
31.5,75.625,2024-11-23,4,18.46,4.615,6.4,1
31.5,75.625,2024-11-24,2,6.15,3.075,3.75,1
31.5,75.625,2024-11-25,1,3.58,3.58,3.58,1
31.5,75.625,2024-11-26,2,5.279999999999999,2.6399999999999997,3.28,1
31.5,75.625,2024-11-30,2,6.609999999999999,3.3049999999999997,3.44,1
31.5,75.625,2024-12-01,1,3.01,3.01,3.01,1
31.5,75.625,2024-12-02,1,3.6,3.6,3.6,1
31.5,75.625,2024-12-04,4,11.4,2.85,4.92,1
31.5,75.625,2024-12-05,3,13.42,4.473333333333334,7.31,1
31.5,75.625,2024-12-08,1,2.23,2.23,2.23,1
31.5,75.625,2024-12-10,2,3.77,1.885,2.37,1
31.5,75.625,2024-12-12,1,1.2,1.2,1.2,1
31.5,75.625,2024-12-14,1,1.95,1.95,1.95,1
31.5,75.625,2024-12-15,1,1.77,1.77,1.77,1
31.5,75.625,2024-12-16,1,3.28,3.28,3.28,1
31.5,75.625,2024-12-17,1,3.75,3.75,3.75,1
31.5,75.625,2024-12-18,1,2.48,2.48,2.48,1
31.5,75.625,2024-12-19,5,26.52,5.304,7.96,1
31.5,75.625,2024-12-20,5,32.699999999999996,6.539999999999999,13.29,1
31.5,75.625,2024-12-21,7,23.23,3.3185714285714285,5.53,1
31.5,75.625,2024-12-22,4,9.12,2.28,2.88,1
31.5,75.625,2024-12-24,1,2.75,2.75,2.75,1
31.5,75.625,2024-12-25,4,12.08,3.02,5.58,1
31.5,75.625,2024-12-26,5,34.36,6.872,20.75,1
31.5,75.625,2025-01-05,3,10.290000000000001,3.43,4.15,1
31.5,75.625,2025-01-08,1,3.06,3.06,3.06,1
31.5,75.625,2025-01-13,2,2.92,1.46,2.42,1
31.5,75.625,2025-01-14,1,2.54,2.54,2.54,1
31.5,75.625,2025-01-15,4,17.310000000000002,4.327500000000001,7.47,1
31.5,75.625,2025-01-16,2,5.21,2.605,3.4,1
31.5,75.625,2025-01-17,1,2.55,2.55,2.55,1
31.5,75.625,2025-01-20,8,29.48,3.685,5.01,1
31.5,75.625,2025-01-21,3,7.84,2.6133333333333333,3.15,1
31.5,75.625,2025-01-22,1,1.45,1.45,1.45,1
31.5,75.625,2025-01-23,10,49.34,4.934,10.21,1
31.5,75.625,2025-01-25,5,20.799999999999997,4.159999999999999,7.35,1
31.5,75.625,2025-01-26,7,53.379999999999995,7.6257142857142854,15.25,1
31.5,75.625,2025-01-27,7,16.490000000000002,2.355714285714286,3.99,1
31.5,75.625,2025-01-28,8,40.25,5.03125,10.23,1
31.5,75.625,2025-01-29,1,1.24,1.24,1.24,1
31.5,75.625,2025-01-30,2,13.24,6.62,6.65,1
31.5,75.625,2025-01-31,6,27.349999999999998,4.558333333333333,6.12,1
31.5,75.625,2025-02-01,1,4.95,4.95,4.95,1
31.5,75.625,2025-02-02,2,7.45,3.725,3.93,1
31.5,75.625,2025-02-04,4,18.31,4.5775,6.8,1
31.5,75.625,2025-02-05,1,4.92,4.92,4.92,1
31.5,75.625,2025-02-06,2,4.65,2.325,2.5,1
31.5,75.625,2025-02-07,2,5.58,2.79,2.91,1
31.5,75.625,2025-02-09,4,9.719999999999999,2.4299999999999997,3.28,1
31.5,75.625,2025-02-11,3,17.52,5.84,8.24,1
31.5,75.625,2025-02-12,6,33.650000000000006,5.608333333333334,9.48,1
31.5,75.625,2025-02-13,1,3.66,3.66,3.66,1
31.5,75.625,2025-02-14,4,17.73,4.4325,7.85,1
31.5,75.625,2025-02-15,10,46.39,4.639,13.03,1
31.5,75.625,2025-02-16,1,21.23,21.23,21.23,1
31.5,75.625,2025-02-17,11,69.24000000000001,6.294545454545456,14.46,1
31.5,75.625,2025-02-18,7,47.08,6.725714285714285,10.55,1
31.5,75.625,2025-02-23,6,19.67,3.2783333333333338,5.49,1
31.5,75.625,2025-02-24,3,7.67,2.5566666666666666,2.98,1
31.5,75.625,2025-03-02,2,6.45,3.225,5.09,1
31.5,75.625,2025-03-04,3,21.67,7.223333333333334,10.19,1
31.5,75.625,2025-03-05,2,6.33,3.165,3.64,1
31.5,75.625,2025-03-06,6,21.669999999999998,3.6116666666666664,5.21,1
31.5,75.625,2025-03-08,3,6.88,2.2933333333333334,3.45,1
31.5,75.625,2025-03-10,4,22.6,5.65,11.43,1
31.5,75.625,2025-03-13,6,13.99,2.3316666666666666,3.1,1
31.5,75.625,2025-03-16,5,17.93,3.586,6.33,1
31.5,75.625,2025-03-17,4,13.700000000000001,3.4250000000000003,8.3,1
31.5,75.625,2025-03-18,2,6.16,3.08,4.35,1
31.5,75.625,2025-03-19,1,5.82,5.82,5.82,1
31.5,75.625,2025-03-20,5,45.1,9.02,23.94,1
31.5,75.625,2025-03-21,3,9.34,3.1133333333333333,4.56,1
31.5,75.625,2025-03-22,5,33.75,6.75,15.45,1
31.5,75.625,2025-03-23,2,11.120000000000001,5.5600000000000005,8.65,1
31.5,75.625,2025-03-24,2,5.109999999999999,2.5549999999999997,3.23,1
31.5,75.625,2025-03-26,2,3.01,1.505,1.56,1
31.5,75.625,2025-03-27,2,5.59,2.795,3.11,1
31.5,75.625,2025-03-28,3,7.42,2.473333333333333,3.55,1
31.5,75.625,2025-03-29,2,20.88,10.44,12.84,1
31.5,75.625,2025-03-31,2,7.529999999999999,3.7649999999999997,5.14,1
31.5,75.625,2025-04-01,2,16.84,8.42,11.54,1
31.5,75.625,2025-04-02,3,10.06,3.3533333333333335,4.12,1
31.5,75.625,2025-04-04,5,25.05,5.01,7.48,1
31.5,75.625,2025-04-06,2,5.8100000000000005,2.9050000000000002,3.32,1
31.5,75.625,2025-04-16,1,5.64,5.64,5.64,1
31.5,75.625,2025-04-21,2,77.98,38.99,38.99,1
31.5,75.625,2025-04-22,3,6.67,2.223333333333333,4.48,1
31.5,75.625,2025-04-23,10,24.41,2.441,6.9,1
31.5,75.625,2025-04-24,2,8.879999999999999,4.4399999999999995,5.14,1
31.5,75.625,2025-04-25,41,730.9000000000001,17.826829268292684,65.65,1
31.5,75.625,2025-04-26,10,154.18,15.418000000000001,25.97,1
31.5,75.625,2025-04-27,77,1230.18,15.976363636363637,80.67,1
31.5,75.625,2025-04-28,47,1421.63,30.24744680851064,174.87,1
31.5,75.625,2025-04-29,74,667.54,9.02081081081081,48.78,1
31.5,75.625,2025-04-30,42,278.51,6.631190476190476,29.45,1
31.5,75.625,2025-05-01,61,658.92,10.801967213114754,50.85,1
31.5,75.625,2025-05-03,7,62.2,8.885714285714286,31.43,1
31.5,75.625,2025-05-04,3,21.56,7.1866666666666665,11.34,1
31.5,75.625,2025-05-05,1,3.86,3.86,3.86,1
31.5,75.625,2025-05-06,54,303.33,5.617222222222222,13.09,1
31.5,75.625,2025-05-07,31,180.95,5.837096774193548,20.9,1
31.5,75.625,2025-05-08,46,236.41,5.139347826086956,11.88,1
31.5,75.625,2025-05-09,88,748.27,8.50306818181818,40.85,1
31.5,75.625,2025-05-10,53,594.08,11.209056603773586,40.01,1
31.5,75.625,2025-05-11,156,940.4399999999999,6.028461538461538,81.71,1
31.5,75.625,2025-05-12,9,44.64,4.96,8.58,1
31.5,75.625,2025-05-13,72,385.07,5.348194444444444,36.73,1
31.5,75.625,2025-05-14,52,350.79,6.745961538461539,24.14,1
31.5,75.625,2025-05-15,67,279.32,4.168955223880597,12.25,1
31.5,75.625,2025-05-16,58,258.25,4.452586206896552,11.61,1
31.5,75.625,2025-05-17,40,228.08,5.702,18.96,1
31.5,75.625,2025-05-18,70,391.7,5.595714285714285,26.59,1
31.5,75.625,2025-05-19,8,54.99,6.87375,18.98,1
31.5,75.625,2025-05-20,29,114.62,3.9524137931034486,8.14,1
31.5,75.625,2025-05-21,16,43.43,2.714375,6.25,1
31.5,75.625,2025-05-22,6,22.35,3.725,9.09,1
31.5,75.625,2025-05-23,10,55.22,5.522,12.14,1
31.5,75.625,2025-05-24,6,47.53,7.921666666666667,14.35,1
31.5,75.625,2025-05-26,2,8.58,4.29,5.82,1
31.5,75.625,2025-05-27,3,11.67,3.89,5.7,1
31.5,75.625,2025-05-28,8,23.59,2.94875,5.39,1
31.5,75.625,2025-05-29,2,16.26,8.13,8.57,1
31.5,75.625,2025-06-01,1,6.12,6.12,6.12,1
31.5,75.625,2025-06-02,3,5.569999999999999,1.8566666666666665,3.15,1
31.5,75.625,2025-06-03,1,14.61,14.61,14.61,1
31.5,75.625,2025-06-10,4,27.21,6.8025,8.26,1
31.5,75.625,2025-06-11,4,26.35,6.5875,10.8,1
31.5,75.625,2025-06-12,6,14.34,2.39,4.99,1
31.5,75.625,2025-06-13,13,60.11,4.623846153846154,13.52,1
31.5,75.625,2025-06-14,14,56.89,4.063571428571429,8.26,1
31.5,75.625,2025-06-18,3,13.549999999999999,4.516666666666667,5.88,1
31.5,75.625,2025-06-19,9,31.51,3.5011111111111113,5.2,1
31.5,75.625,2025-07-11,1,3.73,3.73,3.73,1
31.5,75.625,2025-09-17,1,3.21,3.21,3.21,1
31.5,75.625,2025-09-24,2,12.02,6.01,8.28,1
31.5,75.625,2025-09-27,1,5.92,5.92,5.92,1
31.5,75.625,2025-09-29,1,2.51,2.51,2.51,1
31.5,75.625,2025-10-12,1,2.64,2.64,2.64,1
31.5,75.625,2025-10-18,1,3.65,3.65,3.65,1
31.5,75.625,2025-10-21,6,45.66,7.609999999999999,11.54,1
31.5,75.625,2025-10-23,1,6.02,6.02,6.02,1
31.5,75.625,2025-10-24,2,13.5,6.75,6.9,1
31.5,75.625,2025-10-25,6,59.34,9.89,25.34,1
31.5,75.625,2025-10-26,4,8.420000000000002,2.1050000000000004,4.7,1
31.5,75.625,2025-10-27,11,25.72,2.338181818181818,3.73,1
31.5,75.625,2025-10-29,14,75.4,5.385714285714286,7.99,1
31.5,75.625,2025-10-30,5,29.310000000000002,5.862,8.23,1
31.5,75.625,2025-10-31,14,51.79,3.6992857142857143,8.66,1
31.5,75.625,2025-11-01,14,59.97,4.283571428571428,8.15,1
31.5,75.625,2025-11-02,8,66.03999999999999,8.254999999999999,19.58,1
31.5,75.625,2025-11-03,5,20.37,4.074,6.65,1
31.5,75.625,2025-11-04,5,28.73,5.746,10.67,1
31.5,75.625,2025-11-07,3,8.65,2.8833333333333333,3.92,1
31.5,75.625,2025-11-08,4,13.69,3.4225,4.6,1
31.5,75.625,2025-11-09,5,19.04,3.808,4.88,1
31.5,75.625,2025-11-10,1,12.41,12.41,12.41,1
31.5,75.625,2025-11-11,4,14.65,3.6625,8.32,1
31.5,75.625,2025-11-15,2,9.870000000000001,4.9350000000000005,5.82,1
31.5,75.625,2025-11-18,1,3.46,3.46,3.46,1
31.5,75.625,2025-11-21,1,1.36,1.36,1.36,1
31.5,75.625,2025-11-24,2,9.41,4.705,5.2,1
31.5,75.625,2025-11-26,2,7.05,3.525,4.56,1
31.5,75.625,2025-11-27,1,2.24,2.24,2.24,1
31.5,75.625,2025-11-29,1,1.81,1.81,1.81,1
31.5,75.625,2025-12-06,1,3.22,3.22,3.22,1
31.5,75.625,2025-12-08,1,2.08,2.08,2.08,1
31.5,75.625,2025-12-10,1,4.04,4.04,4.04,1
31.5,75.625,2025-12-11,1,2.81,2.81,2.81,1
31.5,75.625,2025-12-16,3,5.43,1.8099999999999998,2.28,1
31.5,75.625,2025-12-17,2,8.03,4.015,5.13,1
31.5,75.625,2025-12-22,1,4.52,4.52,4.52,1
31.5,75.625,2025-12-23,4,12.59,3.1475,5.54,1
31.5,75.625,2025-12-24,3,11.120000000000001,3.706666666666667,5.01,1
31.5,76.25,2023-01-05,3,17.25,5.75,7.13,1
31.5,76.25,2023-01-17,3,12.809999999999999,4.27,5.06,1
31.5,76.25,2023-01-19,9,53.08,5.897777777777778,13.47,1
31.5,76.25,2023-01-23,2,9.17,4.585,4.79,1
31.5,76.25,2023-02-05,2,6.62,3.31,3.41,1
31.5,76.25,2023-02-07,2,4.64,2.32,2.32,1
31.5,76.25,2023-02-13,1,2.87,2.87,2.87,1
31.5,76.25,2023-02-15,1,1.57,1.57,1.57,1
31.5,76.25,2023-02-23,2,7.710000000000001,3.8550000000000004,4.65,1
31.5,76.25,2023-02-27,1,6.67,6.67,6.67,1
31.5,76.25,2023-03-05,2,4.4,2.2,3.16,1
31.5,76.25,2023-03-06,1,1.51,1.51,1.51,1
31.5,76.25,2023-03-07,1,3.53,3.53,3.53,1
31.5,76.25,2023-03-08,1,4.33,4.33,4.33,1
31.5,76.25,2023-03-10,1,2.77,2.77,2.77,1
31.5,76.25,2023-03-11,1,3.52,3.52,3.52,1
31.5,76.25,2023-03-12,2,15.36,7.68,11.36,1
31.5,76.25,2023-03-13,1,0.65,0.65,0.65,1
31.5,76.25,2023-03-14,3,11.68,3.893333333333333,4.33,1
31.5,76.25,2023-04-17,1,2.11,2.11,2.11,1
31.5,76.25,2023-04-22,1,3.83,3.83,3.83,1
31.5,76.25,2023-04-26,1,5.38,5.38,5.38,1
31.5,76.25,2023-04-28,2,4.06,2.03,2.76,1
31.5,76.25,2023-05-08,5,18.26,3.652,8.61,1
31.5,76.25,2023-05-09,1,3.76,3.76,3.76,1
31.5,76.25,2023-05-10,6,26.98,4.496666666666667,8.14,1
31.5,76.25,2023-05-11,6,23.2,3.8666666666666667,5.22,1
31.5,76.25,2023-05-12,15,80.67,5.378,14.35,1
31.5,76.25,2023-05-13,5,23.42,4.684,6.78,1
31.5,76.25,2023-05-14,1,6.3,6.3,6.3,1
31.5,76.25,2023-05-15,8,88.8,11.1,21.21,1
31.5,76.25,2023-05-16,23,171.2,7.443478260869565,28.79,1
31.5,76.25,2023-05-17,13,52.75,4.0576923076923075,9.17,1
31.5,76.25,2023-05-18,8,28.98,3.6225,6.21,1
31.5,76.25,2023-05-19,18,120.78,6.71,27.49,1
31.5,76.25,2023-05-20,9,50.36,5.595555555555555,11.48,1
31.5,76.25,2023-05-21,8,48.980000000000004,6.1225000000000005,10.16,1
31.5,76.25,2023-05-22,15,86.7,5.78,14.5,1
31.5,76.25,2023-05-23,4,5.38,1.345,1.8,1
31.5,76.25,2023-05-24,11,75.38,6.852727272727273,11.38,1
31.5,76.25,2023-05-28,2,4.23,2.115,2.41,1
31.5,76.25,2023-06-09,1,4.55,4.55,4.55,1
31.5,76.25,2023-06-10,1,2.27,2.27,2.27,1
31.5,76.25,2023-06-19,1,8.38,8.38,8.38,1
31.5,76.25,2023-07-02,1,1.71,1.71,1.71,1
31.5,76.25,2023-08-03,1,1.57,1.57,1.57,1
31.5,76.25,2023-09-08,1,3.03,3.03,3.03,1
31.5,76.25,2023-09-24,1,1.13,1.13,1.13,1
31.5,76.25,2023-09-30,1,2.99,2.99,2.99,1
31.5,76.25,2023-10-17,3,1.67,0.5566666666666666,0.67,1
31.5,76.25,2023-10-25,1,3.46,3.46,3.46,1
31.5,76.25,2023-10-26,2,4.74,2.37,2.37,1
31.5,76.25,2023-10-30,2,5.43,2.715,3.23,1
31.5,76.25,2023-10-31,2,6.24,3.12,4.26,1
31.5,76.25,2023-11-01,2,5.82,2.91,4.63,1
31.5,76.25,2023-11-04,1,28.27,28.27,28.27,1
31.5,76.25,2023-11-05,1,2.04,2.04,2.04,1
31.5,76.25,2023-11-06,5,11.58,2.316,2.95,1
31.5,76.25,2023-11-14,2,14.27,7.135,8.35,1
31.5,76.25,2023-11-15,2,4.62,2.31,2.74,1
31.5,76.25,2023-11-23,1,0.49,0.49,0.49,1
31.5,76.25,2023-11-24,1,2.33,2.33,2.33,1
31.5,76.25,2023-12-07,3,42.64,14.213333333333333,35.98,1
31.5,76.25,2024-01-12,1,2.5,2.5,2.5,1
31.5,76.25,2024-01-14,2,4.96,2.48,2.6,1
31.5,76.25,2024-01-15,1,3.65,3.65,3.65,1
31.5,76.25,2024-01-19,2,13.19,6.595,7.14,1
31.5,76.25,2024-01-23,1,4.44,4.44,4.44,1
31.5,76.25,2024-01-24,1,0.89,0.89,0.89,1
31.5,76.25,2024-01-25,1,4.28,4.28,4.28,1
31.5,76.25,2024-01-27,1,3.18,3.18,3.18,1
31.5,76.25,2024-01-30,2,3.71,1.855,1.89,1
31.5,76.25,2024-02-09,1,2.97,2.97,2.97,1
31.5,76.25,2024-02-10,5,11.870000000000001,2.374,3.52,1
31.5,76.25,2024-02-11,1,3.29,3.29,3.29,1
31.5,76.25,2024-02-12,1,4.33,4.33,4.33,1
31.5,76.25,2024-02-14,2,5.17,2.585,3.2,1
31.5,76.25,2024-02-16,2,6.800000000000001,3.4000000000000004,3.6,1
31.5,76.25,2024-02-19,1,0.5,0.5,0.5,1
31.5,76.25,2024-02-21,1,1.8,1.8,1.8,1
31.5,76.25,2024-02-22,4,15.2,3.8,4.72,1
31.5,76.25,2024-02-23,1,4.75,4.75,4.75,1
31.5,76.25,2024-02-25,1,3.76,3.76,3.76,1
31.5,76.25,2024-02-26,2,3.4699999999999998,1.7349999999999999,1.8,1
31.5,76.25,2024-02-28,3,13.219999999999999,4.406666666666666,6.05,1
31.5,76.25,2024-02-29,1,1.12,1.12,1.12,1
31.5,76.25,2024-03-07,1,2.39,2.39,2.39,1
31.5,76.25,2024-03-14,1,6.01,6.01,6.01,1
31.5,76.25,2024-03-15,2,2.8899999999999997,1.4449999999999998,1.65,1
31.5,76.25,2024-03-16,2,4.279999999999999,2.1399999999999997,2.26,1
31.5,76.25,2024-03-18,1,4.56,4.56,4.56,1
31.5,76.25,2024-03-19,1,3.08,3.08,3.08,1
31.5,76.25,2024-03-28,2,22.83,11.415,11.68,1
31.5,76.25,2024-04-05,4,32.36,8.09,9.59,1
31.5,76.25,2024-04-06,2,5.24,2.62,2.82,1
31.5,76.25,2024-04-07,1,1.63,1.63,1.63,1
31.5,76.25,2024-04-09,1,3.11,3.11,3.11,1
31.5,76.25,2024-04-10,2,3.42,1.71,2.57,1
31.5,76.25,2024-04-14,1,1.73,1.73,1.73,1
31.5,76.25,2024-04-18,3,7.68,2.56,2.85,1
31.5,76.25,2024-04-20,2,4.96,2.48,3.16,1
31.5,76.25,2024-04-21,2,7.2,3.6,3.6,1
31.5,76.25,2024-04-24,8,38.19,4.77375,7.2,1
31.5,76.25,2024-04-25,9,34.11,3.79,4.48,1
31.5,76.25,2024-04-26,4,20.9,5.225,6.5,1
31.5,76.25,2024-04-28,3,2.76,0.9199999999999999,1.3,1
31.5,76.25,2024-05-01,1,3.49,3.49,3.49,1
31.5,76.25,2024-05-02,5,75.15,15.030000000000001,23.16,1
31.5,76.25,2024-05-04,26,205.71,7.9119230769230775,30.5,1
31.5,76.25,2024-05-05,21,97.78999999999999,4.656666666666666,13.87,1
31.5,76.25,2024-05-06,34,177.91,5.232647058823529,13.22,1
31.5,76.25,2024-05-07,20,162.94,8.147,44.31,1
31.5,76.25,2024-05-08,7,47.6,6.8,11.84,1
31.5,76.25,2024-05-09,5,6.89,1.378,2.58,1
31.5,76.25,2024-05-10,12,31.51,2.6258333333333335,6.8,1
31.5,76.25,2024-05-11,4,3.9000000000000004,0.9750000000000001,1.51,1
31.5,76.25,2024-05-12,37,101.84,2.7524324324324327,7.79,1
31.5,76.25,2024-05-13,69,657.1,9.523188405797102,34.06,1
31.5,76.25,2024-05-14,77,421.79,5.477792207792208,25.63,1
31.5,76.25,2024-05-15,141,701.52,4.97531914893617,37.33,1
31.5,76.25,2024-05-16,141,719.89,5.105602836879433,38.61,1
31.5,76.25,2024-05-17,57,386.26,6.776491228070175,34.46,1
31.5,76.25,2024-05-18,91,383.36,4.212747252747253,13.66,1
31.5,76.25,2024-05-19,59,234.82,3.98,16.39,1
31.5,76.25,2024-05-20,42,197.75,4.708333333333333,31.67,1
31.5,76.25,2024-05-21,51,302.79,5.937058823529412,25.83,1
31.5,76.25,2024-05-22,6,37.64,6.273333333333333,14.95,1
31.5,76.25,2024-05-23,7,11.959999999999999,1.7085714285714284,4.18,1
31.5,76.25,2024-05-24,18,44.22,2.4566666666666666,4.16,1
31.5,76.25,2024-05-25,30,163.07,5.435666666666666,13.67,1
31.5,76.25,2024-05-26,34,308.67,9.078529411764706,25.84,1
31.5,76.25,2024-05-27,54,458.75,8.49537037037037,72.45,1
31.5,76.25,2024-05-28,112,687.4,6.1375,38.11,1
31.5,76.25,2024-05-29,79,492.21,6.230506329113924,13.28,1
31.5,76.25,2024-06-04,3,12.86,4.286666666666666,4.95,1
31.5,76.25,2024-06-05,3,13.82,4.6066666666666665,7.33,1
31.5,76.25,2024-06-08,3,4.1,1.3666666666666665,1.76,1
31.5,76.25,2024-06-09,38,325.31,8.56078947368421,31.37,1
31.5,76.25,2024-06-10,14,79.11,5.650714285714286,15.96,1
31.5,76.25,2024-06-11,18,147.37,8.187222222222223,45.54,1
31.5,76.25,2024-06-12,14,119.45,8.532142857142857,26.79,1
31.5,76.25,2024-06-13,27,103.28,3.8251851851851852,6.85,1
31.5,76.25,2024-06-14,25,200.72,8.0288,23.28,1
31.5,76.25,2024-06-15,10,30.57,3.057,7.31,1
31.5,76.25,2024-06-16,11,53.92,4.901818181818182,12.94,1
31.5,76.25,2024-06-17,19,119.33,6.280526315789474,15.36,1
31.5,76.25,2024-06-18,16,180.51,11.281875,58.05,1
31.5,76.25,2024-06-19,3,13.280000000000001,4.426666666666667,6.92,1
31.5,76.25,2024-06-21,3,2.32,0.7733333333333333,1.16,1
31.5,76.25,2024-06-23,11,51.26,4.66,7.65,1
31.5,76.25,2024-06-24,4,25.5,6.375,10.11,1
31.5,76.25,2024-06-26,6,24.259999999999998,4.043333333333333,9.98,1
31.5,76.25,2024-10-02,1,3.54,3.54,3.54,1
31.5,76.25,2024-10-18,5,21.07,4.214,4.82,1
31.5,76.25,2024-10-26,1,11.7,11.7,11.7,1
31.5,76.25,2024-11-01,2,6.58,3.29,3.39,1
31.5,76.25,2024-11-09,1,0.71,0.71,0.71,1
31.5,76.25,2024-11-20,2,5.37,2.685,2.94,1
31.5,76.25,2024-11-25,2,9.89,4.945,5.75,1
31.5,76.25,2024-11-26,2,6.91,3.455,5.46,1
31.5,76.25,2024-11-30,1,3.48,3.48,3.48,1
31.5,76.25,2024-12-01,2,6.67,3.335,3.59,1
31.5,76.25,2024-12-04,3,6.61,2.2033333333333336,2.77,1
31.5,76.25,2024-12-07,1,2.45,2.45,2.45,1
31.5,76.25,2024-12-09,2,5.79,2.895,4.05,1
31.5,76.25,2024-12-11,3,31.11,10.37,14.79,1
31.5,76.25,2025-01-25,1,2.38,2.38,2.38,1
31.5,76.25,2025-01-27,5,13.120000000000001,2.624,5.48,1
31.5,76.25,2025-01-30,1,3.36,3.36,3.36,1
31.5,76.25,2025-02-02,1,2.26,2.26,2.26,1
31.5,76.25,2025-02-07,1,1.59,1.59,1.59,1
31.5,76.25,2025-02-08,2,3.8100000000000005,1.9050000000000002,2.47,1
31.5,76.25,2025-02-12,1,14.12,14.12,14.12,1
31.5,76.25,2025-02-14,2,5.09,2.545,2.76,1
31.5,76.25,2025-02-18,5,19.439999999999998,3.8879999999999995,8.11,1
31.5,76.25,2025-02-23,2,5.82,2.91,3.26,1
31.5,76.25,2025-03-02,1,1.4,1.4,1.4,1
31.5,76.25,2025-03-05,1,2.52,2.52,2.52,1
31.5,76.25,2025-03-09,2,3.91,1.955,2.23,1
31.5,76.25,2025-03-10,1,1.79,1.79,1.79,1
31.5,76.25,2025-03-18,1,2.38,2.38,2.38,1
31.5,76.25,2025-03-19,1,1.02,1.02,1.02,1
31.5,76.25,2025-03-21,2,3.07,1.535,1.66,1
31.5,76.25,2025-03-29,5,33.85,6.7700000000000005,9.89,1
31.5,76.25,2025-03-31,3,11.99,3.9966666666666666,5.45,1
31.5,76.25,2025-04-01,4,18.049999999999997,4.512499999999999,6.52,1
31.5,76.25,2025-04-02,2,4.1000000000000005,2.0500000000000003,3.7,1
31.5,76.25,2025-04-03,4,4.32,1.08,1.54,1
31.5,76.25,2025-04-04,5,45.17,9.034,20.1,1
31.5,76.25,2025-04-05,2,2.59,1.295,1.8,1
31.5,76.25,2025-04-10,1,4.85,4.85,4.85,1
31.5,76.25,2025-04-15,1,8.49,8.49,8.49,1
31.5,76.25,2025-04-17,2,7.140000000000001,3.5700000000000003,3.7,1
31.5,76.25,2025-04-18,1,1.93,1.93,1.93,1
31.5,76.25,2025-04-20,1,2.32,2.32,2.32,1
31.5,76.25,2025-04-21,1,16.25,16.25,16.25,1
31.5,76.25,2025-04-22,1,0.98,0.98,0.98,1
31.5,76.25,2025-04-23,9,40.76,4.528888888888889,8.1,1
31.5,76.25,2025-04-24,16,78.51,4.906875,35.04,1
31.5,76.25,2025-04-25,48,228.89,4.768541666666667,17.44,1
31.5,76.25,2025-04-26,66,305.78,4.633030303030303,14.37,1
31.5,76.25,2025-04-27,102,818.51,8.024607843137256,46.36,1
31.5,76.25,2025-04-28,38,206.61,5.437105263157895,11.96,1
31.5,76.25,2025-04-29,12,33.0,2.75,5.85,1
31.5,76.25,2025-04-30,2,5.09,2.545,4.24,1
31.5,76.25,2025-05-01,2,8.629999999999999,4.3149999999999995,5.54,1
31.5,76.25,2025-05-03,2,6.47,3.235,5.06,1
31.5,76.25,2025-05-05,6,90.57,15.094999999999999,30.17,1
31.5,76.25,2025-05-07,6,42.15,7.0249999999999995,9.78,1
31.5,76.25,2025-05-08,5,23.04,4.608,7.61,1
31.5,76.25,2025-05-09,1,5.81,5.81,5.81,1
31.5,76.25,2025-05-10,20,287.99,14.3995,95.9,1
31.5,76.25,2025-05-11,47,187.08,3.980425531914894,8.07,1
31.5,76.25,2025-05-12,10,53.59,5.359,12.93,1
31.5,76.25,2025-05-13,21,118.64,5.649523809523809,21.67,1
31.5,76.25,2025-05-14,17,120.84,7.108235294117647,12.83,1
31.5,76.25,2025-05-15,12,73.69,6.140833333333333,13.77,1
31.5,76.25,2025-05-16,12,35.96,2.9966666666666666,4.99,1
31.5,76.25,2025-05-17,10,48.43,4.843,10.23,1
31.5,76.25,2025-05-18,17,81.61,4.800588235294118,12.96,1
31.5,76.25,2025-05-19,13,47.36,3.643076923076923,5.98,1
31.5,76.25,2025-05-20,3,23.9,7.966666666666666,12.94,1
31.5,76.25,2025-05-21,1,4.3,4.3,4.3,1
31.5,76.25,2025-05-23,3,12.08,4.026666666666666,5.75,1
31.5,76.25,2025-05-24,5,13.85,2.77,3.23,1
31.5,76.25,2025-05-26,1,2.87,2.87,2.87,1
31.5,76.25,2025-05-28,3,44.03,14.676666666666668,22.23,1
31.5,76.25,2025-05-29,4,16.259999999999998,4.0649999999999995,5.39,1
31.5,76.25,2025-06-02,2,15.45,7.725,9.9,1
31.5,76.25,2025-06-03,2,13.17,6.585,7.04,1
31.5,76.25,2025-06-10,2,6.93,3.465,4.01,1
31.5,76.25,2025-06-11,1,4.02,4.02,4.02,1
31.5,76.25,2025-06-13,1,2.56,2.56,2.56,1
31.5,76.25,2025-09-13,1,2.15,2.15,2.15,1
31.5,76.25,2025-09-18,1,2.63,2.63,2.63,1
31.5,76.25,2025-10-21,2,8.88,4.44,4.44,1
31.5,76.25,2025-10-28,1,1.76,1.76,1.76,1
31.5,76.25,2025-10-31,2,6.53,3.265,4.66,1
31.5,76.25,2025-11-01,1,2.76,2.76,2.76,1
31.5,76.25,2025-11-06,2,9.88,4.94,4.94,1
31.5,76.25,2025-11-11,2,3.8100000000000005,1.9050000000000002,2.2,1
31.5,76.25,2025-11-17,2,5.65,2.825,3.15,1
31.5,76.25,2025-11-22,1,4.39,4.39,4.39,1
31.5,76.25,2025-12-17,3,7.5600000000000005,2.52,3.1,1
31.5,76.875,2023-01-05,4,8.16,2.04,4.89,1
31.5,76.875,2023-01-08,1,2.17,2.17,2.17,1
31.5,76.875,2023-01-10,1,2.53,2.53,2.53,1
31.5,76.875,2023-01-11,4,3.34,0.835,0.98,1
31.5,76.875,2023-01-14,1,1.06,1.06,1.06,1
31.5,76.875,2023-02-01,1,0.73,0.73,0.73,1
31.5,76.875,2023-02-06,1,0.64,0.64,0.64,1
31.5,76.875,2023-02-10,1,0.78,0.78,0.78,1
31.5,76.875,2023-02-11,1,0.87,0.87,0.87,1
31.5,76.875,2023-02-13,1,3.15,3.15,3.15,1
31.5,76.875,2023-02-14,1,5.21,5.21,5.21,1
31.5,76.875,2023-02-15,1,0.84,0.84,0.84,1
31.5,76.875,2023-02-17,1,0.38,0.38,0.38,1
31.5,76.875,2023-02-21,1,0.57,0.57,0.57,1
31.5,76.875,2023-02-22,1,1.18,1.18,1.18,1
31.5,76.875,2023-02-24,1,1.47,1.47,1.47,1
31.5,76.875,2023-02-25,1,0.47,0.47,0.47,1
31.5,76.875,2023-02-26,5,8.8,1.7600000000000002,5.44,1
31.5,76.875,2023-02-27,7,29.509999999999998,4.215714285714285,8.72,1
31.5,76.875,2023-03-01,6,8.6,1.4333333333333333,1.7,1
31.5,76.875,2023-03-02,4,11.24,2.81,3.79,1
31.5,76.875,2023-03-04,4,5.1899999999999995,1.2974999999999999,2.55,1
31.5,76.875,2023-03-05,6,30.04,5.006666666666667,10.22,1
31.5,76.875,2023-03-09,3,2.23,0.7433333333333333,0.95,1
31.5,76.875,2023-03-10,2,1.5,0.75,1.0,1
31.5,76.875,2023-03-11,1,2.07,2.07,2.07,1
31.5,76.875,2023-03-13,2,1.08,0.54,0.57,1
31.5,76.875,2023-03-14,2,1.53,0.765,0.8,1
31.5,76.875,2023-03-26,2,1.1099999999999999,0.5549999999999999,0.62,1
31.5,76.875,2023-04-04,1,0.44,0.44,0.44,1
31.5,76.875,2023-04-07,1,0.47,0.47,0.47,1
31.5,76.875,2023-04-09,1,1.05,1.05,1.05,1
31.5,76.875,2023-04-10,1,0.8,0.8,0.8,1
31.5,76.875,2023-04-11,1,0.97,0.97,0.97,1
31.5,76.875,2023-04-12,2,1.69,0.845,0.85,1
31.5,76.875,2023-04-14,2,1.56,0.78,1.1,1
31.5,76.875,2023-04-15,1,0.55,0.55,0.55,1
31.5,76.875,2023-04-21,3,1.87,0.6233333333333334,0.78,1
31.5,76.875,2023-04-22,1,0.45,0.45,0.45,1
31.5,76.875,2023-04-26,2,0.87,0.435,0.59,1
31.5,76.875,2023-04-27,2,1.21,0.605,0.76,1
31.5,76.875,2023-05-03,2,0.51,0.255,0.3,1
31.5,76.875,2023-05-06,2,1.01,0.505,0.51,1
31.5,76.875,2023-05-07,1,0.72,0.72,0.72,1
31.5,76.875,2023-05-09,2,0.73,0.365,0.39,1
31.5,76.875,2023-05-13,1,0.32,0.32,0.32,1
31.5,76.875,2023-05-18,1,0.7,0.7,0.7,1
31.5,76.875,2023-05-19,2,6.33,3.165,5.4,1
31.5,76.875,2023-05-20,2,9.32,4.66,4.66,1
31.5,76.875,2023-05-21,5,34.66,6.9319999999999995,10.54,1
31.5,76.875,2023-05-22,2,7.63,3.815,6.78,1
31.5,76.875,2023-05-23,2,1.33,0.665,0.71,1
31.5,76.875,2023-05-24,2,7.7,3.85,4.54,1
31.5,76.875,2023-05-28,1,0.58,0.58,0.58,1
31.5,76.875,2023-06-03,1,0.63,0.63,0.63,1
31.5,76.875,2023-06-04,1,0.54,0.54,0.54,1
31.5,76.875,2023-06-08,1,1.11,1.11,1.11,1
31.5,76.875,2023-06-09,3,2.26,0.7533333333333333,1.0,1
31.5,76.875,2023-06-10,2,7.85,3.925,4.49,1
31.5,76.875,2023-06-19,2,1.7799999999999998,0.8899999999999999,1.17,1
31.5,76.875,2023-06-24,1,1.74,1.74,1.74,1
31.5,76.875,2023-07-05,2,0.94,0.47,0.48,1
31.5,76.875,2023-09-06,2,1.75,0.875,1.01,1
31.5,76.875,2023-09-07,2,1.6,0.8,1.2,1
31.5,76.875,2023-09-08,1,0.64,0.64,0.64,1
31.5,76.875,2023-09-22,2,1.27,0.635,0.67,1
31.5,76.875,2023-09-23,1,0.59,0.59,0.59,1
31.5,76.875,2023-09-26,1,0.9,0.9,0.9,1
31.5,76.875,2023-09-27,1,1.08,1.08,1.08,1
31.5,76.875,2023-09-30,1,0.38,0.38,0.38,1
31.5,76.875,2023-10-03,1,0.74,0.74,0.74,1
31.5,76.875,2023-10-07,1,0.92,0.92,0.92,1
31.5,76.875,2023-10-10,1,0.43,0.43,0.43,1
31.5,76.875,2023-10-13,1,0.95,0.95,0.95,1
31.5,76.875,2023-10-15,1,0.6,0.6,0.6,1
31.5,76.875,2023-10-18,1,1.03,1.03,1.03,1
31.5,76.875,2023-10-19,5,3.4,0.6799999999999999,0.87,1
31.5,76.875,2023-10-20,2,1.37,0.685,0.69,1
31.5,76.875,2023-10-23,1,0.55,0.55,0.55,1
31.5,76.875,2023-10-24,1,0.53,0.53,0.53,1
31.5,76.875,2023-10-25,2,1.42,0.71,0.73,1
31.5,76.875,2023-10-26,2,1.4100000000000001,0.7050000000000001,0.73,1
31.5,76.875,2023-10-29,1,0.82,0.82,0.82,1
31.5,76.875,2023-10-30,1,0.77,0.77,0.77,1
31.5,76.875,2023-11-04,2,1.42,0.71,0.98,1
31.5,76.875,2023-11-05,1,0.6,0.6,0.6,1
31.5,76.875,2023-11-06,1,0.82,0.82,0.82,1
31.5,76.875,2023-11-08,1,0.63,0.63,0.63,1
31.5,76.875,2023-11-11,2,1.0499999999999998,0.5249999999999999,0.57,1
31.5,76.875,2023-11-13,2,1.5,0.75,0.92,1
31.5,76.875,2023-11-15,2,1.58,0.79,0.79,1
31.5,76.875,2023-11-17,1,0.66,0.66,0.66,1
31.5,76.875,2023-11-18,1,0.66,0.66,0.66,1
31.5,76.875,2023-11-20,2,1.44,0.72,0.76,1
31.5,76.875,2023-11-21,3,2.22,0.7400000000000001,0.9,1
31.5,76.875,2023-11-22,1,0.65,0.65,0.65,1
31.5,76.875,2023-11-23,4,9.08,2.27,5.17,1
31.5,76.875,2023-11-24,2,1.37,0.685,0.72,1
31.5,76.875,2023-12-06,1,0.66,0.66,0.66,1
31.5,76.875,2023-12-07,2,0.79,0.395,0.49,1
31.5,76.875,2023-12-10,2,1.7999999999999998,0.8999999999999999,1.18,1
31.5,76.875,2023-12-11,1,0.92,0.92,0.92,1
31.5,76.875,2023-12-12,2,1.05,0.525,0.55,1
31.5,76.875,2023-12-13,5,14.05,2.81,4.17,1
31.5,76.875,2023-12-14,1,4.06,4.06,4.06,1
31.5,76.875,2023-12-15,1,1.27,1.27,1.27,1
31.5,76.875,2023-12-16,2,3.77,1.885,3.12,1
31.5,76.875,2023-12-17,4,3.66,0.915,1.65,1
31.5,76.875,2023-12-18,4,5.24,1.31,1.67,1
31.5,76.875,2023-12-19,3,14.65,4.883333333333334,7.16,1
31.5,76.875,2023-12-23,3,2.1100000000000003,0.7033333333333335,0.91,1
31.5,76.875,2023-12-25,5,10.190000000000001,2.0380000000000003,4.53,1
31.5,76.875,2023-12-26,2,1.2200000000000002,0.6100000000000001,0.68,1
31.5,76.875,2023-12-27,2,1.57,0.785,0.92,1
31.5,76.875,2023-12-28,1,1.31,1.31,1.31,1
31.5,76.875,2023-12-30,2,2.1,1.05,1.05,1
31.5,76.875,2024-01-03,1,0.42,0.42,0.42,1
31.5,76.875,2024-01-04,2,3.87,1.935,3.31,1
31.5,76.875,2024-01-08,2,1.05,0.525,0.67,1
31.5,76.875,2024-01-09,1,0.58,0.58,0.58,1
31.5,76.875,2024-01-10,6,21.25,3.5416666666666665,5.78,1
31.5,76.875,2024-01-11,13,29.66,2.2815384615384615,7.43,1
31.5,76.875,2024-01-12,13,19.72,1.5169230769230768,5.13,1
31.5,76.875,2024-01-13,1,0.77,0.77,0.77,1
31.5,76.875,2024-01-14,1,0.79,0.79,0.79,1
31.5,76.875,2024-01-15,1,3.95,3.95,3.95,1
31.5,76.875,2024-01-18,1,0.72,0.72,0.72,1
31.5,76.875,2024-01-19,1,0.66,0.66,0.66,1
31.5,76.875,2024-01-20,2,5.96,2.98,3.04,1
31.5,76.875,2024-01-24,5,8.75,1.75,5.73,1
31.5,76.875,2024-01-25,1,3.28,3.28,3.28,1
31.5,76.875,2024-01-26,5,5.53,1.106,2.87,1
31.5,76.875,2024-01-27,1,0.46,0.46,0.46,1
31.5,76.875,2024-01-28,1,5.4,5.4,5.4,1
31.5,76.875,2024-01-29,1,0.77,0.77,0.77,1
31.5,76.875,2024-01-30,1,2.55,2.55,2.55,1
31.5,76.875,2024-02-10,1,4.19,4.19,4.19,1
31.5,76.875,2024-02-15,2,2.33,1.165,1.35,1
31.5,76.875,2024-02-16,1,2.15,2.15,2.15,1
31.5,76.875,2024-02-20,1,0.74,0.74,0.74,1
31.5,76.875,2024-02-28,1,0.65,0.65,0.65,1
31.5,76.875,2024-03-05,1,0.69,0.69,0.69,1
31.5,76.875,2024-03-07,1,0.7,0.7,0.7,1
31.5,76.875,2024-03-09,1,1.06,1.06,1.06,1
31.5,76.875,2024-03-12,2,4.56,2.28,3.96,1
31.5,76.875,2024-03-16,2,6.21,3.105,5.79,1
31.5,76.875,2024-03-18,1,0.52,0.52,0.52,1
31.5,76.875,2024-03-19,1,0.79,0.79,0.79,1
31.5,76.875,2024-03-22,2,1.63,0.815,0.88,1
31.5,76.875,2024-03-25,1,0.55,0.55,0.55,1
31.5,76.875,2024-03-28,1,0.78,0.78,0.78,1
31.5,76.875,2024-04-01,3,2.35,0.7833333333333333,1.03,1
31.5,76.875,2024-04-02,1,0.44,0.44,0.44,1
31.5,76.875,2024-04-04,1,0.41,0.41,0.41,1
31.5,76.875,2024-04-06,1,0.48,0.48,0.48,1
31.5,76.875,2024-04-07,2,6.83,3.415,5.75,1
31.5,76.875,2024-04-08,3,1.5499999999999998,0.5166666666666666,0.83,1
31.5,76.875,2024-04-10,2,1.4300000000000002,0.7150000000000001,1.08,1
31.5,76.875,2024-04-12,2,1.51,0.755,0.88,1
31.5,76.875,2024-04-13,1,1.89,1.89,1.89,1
31.5,76.875,2024-04-16,1,0.74,0.74,0.74,1
31.5,76.875,2024-04-21,1,1.2,1.2,1.2,1
31.5,76.875,2024-04-22,1,0.69,0.69,0.69,1
31.5,76.875,2024-04-23,2,0.92,0.46,0.52,1
31.5,76.875,2024-04-25,1,0.65,0.65,0.65,1
31.5,76.875,2024-04-27,2,1.16,0.58,0.75,1
31.5,76.875,2024-04-28,1,0.74,0.74,0.74,1
31.5,76.875,2024-04-29,2,0.9,0.45,0.54,1
31.5,76.875,2024-04-30,2,0.9299999999999999,0.46499999999999997,0.59,1
31.5,76.875,2024-05-02,4,2.98,0.745,0.98,1
31.5,76.875,2024-05-03,3,1.6600000000000001,0.5533333333333333,0.67,1
31.5,76.875,2024-05-04,4,2.85,0.7125,1.08,1
31.5,76.875,2024-05-05,11,34.33,3.1209090909090906,6.88,1
31.5,76.875,2024-05-06,7,22.1,3.1571428571428575,7.97,1
31.5,76.875,2024-05-07,7,12.83,1.832857142857143,3.96,1
31.5,76.875,2024-05-08,1,0.72,0.72,0.72,1
31.5,76.875,2024-05-10,1,13.41,13.41,13.41,1
31.5,76.875,2024-05-12,21,43.4,2.0666666666666664,5.6,1
31.5,76.875,2024-05-13,15,40.66,2.7106666666666666,4.46,1
31.5,76.875,2024-05-14,14,33.15,2.367857142857143,7.43,1
31.5,76.875,2024-05-15,26,58.31,2.242692307692308,10.91,1
31.5,76.875,2024-05-16,19,61.05,3.2131578947368418,14.57,1
31.5,76.875,2024-05-17,62,264.49,4.2659677419354844,17.51,1
31.5,76.875,2024-05-18,72,282.81,3.9279166666666665,13.57,1
31.5,76.875,2024-05-19,45,166.28,3.6951111111111112,21.2,1
31.5,76.875,2024-05-20,13,93.58,7.1984615384615385,20.44,1
31.5,76.875,2024-05-21,17,81.05,4.767647058823529,10.52,1
31.5,76.875,2024-05-22,6,30.72,5.12,6.94,1
31.5,76.875,2024-05-24,5,16.11,3.222,4.02,1
31.5,76.875,2024-05-25,19,101.06,5.318947368421052,9.26,1
31.5,76.875,2024-05-26,27,148.28,5.491851851851852,31.69,1
31.5,76.875,2024-05-27,28,152.81,5.4575000000000005,27.14,1
31.5,76.875,2024-05-28,30,101.56,3.3853333333333335,15.39,1
31.5,76.875,2024-05-29,35,520.23,14.863714285714286,49.87,1
31.5,76.875,2024-06-04,9,27.89,3.098888888888889,6.66,1
31.5,76.875,2024-06-05,5,31.96,6.392,10.66,1
31.5,76.875,2024-06-06,5,5.66,1.1320000000000001,1.44,1
31.5,76.875,2024-06-07,6,23.51,3.9183333333333334,8.88,1
31.5,76.875,2024-06-08,3,2.54,0.8466666666666667,1.37,1
31.5,76.875,2024-06-09,6,15.03,2.505,4.72,1
31.5,76.875,2024-06-10,12,37.68,3.14,8.1,1
31.5,76.875,2024-06-11,38,141.69,3.728684210526316,13.5,1
31.5,76.875,2024-06-12,8,71.05,8.88125,26.58,1
31.5,76.875,2024-06-13,30,105.95,3.5316666666666667,8.9,1
31.5,76.875,2024-06-14,28,96.09,3.431785714285714,8.39,1
31.5,76.875,2024-06-15,28,100.99,3.606785714285714,10.48,1
31.5,76.875,2024-06-16,31,166.77,5.379677419354839,35.08,1
31.5,76.875,2024-06-17,16,76.55,4.784375,8.31,1
31.5,76.875,2024-06-18,9,30.57,3.3966666666666665,11.18,1
31.5,76.875,2024-06-19,3,68.39,22.796666666666667,39.01,1
31.5,76.875,2024-06-21,1,0.54,0.54,0.54,1
31.5,76.875,2024-06-23,3,7.18,2.393333333333333,3.04,1
31.5,76.875,2024-06-24,1,3.99,3.99,3.99,1
31.5,76.875,2024-06-26,1,0.79,0.79,0.79,1
31.5,76.875,2024-06-28,1,2.88,2.88,2.88,1
31.5,76.875,2024-07-06,1,1.0,1.0,1.0,1
31.5,76.875,2024-07-30,1,0.7,0.7,0.7,1
31.5,76.875,2024-08-23,1,0.81,0.81,0.81,1
31.5,76.875,2024-08-30,2,1.43,0.715,0.82,1
31.5,76.875,2024-09-09,2,1.87,0.935,1.21,1
31.5,76.875,2024-09-15,1,0.46,0.46,0.46,1
31.5,76.875,2024-09-16,1,0.46,0.46,0.46,1
31.5,76.875,2024-09-20,1,0.59,0.59,0.59,1
31.5,76.875,2024-09-23,1,0.88,0.88,0.88,1
31.5,76.875,2024-09-24,1,0.21,0.21,0.21,1
31.5,76.875,2024-09-28,1,0.87,0.87,0.87,1
31.5,76.875,2024-10-01,2,0.78,0.39,0.54,1
31.5,76.875,2024-10-05,2,1.29,0.645,0.68,1
31.5,76.875,2024-10-07,1,0.77,0.77,0.77,1
31.5,76.875,2024-10-09,2,1.33,0.665,0.84,1
31.5,76.875,2024-10-10,3,2.05,0.6833333333333332,0.85,1
31.5,76.875,2024-10-11,2,1.12,0.56,0.57,1
31.5,76.875,2024-10-12,1,0.32,0.32,0.32,1
31.5,76.875,2024-10-15,1,0.69,0.69,0.69,1
31.5,76.875,2024-10-16,2,1.5499999999999998,0.7749999999999999,0.82,1
31.5,76.875,2024-10-17,2,1.49,0.745,1.0,1
31.5,76.875,2024-10-25,1,0.73,0.73,0.73,1
31.5,76.875,2024-10-26,1,0.42,0.42,0.42,1
31.5,76.875,2024-10-28,1,0.66,0.66,0.66,1
31.5,76.875,2024-10-30,1,1.09,1.09,1.09,1
31.5,76.875,2024-10-31,1,0.7,0.7,0.7,1
31.5,76.875,2024-11-01,2,1.04,0.52,0.66,1
31.5,76.875,2024-11-02,1,0.56,0.56,0.56,1
31.5,76.875,2024-11-07,1,0.33,0.33,0.33,1
31.5,76.875,2024-11-10,1,0.55,0.55,0.55,1
31.5,76.875,2024-11-12,2,1.18,0.59,0.84,1
31.5,76.875,2024-11-13,3,1.8199999999999998,0.6066666666666666,0.84,1
31.5,76.875,2024-11-15,2,1.19,0.595,0.6,1
31.5,76.875,2024-11-16,2,3.7,1.85,3.14,1
31.5,76.875,2024-11-18,1,0.35,0.35,0.35,1
31.5,76.875,2024-11-23,2,1.48,0.74,1.0,1
31.5,76.875,2024-11-24,1,0.56,0.56,0.56,1
31.5,76.875,2024-11-26,1,0.65,0.65,0.65,1
31.5,76.875,2024-11-27,1,1.03,1.03,1.03,1
31.5,76.875,2024-11-28,1,0.43,0.43,0.43,1
31.5,76.875,2024-11-29,1,0.7,0.7,0.7,1
31.5,76.875,2024-12-01,1,0.53,0.53,0.53,1
31.5,76.875,2024-12-03,1,0.65,0.65,0.65,1
31.5,76.875,2024-12-09,1,0.86,0.86,0.86,1
31.5,76.875,2024-12-14,2,1.25,0.625,0.78,1
31.5,76.875,2024-12-15,1,0.55,0.55,0.55,1
31.5,76.875,2024-12-16,1,2.88,2.88,2.88,1
31.5,76.875,2024-12-19,1,0.69,0.69,0.69,1
31.5,76.875,2024-12-26,1,1.92,1.92,1.92,1
31.5,76.875,2025-01-10,2,6.52,3.26,3.48,1
31.5,76.875,2025-01-14,1,0.61,0.61,0.61,1
31.5,76.875,2025-01-20,1,0.6,0.6,0.6,1
31.5,76.875,2025-01-21,1,0.45,0.45,0.45,1
31.5,76.875,2025-01-25,2,5.09,2.545,4.35,1
31.5,76.875,2025-01-26,4,3.37,0.8425,1.37,1
31.5,76.875,2025-01-29,2,1.81,0.905,1.06,1
31.5,76.875,2025-01-30,2,1.4300000000000002,0.7150000000000001,0.87,1
31.5,76.875,2025-01-31,2,1.55,0.775,0.79,1
31.5,76.875,2025-02-01,2,9.33,4.665,6.85,1
31.5,76.875,2025-02-16,2,2.0700000000000003,1.0350000000000001,1.31,1
31.5,76.875,2025-02-22,2,1.1600000000000001,0.5800000000000001,0.65,1
31.5,76.875,2025-02-23,2,4.08,2.04,3.42,1
31.5,76.875,2025-03-04,1,0.84,0.84,0.84,1
31.5,76.875,2025-03-07,2,1.73,0.865,1.0,1
31.5,76.875,2025-03-08,1,0.71,0.71,0.71,1
31.5,76.875,2025-03-16,1,0.55,0.55,0.55,1
31.5,76.875,2025-03-19,1,1.08,1.08,1.08,1
31.5,76.875,2025-03-20,1,0.61,0.61,0.61,1
31.5,76.875,2025-03-23,3,2.54,0.8466666666666667,1.08,1
31.5,76.875,2025-03-25,1,0.51,0.51,0.51,1
31.5,76.875,2025-03-26,1,0.39,0.39,0.39,1
31.5,76.875,2025-03-29,2,2.37,1.185,1.5,1
31.5,76.875,2025-03-30,3,2.85,0.9500000000000001,1.1,1
31.5,76.875,2025-03-31,7,12.97,1.852857142857143,8.38,1
31.5,76.875,2025-04-01,5,9.66,1.932,4.0,1
31.5,76.875,2025-04-02,2,3.64,1.82,2.77,1
31.5,76.875,2025-04-03,7,7.2299999999999995,1.0328571428571427,1.89,1
31.5,76.875,2025-04-04,8,8.35,1.04375,2.11,1
31.5,76.875,2025-04-05,1,0.28,0.28,0.28,1
31.5,76.875,2025-04-06,6,11.25,1.875,3.33,1
31.5,76.875,2025-04-08,1,4.93,4.93,4.93,1
31.5,76.875,2025-04-09,1,0.9,0.9,0.9,1
31.5,76.875,2025-04-10,3,2.4000000000000004,0.8000000000000002,1.04,1
31.5,76.875,2025-04-15,1,0.63,0.63,0.63,1
31.5,76.875,2025-04-17,1,0.75,0.75,0.75,1
31.5,76.875,2025-04-20,1,0.46,0.46,0.46,1
31.5,76.875,2025-04-22,2,1.17,0.585,0.77,1
31.5,76.875,2025-04-23,1,1.8,1.8,1.8,1
31.5,76.875,2025-04-24,3,2.39,0.7966666666666667,0.95,1
31.5,76.875,2025-04-25,3,5.97,1.99,5.09,1
31.5,76.875,2025-04-26,2,9.83,4.915,8.77,1
31.5,76.875,2025-04-27,12,18.259999999999998,1.5216666666666665,7.51,1
31.5,76.875,2025-04-28,3,32.25,10.75,27.53,1
31.5,76.875,2025-04-29,2,1.63,0.815,1.15,1
31.5,76.875,2025-05-05,2,0.91,0.455,0.65,1
31.5,76.875,2025-05-07,3,2.14,0.7133333333333334,0.87,1
31.5,76.875,2025-05-10,2,2.06,1.03,1.57,1
31.5,76.875,2025-05-12,4,3.25,0.8125,1.01,1
31.5,76.875,2025-05-13,2,0.8300000000000001,0.41500000000000004,0.56,1
31.5,76.875,2025-05-14,2,4.140000000000001,2.0700000000000003,3.06,1
31.5,76.875,2025-05-16,3,7.13,2.3766666666666665,5.29,1
31.5,76.875,2025-05-18,3,1.8,0.6,0.65,1
31.5,76.875,2025-05-19,1,1.18,1.18,1.18,1
31.5,76.875,2025-05-20,1,1.57,1.57,1.57,1
31.5,76.875,2025-05-21,1,1.29,1.29,1.29,1
31.5,76.875,2025-05-22,1,3.18,3.18,3.18,1
31.5,76.875,2025-05-26,1,1.09,1.09,1.09,1
31.5,76.875,2025-05-28,2,1.04,0.52,0.79,1
31.5,76.875,2025-05-29,6,10.63,1.7716666666666667,3.75,1
31.5,76.875,2025-05-30,1,2.32,2.32,2.32,1
31.5,76.875,2025-05-31,3,2.16,0.7200000000000001,1.01,1
31.5,76.875,2025-06-03,1,2.34,2.34,2.34,1
31.5,76.875,2025-06-08,2,1.62,0.81,1.01,1
31.5,76.875,2025-06-09,2,6.819999999999999,3.4099999999999997,5.14,1
31.5,76.875,2025-06-10,1,1.05,1.05,1.05,1
31.5,76.875,2025-06-11,1,1.3,1.3,1.3,1
31.5,76.875,2025-06-12,1,1.04,1.04,1.04,1
31.5,76.875,2025-06-13,1,0.69,0.69,0.69,1
31.5,76.875,2025-06-22,1,1.16,1.16,1.16,1
31.5,76.875,2025-06-23,1,1.08,1.08,1.08,1
31.5,76.875,2025-07-03,1,1.33,1.33,1.33,1
31.5,76.875,2025-07-15,1,0.34,0.34,0.34,1
31.5,76.875,2025-07-18,1,0.78,0.78,0.78,1
31.5,76.875,2025-07-24,1,0.75,0.75,0.75,1
31.5,76.875,2025-08-07,1,0.88,0.88,0.88,1
31.5,76.875,2025-08-09,1,0.79,0.79,0.79,1
31.5,76.875,2025-08-21,1,1.01,1.01,1.01,1
31.5,76.875,2025-09-07,1,1.04,1.04,1.04,1
31.5,76.875,2025-09-27,2,1.81,0.905,0.97,1
31.5,76.875,2025-09-29,1,0.42,0.42,0.42,1
31.5,76.875,2025-10-03,3,2.25,0.75,1.02,1
31.5,76.875,2025-10-04,1,0.56,0.56,0.56,1
31.5,76.875,2025-10-08,1,0.76,0.76,0.76,1
31.5,76.875,2025-10-09,1,0.6,0.6,0.6,1
31.5,76.875,2025-10-10,1,0.55,0.55,0.55,1
31.5,76.875,2025-10-13,1,0.74,0.74,0.74,1
31.5,76.875,2025-10-14,2,1.26,0.63,0.77,1
31.5,76.875,2025-10-19,1,0.71,0.71,0.71,1
31.5,76.875,2025-10-20,3,3.08,1.0266666666666666,1.4,1
31.5,76.875,2025-10-21,1,0.85,0.85,0.85,1
31.5,76.875,2025-10-25,2,1.69,0.845,0.87,1
31.5,76.875,2025-10-29,1,0.44,0.44,0.44,1
31.5,76.875,2025-10-30,2,1.58,0.79,0.8,1
31.5,76.875,2025-11-02,1,0.75,0.75,0.75,1
31.5,76.875,2025-11-03,1,0.52,0.52,0.52,1
31.5,76.875,2025-11-05,2,0.74,0.37,0.42,1
31.5,76.875,2025-11-07,1,0.99,0.99,0.99,1
31.5,76.875,2025-11-08,1,0.6,0.6,0.6,1
31.5,76.875,2025-11-09,1,0.41,0.41,0.41,1
31.5,76.875,2025-11-10,1,0.73,0.73,0.73,1
31.5,76.875,2025-11-13,1,1.07,1.07,1.07,1
31.5,76.875,2025-11-14,1,1.07,1.07,1.07,1
31.5,76.875,2025-11-15,1,0.45,0.45,0.45,1
31.5,76.875,2025-11-21,1,0.51,0.51,0.51,1
31.5,76.875,2025-11-26,2,0.88,0.44,0.49,1
31.5,76.875,2025-11-29,2,1.48,0.74,0.91,1
31.5,76.875,2025-12-04,1,1.16,1.16,1.16,1
31.5,76.875,2025-12-05,1,1.38,1.38,1.38,1
31.5,76.875,2025-12-06,1,0.47,0.47,0.47,1
31.5,76.875,2025-12-15,2,1.81,0.905,1.02,1
31.5,76.875,2025-12-18,1,0.65,0.65,0.65,1
31.5,76.875,2025-12-22,1,0.56,0.56,0.56,1
31.5,76.875,2025-12-23,1,0.62,0.62,0.62,1
31.5,76.875,2025-12-28,5,3.3600000000000003,0.672,0.79,1
32.0,73.125,2023-01-02,1,2.69,2.69,2.69,1
32.0,73.125,2023-01-03,1,2.02,2.02,2.02,1
32.0,73.125,2023-01-09,1,1.7,1.7,1.7,1
32.0,73.125,2023-01-14,3,15.44,5.1466666666666665,6.77,1
32.0,73.125,2023-01-15,6,26.93,4.488333333333333,7.59,1
32.0,73.125,2023-01-16,3,12.69,4.2299999999999995,5.1,1
32.0,73.125,2023-01-17,2,6.43,3.215,4.36,1
32.0,73.125,2023-01-19,6,33.93,5.655,7.2,1
32.0,73.125,2023-01-20,2,10.49,5.245,5.78,1
32.0,73.125,2023-01-21,1,3.0,3.0,3.0,1
32.0,73.125,2023-01-22,7,25.45,3.6357142857142857,6.23,1
32.0,73.125,2023-01-23,1,4.34,4.34,4.34,1
32.0,73.125,2023-01-24,3,13.690000000000001,4.5633333333333335,8.38,1
32.0,73.125,2023-01-25,10,66.26,6.626,13.17,1
32.0,73.125,2023-01-26,1,3.6,3.6,3.6,1
32.0,73.125,2023-01-27,3,11.29,3.763333333333333,5.82,1
32.0,73.125,2023-01-28,3,8.08,2.6933333333333334,3.36,1
32.0,73.125,2023-01-29,1,9.15,9.15,9.15,1
32.0,73.125,2023-02-01,1,4.71,4.71,4.71,1
32.0,73.125,2023-02-04,9,29.99,3.332222222222222,6.69,1
32.0,73.125,2023-02-06,2,3.25,1.625,2.42,1
32.0,73.125,2023-02-07,8,48.37,6.04625,17.04,1
32.0,73.125,2023-02-08,1,4.85,4.85,4.85,1
32.0,73.125,2023-02-09,4,33.85,8.4625,14.6,1
32.0,73.125,2023-02-10,3,7.41,2.47,2.62,1
32.0,73.125,2023-02-11,12,36.43,3.035833333333333,4.01,1
32.0,73.125,2023-02-12,15,59.910000000000004,3.994,10.26,1
32.0,73.125,2023-02-13,11,84.49,7.680909090909091,25.34,1
32.0,73.125,2023-02-14,11,42.69,3.880909090909091,6.71,1
32.0,73.125,2023-02-15,6,62.35,10.391666666666667,28.09,1
32.0,73.125,2023-02-18,5,104.17,20.834,43.74,1
32.0,73.125,2023-02-21,7,19.450000000000003,2.778571428571429,4.61,1
32.0,73.125,2023-02-22,1,2.67,2.67,2.67,1
32.0,73.125,2023-02-23,7,26.41,3.7728571428571427,5.94,1
32.0,73.125,2023-02-24,7,37.23,5.3185714285714285,9.03,1
32.0,73.125,2023-02-25,3,7.51,2.5033333333333334,3.18,1
32.0,73.125,2023-02-26,5,14.11,2.822,3.81,1
32.0,73.125,2023-02-27,3,40.14,13.38,24.63,1
32.0,73.125,2023-02-28,3,15.600000000000001,5.2,5.24,1
32.0,73.125,2023-03-03,4,20.14,5.035,6.43,1
32.0,73.125,2023-03-04,4,19.259999999999998,4.8149999999999995,7.78,1
32.0,73.125,2023-03-05,7,59.709999999999994,8.53,20.33,1
32.0,73.125,2023-03-06,1,5.47,5.47,5.47,1
32.0,73.125,2023-03-08,5,21.97,4.394,7.78,1
32.0,73.125,2023-03-09,6,25.01,4.168333333333334,10.21,1
32.0,73.125,2023-03-10,9,35.69,3.9655555555555555,8.66,1
32.0,73.125,2023-03-11,2,7.279999999999999,3.6399999999999997,5.09,1
32.0,73.125,2023-03-12,1,3.68,3.68,3.68,1
32.0,73.125,2023-03-14,3,21.63,7.21,12.33,1
32.0,73.125,2023-03-23,2,18.91,9.455,9.95,1
32.0,73.125,2023-03-26,2,3.77,1.885,2.35,1
32.0,73.125,2023-03-27,4,24.43,6.1075,9.78,1
32.0,73.125,2023-03-28,1,3.6,3.6,3.6,1
32.0,73.125,2023-04-07,1,4.51,4.51,4.51,1
32.0,73.125,2023-04-15,1,8.25,8.25,8.25,1
32.0,73.125,2023-04-17,2,5.5,2.75,3.6,1
32.0,73.125,2023-04-22,1,2.94,2.94,2.94,1
32.0,73.125,2023-04-24,2,7.51,3.755,3.94,1
32.0,73.125,2023-04-26,1,4.98,4.98,4.98,1
32.0,73.125,2023-04-27,2,6.99,3.495,3.62,1
32.0,73.125,2023-04-28,1,2.11,2.11,2.11,1
32.0,73.125,2023-04-30,1,2.82,2.82,2.82,1
32.0,73.125,2023-05-04,10,47.01,4.701,7.81,1
32.0,73.125,2023-05-06,3,29.369999999999997,9.79,13.61,1
32.0,73.125,2023-05-07,1,1.96,1.96,1.96,1
32.0,73.125,2023-05-09,6,23.54,3.9233333333333333,4.57,1
32.0,73.125,2023-05-10,24,84.48,3.52,8.39,1
32.0,73.125,2023-05-11,9,25.380000000000003,2.8200000000000003,6.58,1
32.0,73.125,2023-05-12,35,144.86,4.138857142857144,7.69,1
32.0,73.125,2023-05-13,52,216.42,4.161923076923077,10.62,1
32.0,73.125,2023-05-14,11,67.91,6.173636363636363,12.74,1
32.0,73.125,2023-05-15,32,166.05,5.1890625,11.01,1
32.0,73.125,2023-05-16,57,221.1,3.8789473684210525,10.78,1
32.0,73.125,2023-05-17,45,329.91,7.331333333333334,43.17,1
32.0,73.125,2023-05-18,21,86.76,4.131428571428572,7.84,1
32.0,73.125,2023-05-19,15,130.75,8.716666666666667,32.11,1
32.0,73.125,2023-05-20,19,158.33,8.333157894736843,17.42,1
32.0,73.125,2023-05-21,23,103.21,4.487391304347826,6.74,1
32.0,73.125,2023-05-23,6,29.14,4.8566666666666665,7.83,1
32.0,73.125,2023-05-24,1,3.0,3.0,3.0,1
32.0,73.125,2023-05-25,6,20.84,3.473333333333333,5.59,1
32.0,73.125,2023-05-27,6,22.68,3.78,6.74,1
32.0,73.125,2023-05-28,5,15.07,3.0140000000000002,4.25,1
32.0,73.125,2023-06-03,1,6.83,6.83,6.83,1
32.0,73.125,2023-06-05,4,13.030000000000001,3.2575000000000003,5.22,1
32.0,73.125,2023-06-06,1,1.67,1.67,1.67,1
32.0,73.125,2023-06-17,1,3.2,3.2,3.2,1
32.0,73.125,2023-06-18,1,29.12,29.12,29.12,1
32.0,73.125,2023-06-19,3,10.1,3.3666666666666667,4.68,1
32.0,73.125,2023-06-21,1,1.69,1.69,1.69,1
32.0,73.125,2023-06-24,1,5.3,5.3,5.3,1
32.0,73.125,2023-08-15,1,6.36,6.36,6.36,1
32.0,73.125,2023-08-16,2,12.43,6.215,7.25,1
32.0,73.125,2023-08-17,4,8.45,2.1125,3.33,1
32.0,73.125,2023-08-21,1,4.17,4.17,4.17,1
32.0,73.125,2023-09-06,1,8.66,8.66,8.66,1
32.0,73.125,2023-09-08,1,1.47,1.47,1.47,1
32.0,73.125,2023-10-03,1,3.46,3.46,3.46,1
32.0,73.125,2023-10-04,2,4.18,2.09,2.62,1
32.0,73.125,2023-10-05,1,2.43,2.43,2.43,1
32.0,73.125,2023-10-06,2,12.82,6.41,6.41,1
32.0,73.125,2023-10-07,2,6.33,3.165,3.31,1
32.0,73.125,2023-10-09,2,9.0,4.5,6.26,1
32.0,73.125,2023-10-11,2,6.71,3.355,4.59,1
32.0,73.125,2023-10-12,3,9.34,3.1133333333333333,4.56,1
32.0,73.125,2023-10-14,1,5.95,5.95,5.95,1
32.0,73.125,2023-10-15,3,7.55,2.5166666666666666,3.59,1
32.0,73.125,2023-10-18,2,2.94,1.47,1.63,1
32.0,73.125,2023-10-20,5,20.9,4.18,5.19,1
32.0,73.125,2023-10-21,1,4.61,4.61,4.61,1
32.0,73.125,2023-10-23,1,3.32,3.32,3.32,1
32.0,73.125,2023-10-24,5,19.27,3.854,6.22,1
32.0,73.125,2023-10-25,13,55.79,4.291538461538462,15.0,1
32.0,73.125,2023-10-26,12,46.45,3.8708333333333336,8.06,1
32.0,73.125,2023-10-27,6,23.62,3.936666666666667,6.71,1
32.0,73.125,2023-10-29,11,83.38,7.579999999999999,12.7,1
32.0,73.125,2023-10-30,6,48.85,8.141666666666667,17.39,1
32.0,73.125,2023-10-31,22,101.89999999999999,4.631818181818182,23.56,1
32.0,73.125,2023-11-01,5,29.52,5.904,9.42,1
32.0,73.125,2023-11-03,30,156.5,5.216666666666667,19.4,1
32.0,73.125,2023-11-04,22,136.10999999999999,6.1868181818181816,10.95,1
32.0,73.125,2023-11-05,20,103.26,5.163,11.73,1
32.0,73.125,2023-11-06,6,19.84,3.3066666666666666,4.31,1
32.0,73.125,2023-11-08,55,355.16,6.457454545454546,30.35,1
32.0,73.125,2023-11-09,73,537.04,7.356712328767123,17.95,1
32.0,73.125,2023-11-11,2,4.9,2.45,2.79,1
32.0,73.125,2023-11-12,13,40.26,3.0969230769230767,5.05,1
32.0,73.125,2023-11-13,7,33.03,4.718571428571429,6.43,1
32.0,73.125,2023-11-14,44,445.79,10.13159090909091,26.52,1
32.0,73.125,2023-11-15,47,280.29,5.963617021276596,35.54,1
32.0,73.125,2023-11-16,78,352.24,4.515897435897436,18.66,1
32.0,73.125,2023-11-17,44,353.94,8.04409090909091,42.08,1
32.0,73.125,2023-11-18,6,24.35,4.058333333333334,5.19,1
32.0,73.125,2023-11-19,39,225.83,5.790512820512821,17.2,1
32.0,73.125,2023-11-20,29,131.86,4.546896551724139,8.43,1
32.0,73.125,2023-11-21,34,117.84,3.4658823529411764,6.38,1
32.0,73.125,2023-11-22,21,127.32000000000001,6.062857142857143,22.89,1
32.0,73.125,2023-11-23,5,62.32,12.464,23.46,1
32.0,73.125,2023-11-24,6,19.86,3.31,7.25,1
32.0,73.125,2023-11-25,3,12.09,4.03,4.66,1
32.0,73.125,2023-11-28,5,18.99,3.7979999999999996,4.67,1
32.0,73.125,2023-12-01,1,4.85,4.85,4.85,1
32.0,73.125,2023-12-02,3,5.84,1.9466666666666665,2.04,1
32.0,73.125,2023-12-03,6,31.61,5.2683333333333335,8.98,1
32.0,73.125,2023-12-04,3,9.9,3.3000000000000003,4.8,1
32.0,73.125,2023-12-05,3,6.71,2.236666666666667,3.71,1
32.0,73.125,2023-12-06,2,3.31,1.655,2.04,1
32.0,73.125,2023-12-07,11,36.13,3.2845454545454547,7.24,1
32.0,73.125,2023-12-08,6,20.67,3.4450000000000003,6.88,1
32.0,73.125,2023-12-09,2,5.42,2.71,3.25,1
32.0,73.125,2023-12-10,4,11.34,2.835,4.77,1
32.0,73.125,2023-12-11,4,11.56,2.89,3.81,1
32.0,73.125,2023-12-12,7,24.64,3.52,6.62,1
32.0,73.125,2023-12-13,3,15.5,5.166666666666667,8.38,1
32.0,73.125,2023-12-15,2,4.87,2.435,2.52,1
32.0,73.125,2023-12-16,2,7.24,3.62,3.69,1
32.0,73.125,2023-12-17,8,33.59,4.19875,8.08,1
32.0,73.125,2023-12-18,1,5.74,5.74,5.74,1
32.0,73.125,2023-12-19,2,12.43,6.215,8.31,1
32.0,73.125,2023-12-20,9,32.85,3.6500000000000004,6.48,1
32.0,73.125,2023-12-21,2,7.1,3.55,4.43,1
32.0,73.125,2023-12-23,5,16.39,3.278,7.34,1
32.0,73.125,2023-12-25,5,16.38,3.276,4.59,1
32.0,73.125,2023-12-26,2,5.58,2.79,3.35,1
32.0,73.125,2023-12-28,1,2.64,2.64,2.64,1
32.0,73.125,2023-12-30,1,2.24,2.24,2.24,1
32.0,73.125,2024-01-14,2,7.1,3.55,3.56,1
32.0,73.125,2024-01-18,1,1.97,1.97,1.97,1
32.0,73.125,2024-01-26,1,3.52,3.52,3.52,1
32.0,73.125,2024-01-27,1,2.57,2.57,2.57,1
32.0,73.125,2024-01-28,1,4.33,4.33,4.33,1
32.0,73.125,2024-01-29,7,42.68,6.097142857142857,10.66,1
32.0,73.125,2024-01-30,2,5.67,2.835,3.02,1
32.0,73.125,2024-02-01,5,23.49,4.6979999999999995,6.67,1
32.0,73.125,2024-02-02,3,13.96,4.653333333333333,6.03,1
32.0,73.125,2024-02-05,4,18.08,4.52,7.13,1
32.0,73.125,2024-02-06,1,8.1,8.1,8.1,1
32.0,73.125,2024-02-07,1,5.21,5.21,5.21,1
32.0,73.125,2024-02-08,1,1.4,1.4,1.4,1
32.0,73.125,2024-02-09,8,19.14,2.3925,3.28,1
32.0,73.125,2024-02-10,3,11.370000000000001,3.7900000000000005,5.01,1
32.0,73.125,2024-02-11,4,13.68,3.42,5.17,1
32.0,73.125,2024-02-13,6,14.29,2.3816666666666664,3.46,1
32.0,73.125,2024-02-14,12,54.46,4.538333333333333,14.5,1
32.0,73.125,2024-02-15,9,34.6,3.8444444444444446,7.65,1
32.0,73.125,2024-02-16,12,54.01,4.5008333333333335,9.54,1
32.0,73.125,2024-02-17,3,9.95,3.3166666666666664,4.0,1
32.0,73.125,2024-02-19,1,6.19,6.19,6.19,1
32.0,73.125,2024-02-20,8,28.88,3.61,7.37,1
32.0,73.125,2024-02-21,5,19.28,3.8560000000000003,6.12,1
32.0,73.125,2024-02-22,5,14.21,2.842,3.35,1
32.0,73.125,2024-02-23,14,82.92999999999999,5.923571428571428,18.13,1
32.0,73.125,2024-02-24,9,38.41,4.267777777777777,6.88,1
32.0,73.125,2024-02-25,10,61.949999999999996,6.194999999999999,24.34,1
32.0,73.125,2024-02-28,5,27.880000000000003,5.5760000000000005,10.83,1
32.0,73.125,2024-03-04,1,2.21,2.21,2.21,1
32.0,73.125,2024-03-06,1,2.49,2.49,2.49,1
32.0,73.125,2024-03-08,1,3.13,3.13,3.13,1
32.0,73.125,2024-03-12,2,5.3100000000000005,2.6550000000000002,2.71,1
32.0,73.125,2024-03-14,2,9.879999999999999,4.9399999999999995,6.12,1
32.0,73.125,2024-03-16,2,6.42,3.21,3.23,1
32.0,73.125,2024-03-18,2,6.93,3.465,4.92,1
32.0,73.125,2024-04-21,4,15.530000000000001,3.8825000000000003,5.54,1
32.0,73.125,2024-04-24,1,1.93,1.93,1.93,1
32.0,73.125,2024-04-25,2,6.550000000000001,3.2750000000000004,4.53,1
32.0,73.125,2024-04-27,2,2.2,1.1,1.15,1
32.0,73.125,2024-04-29,1,1.63,1.63,1.63,1
32.0,73.125,2024-05-01,1,4.03,4.03,4.03,1
32.0,73.125,2024-05-02,5,14.05,2.81,3.4,1
32.0,73.125,2024-05-04,10,28.59,2.859,3.34,1
32.0,73.125,2024-05-06,7,36.37,5.195714285714286,7.3,1
32.0,73.125,2024-05-07,42,218.66,5.206190476190476,15.54,1
32.0,73.125,2024-05-08,36,299.42,8.317222222222222,27.36,1
32.0,73.125,2024-05-09,19,130.23,6.854210526315789,19.11,1
32.0,73.125,2024-05-10,3,8.23,2.7433333333333336,3.54,1
32.0,73.125,2024-05-11,5,17.37,3.474,5.51,1
32.0,73.125,2024-05-12,1,3.32,3.32,3.32,1
32.0,73.125,2024-05-13,52,207.79,3.9959615384615383,7.06,1
32.0,73.125,2024-05-14,63,327.64,5.20063492063492,10.14,1
32.0,73.125,2024-05-15,62,351.48,5.669032258064516,14.99,1
32.0,73.125,2024-05-16,31,180.69,5.828709677419355,10.98,1
32.0,73.125,2024-05-17,55,432.17,7.857636363636364,32.71,1
32.0,73.125,2024-05-18,98,522.16,5.328163265306122,13.25,1
32.0,73.125,2024-05-19,16,184.20000000000002,11.512500000000001,36.86,1
32.0,73.125,2024-05-20,26,294.28999999999996,11.318846153846152,19.24,1
32.0,73.125,2024-05-21,15,231.61,15.440666666666667,28.61,1
32.0,73.125,2024-05-22,13,178.53,13.733076923076924,48.55,1
32.0,73.125,2024-05-23,22,155.76999999999998,7.080454545454544,15.04,1
32.0,73.125,2024-05-24,7,57.79,8.255714285714285,13.31,1
32.0,73.125,2024-05-25,5,54.28,10.856,32.02,1
32.0,73.125,2024-05-26,5,41.81,8.362,14.95,1
32.0,73.125,2024-05-27,4,48.85,12.2125,18.94,1
32.0,73.125,2024-05-28,2,16.490000000000002,8.245000000000001,10.74,1
32.0,73.125,2024-05-29,7,32.83,4.6899999999999995,5.91,1
32.0,73.125,2024-06-04,2,7.57,3.785,4.55,1
32.0,73.125,2024-06-07,1,3.59,3.59,3.59,1
32.0,73.125,2024-06-12,2,28.54,14.27,15.02,1
32.0,73.125,2024-06-13,1,2.24,2.24,2.24,1
32.0,73.125,2024-06-18,1,5.91,5.91,5.91,1
32.0,73.125,2024-06-20,1,2.44,2.44,2.44,1
32.0,73.125,2024-06-23,1,2.01,2.01,2.01,1
32.0,73.125,2024-06-29,1,5.77,5.77,5.77,1
32.0,73.125,2024-07-01,2,5.35,2.675,3.64,1
32.0,73.125,2024-07-04,1,63.18,63.18,63.18,1
32.0,73.125,2024-08-03,1,9.82,9.82,9.82,1
32.0,73.125,2024-09-16,2,11.49,5.745,6.54,1
32.0,73.125,2024-09-20,2,12.14,6.07,10.38,1
32.0,73.125,2024-09-23,1,3.98,3.98,3.98,1
32.0,73.125,2024-09-24,6,42.49,7.081666666666667,9.5,1
32.0,73.125,2024-09-25,3,15.870000000000001,5.29,7.02,1
32.0,73.125,2024-10-01,1,4.18,4.18,4.18,1
32.0,73.125,2024-10-06,1,4.01,4.01,4.01,1
32.0,73.125,2024-10-07,2,5.98,2.99,2.99,1
32.0,73.125,2024-10-09,2,6.99,3.495,3.7,1
32.0,73.125,2024-10-10,3,15.55,5.183333333333334,6.03,1
32.0,73.125,2024-10-11,5,22.759999999999998,4.552,11.45,1
32.0,73.125,2024-10-12,8,21.32,2.665,4.73,1
32.0,73.125,2024-10-13,9,34.64,3.848888888888889,6.86,1
32.0,73.125,2024-10-14,1,2.11,2.11,2.11,1
32.0,73.125,2024-10-16,5,18.07,3.614,6.41,1
32.0,73.125,2024-10-17,7,18.93,2.704285714285714,4.27,1
32.0,73.125,2024-10-18,14,83.12,5.937142857142858,11.72,1
32.0,73.125,2024-10-19,1,7.59,7.59,7.59,1
32.0,73.125,2024-10-20,2,7.02,3.51,3.63,1
32.0,73.125,2024-10-21,7,20.6,2.942857142857143,3.84,1
32.0,73.125,2024-10-22,5,37.46,7.492,13.76,1
32.0,73.125,2024-10-23,3,10.399999999999999,3.4666666666666663,4.39,1
32.0,73.125,2024-10-24,3,11.67,3.89,4.43,1
32.0,73.125,2024-10-25,6,27.69,4.615,5.76,1
32.0,73.125,2024-10-26,4,26.009999999999998,6.5024999999999995,9.18,1
32.0,73.125,2024-10-27,9,56.510000000000005,6.27888888888889,15.22,1
32.0,73.125,2024-10-28,8,48.730000000000004,6.0912500000000005,14.66,1
32.0,73.125,2024-10-29,7,42.48,6.0685714285714285,14.92,1
32.0,73.125,2024-10-30,13,86.82,6.678461538461538,24.13,1
32.0,73.125,2024-10-31,30,255.32,8.510666666666667,67.06,1
32.0,73.125,2024-11-01,37,352.23,9.51972972972973,57.29,1
32.0,73.125,2024-11-02,45,300.01,6.666888888888889,19.61,1
32.0,73.125,2024-11-07,41,168.23,4.1031707317073165,13.82,1
32.0,73.125,2024-11-08,33,129.48,3.9236363636363634,9.86,1
32.0,73.125,2024-11-09,4,31.28,7.82,9.58,1
32.0,73.125,2024-11-12,43,206.8,4.809302325581395,17.24,1
32.0,73.125,2024-11-13,16,56.71,3.544375,10.56,1
32.0,73.125,2024-11-15,2,10.469999999999999,5.234999999999999,6.05,1
32.0,73.125,2024-11-17,170,1043.95,6.140882352941177,66.4,1
32.0,73.125,2024-11-18,31,113.74,3.669032258064516,8.32,1
32.0,73.125,2024-11-19,12,46.31,3.859166666666667,5.11,1
32.0,73.125,2024-11-20,8,27.45,3.43125,7.33,1
32.0,73.125,2024-11-21,5,12.82,2.564,4.26,1
32.0,73.125,2024-11-22,6,36.24,6.04,11.49,1
32.0,73.125,2024-11-23,2,5.539999999999999,2.7699999999999996,3.53,1
32.0,73.125,2024-11-24,2,11.96,5.98,7.49,1
32.0,73.125,2024-11-25,3,15.600000000000001,5.2,6.4,1
32.0,73.125,2024-11-26,1,5.16,5.16,5.16,1
32.0,73.125,2024-11-27,2,9.29,4.645,6.47,1
32.0,73.125,2024-11-28,2,6.109999999999999,3.0549999999999997,3.63,1
32.0,73.125,2024-11-29,2,4.38,2.19,2.72,1
32.0,73.125,2024-11-30,2,7.24,3.62,3.65,1
32.0,73.125,2024-12-01,2,10.25,5.125,5.9,1
32.0,73.125,2024-12-04,2,5.08,2.54,2.61,1
32.0,73.125,2024-12-05,9,85.4,9.488888888888889,16.76,1
32.0,73.125,2024-12-06,3,22.740000000000002,7.580000000000001,11.48,1
32.0,73.125,2024-12-07,3,9.23,3.0766666666666667,3.71,1
32.0,73.125,2024-12-08,4,20.49,5.1225,7.93,1
32.0,73.125,2024-12-09,5,35.58,7.116,11.78,1
32.0,73.125,2024-12-10,4,11.77,2.9425,4.21,1
32.0,73.125,2024-12-12,2,6.64,3.32,5.17,1
32.0,73.125,2024-12-13,2,8.530000000000001,4.265000000000001,5.2,1
32.0,73.125,2024-12-14,6,30.369999999999997,5.0616666666666665,7.05,1
32.0,73.125,2024-12-16,2,5.88,2.94,3.48,1
32.0,73.125,2024-12-17,7,19.44,2.777142857142857,4.63,1
32.0,73.125,2024-12-19,2,16.4,8.2,8.2,1
32.0,73.125,2024-12-20,9,31.779999999999998,3.5311111111111106,9.79,1
32.0,73.125,2024-12-24,4,9.200000000000001,2.3000000000000003,3.2,1
32.0,73.125,2024-12-25,6,20.19,3.365,7.9,1
32.0,73.125,2024-12-26,2,4.65,2.325,3.38,1
32.0,73.125,2024-12-27,1,3.4,3.4,3.4,1
32.0,73.125,2024-12-29,6,53.55,8.924999999999999,17.99,1
32.0,73.125,2024-12-30,5,15.030000000000001,3.0060000000000002,3.93,1
32.0,73.125,2025-01-03,5,19.369999999999997,3.8739999999999997,6.22,1
32.0,73.125,2025-01-05,1,2.09,2.09,2.09,1
32.0,73.125,2025-01-06,1,7.04,7.04,7.04,1
32.0,73.125,2025-01-07,1,8.55,8.55,8.55,1
32.0,73.125,2025-01-08,1,5.25,5.25,5.25,1
32.0,73.125,2025-01-09,6,27.5,4.583333333333333,10.59,1
32.0,73.125,2025-01-10,1,2.23,2.23,2.23,1
32.0,73.125,2025-01-12,5,50.1,10.02,15.68,1
32.0,73.125,2025-01-13,8,55.32,6.915,11.24,1
32.0,73.125,2025-01-15,4,19.28,4.82,7.35,1
32.0,73.125,2025-01-16,7,24.22,3.46,5.4,1
32.0,73.125,2025-01-17,3,11.790000000000001,3.93,5.15,1
32.0,73.125,2025-01-18,1,1.51,1.51,1.51,1
32.0,73.125,2025-01-21,1,3.98,3.98,3.98,1
32.0,73.125,2025-01-22,1,2.08,2.08,2.08,1
32.0,73.125,2025-01-23,6,47.739999999999995,7.956666666666666,11.84,1
32.0,73.125,2025-01-24,2,3.27,1.635,1.72,1
32.0,73.125,2025-01-25,3,19.49,6.496666666666666,10.11,1
32.0,73.125,2025-01-26,2,5.09,2.545,2.75,1
32.0,73.125,2025-01-27,6,39.54,6.59,8.97,1
32.0,73.125,2025-01-28,1,3.73,3.73,3.73,1
32.0,73.125,2025-01-30,2,15.99,7.995,12.88,1
32.0,73.125,2025-01-31,2,8.84,4.42,5.92,1
32.0,73.125,2025-02-01,5,21.5,4.3,10.67,1
32.0,73.125,2025-02-02,6,17.68,2.9466666666666668,3.6,1
32.0,73.125,2025-02-03,6,21.529999999999998,3.588333333333333,8.7,1
32.0,73.125,2025-02-04,2,26.099999999999998,13.049999999999999,23.22,1
32.0,73.125,2025-02-05,2,7.5,3.75,3.8,1
32.0,73.125,2025-02-06,7,23.83,3.404285714285714,4.65,1
32.0,73.125,2025-02-07,6,26.28,4.38,6.08,1
32.0,73.125,2025-02-09,13,59.879999999999995,4.606153846153846,15.51,1
32.0,73.125,2025-02-10,5,27.46,5.492,8.25,1
32.0,73.125,2025-02-11,10,56.22,5.622,13.97,1
32.0,73.125,2025-02-12,1,3.81,3.81,3.81,1
32.0,73.125,2025-02-13,2,4.23,2.115,2.17,1
32.0,73.125,2025-02-14,9,32.7,3.6333333333333337,7.72,1
32.0,73.125,2025-02-15,1,9.17,9.17,9.17,1
32.0,73.125,2025-02-17,8,56.26,7.0325,31.87,1
32.0,73.125,2025-02-18,9,60.089999999999996,6.676666666666666,12.67,1
32.0,73.125,2025-02-21,1,2.72,2.72,2.72,1
32.0,73.125,2025-02-22,3,30.86,10.286666666666667,19.36,1
32.0,73.125,2025-02-23,7,23.060000000000002,3.2942857142857145,4.48,1
32.0,73.125,2025-02-24,4,30.119999999999997,7.529999999999999,11.85,1
32.0,73.125,2025-03-01,3,10.11,3.3699999999999997,4.41,1
32.0,73.125,2025-03-02,13,44.21,3.4007692307692308,6.12,1
32.0,73.125,2025-03-05,1,2.47,2.47,2.47,1
32.0,73.125,2025-03-06,9,32.54,3.6155555555555554,8.34,1
32.0,73.125,2025-03-07,7,48.44,6.92,10.61,1
32.0,73.125,2025-03-08,1,3.32,3.32,3.32,1
32.0,73.125,2025-03-10,1,2.56,2.56,2.56,1
32.0,73.125,2025-03-13,1,3.59,3.59,3.59,1
32.0,73.125,2025-03-18,2,6.34,3.17,3.17,1
32.0,73.125,2025-03-19,1,5.19,5.19,5.19,1
32.0,73.125,2025-03-20,2,13.49,6.745,6.98,1
32.0,73.125,2025-03-23,1,4.25,4.25,4.25,1
32.0,73.125,2025-03-29,4,34.13,8.5325,8.99,1
32.0,73.125,2025-03-31,1,3.16,3.16,3.16,1
32.0,73.125,2025-04-01,1,8.85,8.85,8.85,1
32.0,73.125,2025-04-15,1,1.94,1.94,1.94,1
32.0,73.125,2025-04-16,2,5.68,2.84,2.91,1
32.0,73.125,2025-04-19,5,56.97,11.394,12.93,1
32.0,73.125,2025-04-22,2,7.26,3.63,3.79,1
32.0,73.125,2025-04-25,6,41.730000000000004,6.955000000000001,11.37,1
32.0,73.125,2025-04-26,1,2.01,2.01,2.01,1
32.0,73.125,2025-04-28,3,13.23,4.41,7.11,1
32.0,73.125,2025-04-29,1,5.48,5.48,5.48,1
32.0,73.125,2025-04-30,16,88.85,5.553125,9.43,1
32.0,73.125,2025-05-01,6,25.36,4.226666666666667,5.67,1
32.0,73.125,2025-05-02,1,3.98,3.98,3.98,1
32.0,73.125,2025-05-03,5,20.42,4.0840000000000005,12.06,1
32.0,73.125,2025-05-05,7,39.07,5.581428571428572,8.61,1
32.0,73.125,2025-05-06,5,24.560000000000002,4.912000000000001,7.03,1
32.0,73.125,2025-05-07,43,227.28,5.285581395348837,14.4,1
32.0,73.125,2025-05-10,93,302.03,3.24763440860215,9.36,1
32.0,73.125,2025-05-11,30,167.53,5.584333333333333,12.42,1
32.0,73.125,2025-05-12,50,321.77,6.4354,19.66,1
32.0,73.125,2025-05-13,71,539.98,7.605352112676057,50.3,1
32.0,73.125,2025-05-14,60,471.88,7.8646666666666665,19.51,1
32.0,73.125,2025-05-15,58,465.93,8.033275862068965,18.45,1
32.0,73.125,2025-05-16,61,293.26,4.8075409836065575,12.76,1
32.0,73.125,2025-05-17,31,207.05,6.679032258064517,11.81,1
32.0,73.125,2025-05-18,17,165.65,9.744117647058824,14.98,1
32.0,73.125,2025-05-19,6,49.150000000000006,8.191666666666668,10.82,1
32.0,73.125,2025-05-20,7,51.900000000000006,7.4142857142857155,16.39,1
32.0,73.125,2025-05-21,11,48.52,4.410909090909091,7.91,1
32.0,73.125,2025-05-22,16,105.84,6.615,17.25,1
32.0,73.125,2025-05-23,7,43.76,6.251428571428571,13.5,1
32.0,73.125,2025-05-24,2,11.850000000000001,5.925000000000001,8.73,1
32.0,73.125,2025-05-25,3,9.51,3.17,4.32,1
32.0,73.125,2025-05-26,7,22.55,3.2214285714285715,5.12,1
32.0,73.125,2025-05-27,2,14.23,7.115,8.36,1
32.0,73.125,2025-05-28,3,36.62,12.206666666666665,16.54,1
32.0,73.125,2025-05-29,1,7.06,7.06,7.06,1
32.0,73.125,2025-05-30,4,14.23,3.5575,5.44,1
32.0,73.125,2025-05-31,4,20.41,5.1025,6.61,1
32.0,73.125,2025-06-01,6,61.63,10.271666666666667,13.81,1
32.0,73.125,2025-06-03,2,7.390000000000001,3.6950000000000003,4.37,1
32.0,73.125,2025-06-11,2,25.53,12.765,16.05,1
32.0,73.125,2025-06-13,1,5.35,5.35,5.35,1
32.0,73.125,2025-06-14,1,4.13,4.13,4.13,1
32.0,73.125,2025-06-15,1,2.59,2.59,2.59,1
32.0,73.125,2025-06-17,3,21.41,7.136666666666667,11.09,1
32.0,73.125,2025-06-18,3,8.719999999999999,2.9066666666666663,4.31,1
32.0,73.125,2025-06-19,3,13.86,4.62,6.17,1
32.0,73.125,2025-06-23,1,5.75,5.75,5.75,1
32.0,73.125,2025-06-24,3,14.0,4.666666666666667,7.95,1
32.0,73.125,2025-07-04,1,2.29,2.29,2.29,1
32.0,73.125,2025-09-28,1,2.75,2.75,2.75,1
32.0,73.125,2025-09-29,1,1.69,1.69,1.69,1
32.0,73.125,2025-10-03,3,15.85,5.283333333333333,7.92,1
32.0,73.125,2025-10-04,3,10.2,3.4,4.04,1
32.0,73.125,2025-10-10,1,6.61,6.61,6.61,1
32.0,73.125,2025-10-11,1,2.4,2.4,2.4,1
32.0,73.125,2025-10-12,4,24.1,6.025,8.99,1
32.0,73.125,2025-10-13,4,33.54,8.385,15.34,1
32.0,73.125,2025-10-14,6,26.64,4.44,7.08,1
32.0,73.125,2025-10-15,4,14.530000000000001,3.6325000000000003,5.44,1
32.0,73.125,2025-10-16,4,24.6,6.15,10.59,1
32.0,73.125,2025-10-17,1,5.25,5.25,5.25,1
32.0,73.125,2025-10-19,6,26.07,4.345,5.64,1
32.0,73.125,2025-10-20,6,21.06,3.51,4.56,1
32.0,73.125,2025-10-21,6,29.799999999999997,4.966666666666666,8.18,1
32.0,73.125,2025-10-22,12,85.14999999999999,7.095833333333332,12.58,1
32.0,73.125,2025-10-23,16,112.99,7.061875,22.9,1
32.0,73.125,2025-10-24,21,142.21,6.7719047619047625,19.81,1
32.0,73.125,2025-10-25,21,127.86,6.088571428571429,20.9,1
32.0,73.125,2025-10-26,23,118.17,5.1378260869565215,9.01,1
32.0,73.125,2025-10-27,8,40.730000000000004,5.0912500000000005,9.49,1
32.0,73.125,2025-10-28,12,62.32,5.193333333333333,9.12,1
32.0,73.125,2025-10-29,19,163.82,8.622105263157895,24.27,1
32.0,73.125,2025-10-30,39,224.44,5.754871794871795,14.1,1
32.0,73.125,2025-10-31,57,579.78,10.17157894736842,91.29,1
32.0,73.125,2025-11-01,43,363.37,8.45046511627907,40.06,1
32.0,73.125,2025-11-02,58,409.72,7.064137931034483,20.05,1
32.0,73.125,2025-11-03,27,247.72,9.174814814814814,29.06,1
32.0,73.125,2025-11-04,64,578.25,9.03515625,31.92,1
32.0,73.125,2025-11-05,131,690.22,5.268854961832061,32.07,1
32.0,73.125,2025-11-06,26,201.7,7.757692307692308,29.03,1
32.0,73.125,2025-11-07,25,204.44,8.1776,35.44,1
32.0,73.125,2025-11-08,26,96.14,3.6976923076923076,9.4,1
32.0,73.125,2025-11-09,48,187.98,3.91625,12.88,1
32.0,73.125,2025-11-10,21,87.19,4.1519047619047615,17.87,1
32.0,73.125,2025-11-11,22,109.86,4.993636363636363,16.8,1
32.0,73.125,2025-11-13,5,13.870000000000001,2.774,3.6,1
32.0,73.125,2025-11-14,6,47.85,7.9750000000000005,24.65,1
32.0,73.125,2025-11-15,3,17.68,5.8933333333333335,6.17,1
32.0,73.125,2025-11-16,5,13.45,2.69,4.62,1
32.0,73.125,2025-11-17,5,18.44,3.688,6.66,1
32.0,73.125,2025-11-20,2,9.62,4.81,4.81,1
32.0,73.125,2025-11-23,1,1.25,1.25,1.25,1
32.0,73.125,2025-11-24,1,3.94,3.94,3.94,1
32.0,73.125,2025-11-26,2,9.7,4.85,7.37,1
32.0,73.125,2025-11-27,1,1.83,1.83,1.83,1
32.0,73.125,2025-11-29,2,4.22,2.11,2.79,1
32.0,73.125,2025-12-02,1,2.91,2.91,2.91,1
32.0,73.125,2025-12-04,1,4.15,4.15,4.15,1
32.0,73.125,2025-12-05,1,6.24,6.24,6.24,1
32.0,73.125,2025-12-06,1,2.53,2.53,2.53,1
32.0,73.125,2025-12-09,1,1.81,1.81,1.81,1
32.0,73.125,2025-12-10,1,1.73,1.73,1.73,1
32.0,73.125,2025-12-11,4,9.42,2.355,3.01,1
32.0,73.125,2025-12-16,1,3.22,3.22,3.22,1
32.0,73.125,2025-12-19,1,7.23,7.23,7.23,1
32.0,73.125,2025-12-22,2,11.65,5.825,6.08,1
32.0,73.125,2025-12-23,3,7.78,2.5933333333333333,4.03,1
32.0,73.125,2025-12-24,2,3.67,1.835,2.2,1
32.0,73.125,2025-12-25,1,3.46,3.46,3.46,1
32.0,73.125,2025-12-27,1,2.7,2.7,2.7,1
32.0,73.75,2023-01-14,1,5.99,5.99,5.99,1
32.0,73.75,2023-01-16,2,6.84,3.42,3.42,1
32.0,73.75,2023-01-20,1,2.46,2.46,2.46,1
32.0,73.75,2023-01-21,3,23.57,7.8566666666666665,11.01,1
32.0,73.75,2023-01-23,1,3.64,3.64,3.64,1
32.0,73.75,2023-01-26,2,7.4399999999999995,3.7199999999999998,4.02,1
32.0,73.75,2023-01-27,2,19.23,9.615,14.12,1
32.0,73.75,2023-02-04,1,5.36,5.36,5.36,1
32.0,73.75,2023-02-06,1,1.78,1.78,1.78,1
32.0,73.75,2023-02-11,1,6.19,6.19,6.19,1
32.0,73.75,2023-02-13,1,2.57,2.57,2.57,1
32.0,73.75,2023-02-15,1,1.13,1.13,1.13,1
32.0,73.75,2023-02-21,1,5.81,5.81,5.81,1
32.0,73.75,2023-02-24,1,2.81,2.81,2.81,1
32.0,73.75,2023-02-25,2,9.26,4.63,7.3,1
32.0,73.75,2023-02-27,1,4.3,4.3,4.3,1
32.0,73.75,2023-03-03,1,2.18,2.18,2.18,1
32.0,73.75,2023-03-05,1,2.54,2.54,2.54,1
32.0,73.75,2023-03-07,2,20.47,10.235,13.23,1
32.0,73.75,2023-03-08,1,2.78,2.78,2.78,1
32.0,73.75,2023-03-10,2,6.3,3.15,3.27,1
32.0,73.75,2023-03-16,2,6.87,3.435,3.69,1
32.0,73.75,2023-04-01,1,2.98,2.98,2.98,1
32.0,73.75,2023-04-12,1,5.15,5.15,5.15,1
32.0,73.75,2023-04-13,1,4.49,4.49,4.49,1
32.0,73.75,2023-04-15,4,19.9,4.975,6.65,1
32.0,73.75,2023-04-21,1,2.96,2.96,2.96,1
32.0,73.75,2023-04-22,2,3.06,1.53,1.6,1
32.0,73.75,2023-04-23,3,76.0,25.333333333333332,50.91,1
32.0,73.75,2023-04-24,2,11.14,5.57,7.53,1
32.0,73.75,2023-04-25,2,9.850000000000001,4.925000000000001,4.95,1
32.0,73.75,2023-04-26,4,11.13,2.7825,3.91,1
32.0,73.75,2023-04-27,9,37.230000000000004,4.136666666666667,6.04,1
32.0,73.75,2023-04-28,2,5.0600000000000005,2.5300000000000002,2.91,1
32.0,73.75,2023-04-29,3,9.39,3.1300000000000003,5.9,1
32.0,73.75,2023-04-30,19,92.45,4.86578947368421,8.14,1
32.0,73.75,2023-05-01,1,3.42,3.42,3.42,1
32.0,73.75,2023-05-03,9,57.75,6.416666666666667,21.66,1
32.0,73.75,2023-05-04,89,428.18,4.811011235955056,25.87,1
32.0,73.75,2023-05-06,42,138.22,3.290952380952381,8.54,1
32.0,73.75,2023-05-07,1,6.29,6.29,6.29,1
32.0,73.75,2023-05-09,53,224.44,4.234716981132076,16.75,1
32.0,73.75,2023-05-10,57,316.19,5.54719298245614,12.07,1
32.0,73.75,2023-05-11,19,94.49,4.9731578947368416,13.68,1
32.0,73.75,2023-05-12,90,513.19,5.702111111111112,12.18,1
32.0,73.75,2023-05-13,175,1064.77,6.0844,29.68,1
32.0,73.75,2023-05-14,15,85.99000000000001,5.732666666666668,11.13,1
32.0,73.75,2023-05-15,94,499.18,5.310425531914894,17.97,1
32.0,73.75,2023-05-16,112,457.0,4.080357142857143,11.23,1
32.0,73.75,2023-05-17,71,517.15,7.283802816901408,28.56,1
32.0,73.75,2023-05-18,74,370.69,5.009324324324324,12.1,1
32.0,73.75,2023-05-19,29,255.67000000000002,8.816206896551725,34.35,1
32.0,73.75,2023-05-20,50,509.71,10.1942,42.25,1
32.0,73.75,2023-05-21,55,238.5,4.336363636363636,9.33,1
32.0,73.75,2023-05-22,2,10.76,5.38,7.36,1
32.0,73.75,2023-05-23,11,62.0,5.636363636363637,8.5,1
32.0,73.75,2023-05-24,4,19.55,4.8875,6.45,1
32.0,73.75,2023-05-25,13,47.93,3.686923076923077,5.68,1
32.0,73.75,2023-05-27,9,35.22,3.913333333333333,8.49,1
32.0,73.75,2023-05-28,4,19.08,4.77,7.45,1
32.0,73.75,2023-05-29,1,6.58,6.58,6.58,1
32.0,73.75,2023-06-02,1,2.76,2.76,2.76,1
32.0,73.75,2023-06-03,3,14.290000000000001,4.763333333333334,5.44,1
32.0,73.75,2023-06-05,4,11.66,2.915,2.99,1
32.0,73.75,2023-06-08,1,1.04,1.04,1.04,1
32.0,73.75,2023-07-04,1,4.8,4.8,4.8,1
32.0,73.75,2023-07-18,1,4.19,4.19,4.19,1
32.0,73.75,2023-08-13,1,3.05,3.05,3.05,1
32.0,73.75,2023-08-17,1,2.79,2.79,2.79,1
32.0,73.75,2023-08-22,1,3.63,3.63,3.63,1
32.0,73.75,2023-09-02,3,8.92,2.973333333333333,4.92,1
32.0,73.75,2023-09-07,2,8.280000000000001,4.140000000000001,6.61,1
32.0,73.75,2023-09-08,2,10.16,5.08,7.11,1
32.0,73.75,2023-09-09,1,1.82,1.82,1.82,1
32.0,73.75,2023-09-12,2,12.06,6.03,6.87,1
32.0,73.75,2023-09-13,1,2.46,2.46,2.46,1
32.0,73.75,2023-09-14,4,23.72,5.93,6.96,1
32.0,73.75,2023-09-27,3,13.459999999999999,4.486666666666666,5.27,1
32.0,73.75,2023-09-28,1,4.43,4.43,4.43,1
32.0,73.75,2023-09-29,5,21.22,4.244,6.71,1
32.0,73.75,2023-09-30,5,34.79,6.958,18.85,1
32.0,73.75,2023-10-01,11,67.12,6.1018181818181825,10.49,1
32.0,73.75,2023-10-02,3,18.93,6.31,8.55,1
32.0,73.75,2023-10-03,30,117.89,3.929666666666667,8.83,1
32.0,73.75,2023-10-04,49,205.56,4.195102040816327,9.48,1
32.0,73.75,2023-10-05,43,224.17000000000002,5.213255813953489,18.89,1
32.0,73.75,2023-10-06,39,163.26,4.186153846153846,7.93,1
32.0,73.75,2023-10-07,11,57.89,5.262727272727273,8.75,1
32.0,73.75,2023-10-08,30,161.36,5.378666666666667,13.16,1
32.0,73.75,2023-10-09,42,238.07,5.668333333333333,33.16,1
32.0,73.75,2023-10-10,2,6.24,3.12,3.36,1
32.0,73.75,2023-10-11,12,66.51,5.5425,13.02,1
32.0,73.75,2023-10-12,3,7.58,2.526666666666667,2.96,1
32.0,73.75,2023-10-13,17,100.93,5.937058823529412,15.06,1
32.0,73.75,2023-10-14,12,70.19,5.849166666666666,12.35,1
32.0,73.75,2023-10-19,2,7.46,3.73,3.73,1
32.0,73.75,2023-10-20,2,2.52,1.26,1.41,1
32.0,73.75,2023-10-21,10,39.19,3.9189999999999996,6.42,1
32.0,73.75,2023-10-22,12,36.47,3.0391666666666666,5.28,1
32.0,73.75,2023-10-23,13,56.04,4.310769230769231,9.69,1
32.0,73.75,2023-10-24,16,63.77,3.985625,6.94,1
32.0,73.75,2023-10-25,34,161.01,4.735588235294117,17.83,1
32.0,73.75,2023-10-26,54,217.41,4.026111111111111,27.57,1
32.0,73.75,2023-10-27,47,219.93,4.67936170212766,14.74,1
32.0,73.75,2023-10-29,28,135.77,4.848928571428572,17.6,1
32.0,73.75,2023-10-30,27,128.73,4.767777777777777,8.72,1
32.0,73.75,2023-10-31,49,240.78,4.913877551020408,15.62,1
32.0,73.75,2023-11-01,21,115.2,5.485714285714286,8.94,1
32.0,73.75,2023-11-03,71,362.87,5.110845070422536,15.57,1
32.0,73.75,2023-11-04,47,238.73,5.07936170212766,16.65,1
32.0,73.75,2023-11-05,103,579.77,5.6288349514563105,33.42,1
32.0,73.75,2023-11-06,24,102.78,4.2825,10.33,1
32.0,73.75,2023-11-07,1,3.64,3.64,3.64,1
32.0,73.75,2023-11-08,36,184.95,5.137499999999999,11.22,1
32.0,73.75,2023-11-09,58,414.49,7.146379310344828,20.16,1
32.0,73.75,2023-11-11,1,3.2,3.2,3.2,1
32.0,73.75,2023-11-12,11,29.939999999999998,2.7218181818181817,4.99,1
32.0,73.75,2023-11-13,7,56.78,8.111428571428572,20.08,1
32.0,73.75,2023-11-14,38,223.09,5.87078947368421,17.57,1
32.0,73.75,2023-11-15,50,341.1,6.822,34.35,1
32.0,73.75,2023-11-16,55,248.26999999999998,4.513999999999999,24.54,1
32.0,73.75,2023-11-17,26,182.79,7.030384615384615,26.84,1
32.0,73.75,2023-11-18,2,14.120000000000001,7.0600000000000005,7.96,1
32.0,73.75,2023-11-19,27,162.16,6.005925925925926,14.87,1
32.0,73.75,2023-11-20,14,49.04,3.5028571428571427,6.76,1
32.0,73.75,2023-11-21,14,80.65,5.760714285714286,13.48,1
32.0,73.75,2023-11-22,12,41.34,3.4450000000000003,7.16,1
32.0,73.75,2023-11-23,3,11.15,3.716666666666667,4.75,1
32.0,73.75,2023-11-24,7,25.520000000000003,3.6457142857142864,4.32,1
32.0,73.75,2023-11-28,6,32.05,5.341666666666666,10.11,1
32.0,73.75,2023-11-30,1,1.39,1.39,1.39,1
32.0,73.75,2023-12-02,2,4.13,2.065,2.1,1
32.0,73.75,2023-12-03,1,5.27,5.27,5.27,1
32.0,73.75,2023-12-10,3,15.55,5.183333333333334,8.23,1
32.0,73.75,2023-12-14,1,3.92,3.92,3.92,1
32.0,73.75,2023-12-22,2,6.359999999999999,3.1799999999999997,3.57,1
32.0,73.75,2024-01-11,1,3.25,3.25,3.25,1
32.0,73.75,2024-01-17,3,11.799999999999999,3.933333333333333,5.51,1
32.0,73.75,2024-01-23,2,9.61,4.805,5.26,1
32.0,73.75,2024-02-08,1,6.45,6.45,6.45,1
32.0,73.75,2024-02-10,1,3.25,3.25,3.25,1
32.0,73.75,2024-02-24,4,47.28,11.82,11.82,1
32.0,73.75,2024-03-12,3,35.91,11.969999999999999,27.29,1
32.0,73.75,2024-03-18,2,7.37,3.685,5.55,1
32.0,73.75,2024-03-25,2,2.2199999999999998,1.1099999999999999,1.14,1
32.0,73.75,2024-04-09,1,2.53,2.53,2.53,1
32.0,73.75,2024-04-28,1,3.84,3.84,3.84,1
32.0,73.75,2024-04-29,5,38.16,7.632,24.9,1
32.0,73.75,2024-05-01,2,9.49,4.745,5.58,1
32.0,73.75,2024-05-02,6,18.79,3.1316666666666664,5.93,1
32.0,73.75,2024-05-04,33,138.75,4.204545454545454,16.76,1
32.0,73.75,2024-05-05,12,81.24000000000001,6.7700000000000005,32.32,1
32.0,73.75,2024-05-06,58,405.21,6.9863793103448275,20.14,1
32.0,73.75,2024-05-07,159,1005.85,6.326100628930818,64.77,1
32.0,73.75,2024-05-08,167,1189.39,7.122095808383234,19.09,1
32.0,73.75,2024-05-09,70,343.9,4.912857142857143,16.8,1
32.0,73.75,2024-05-10,16,58.62,3.66375,10.97,1
32.0,73.75,2024-05-11,25,111.35,4.454,10.63,1
32.0,73.75,2024-05-12,6,53.85,8.975,16.99,1
32.0,73.75,2024-05-13,301,1306.58,4.34079734219269,18.54,1
32.0,73.75,2024-05-14,195,1433.57,7.351641025641025,20.93,1
32.0,73.75,2024-05-15,195,1263.39,6.478923076923078,17.02,1
32.0,73.75,2024-05-16,137,848.86,6.196058394160584,19.03,1
32.0,73.75,2024-05-17,208,1684.54,8.098749999999999,49.61,1
32.0,73.75,2024-05-18,250,1409.16,5.636640000000001,21.11,1
32.0,73.75,2024-05-19,104,1119.49,10.764326923076924,35.42,1
32.0,73.75,2024-05-20,47,630.23,13.409148936170213,59.95,1
32.0,73.75,2024-05-21,22,213.28,9.694545454545455,17.98,1
32.0,73.75,2024-05-22,20,196.32,9.815999999999999,16.43,1
32.0,73.75,2024-05-23,36,174.85,4.856944444444444,22.83,1
32.0,73.75,2024-05-24,7,25.169999999999998,3.5957142857142856,5.64,1
32.0,73.75,2024-05-25,8,64.63,8.07875,14.09,1
32.0,73.75,2024-05-26,3,32.480000000000004,10.826666666666668,23.09,1
32.0,73.75,2024-05-28,1,9.35,9.35,9.35,1
32.0,73.75,2024-05-29,4,29.48,7.37,10.75,1
32.0,73.75,2024-06-05,1,8.05,8.05,8.05,1
32.0,73.75,2024-06-09,1,1.88,1.88,1.88,1
32.0,73.75,2024-06-12,2,60.54,30.27,31.32,1
32.0,73.75,2024-06-16,3,27.580000000000002,9.193333333333333,22.82,1
32.0,73.75,2024-06-20,1,3.09,3.09,3.09,1
32.0,73.75,2024-06-26,1,7.15,7.15,7.15,1
32.0,73.75,2024-08-14,1,1.71,1.71,1.71,1
32.0,73.75,2024-09-09,1,3.3,3.3,3.3,1
32.0,73.75,2024-09-10,5,15.59,3.118,4.09,1
32.0,73.75,2024-09-11,2,5.12,2.56,2.67,1
32.0,73.75,2024-09-12,1,3.4,3.4,3.4,1
32.0,73.75,2024-09-13,1,4.72,4.72,4.72,1
32.0,73.75,2024-09-14,1,4.13,4.13,4.13,1
32.0,73.75,2024-09-15,1,2.78,2.78,2.78,1
32.0,73.75,2024-09-16,1,4.05,4.05,4.05,1
32.0,73.75,2024-09-17,1,4.1,4.1,4.1,1
32.0,73.75,2024-09-19,3,7.51,2.5033333333333334,3.02,1
32.0,73.75,2024-09-21,2,9.52,4.76,5.38,1
32.0,73.75,2024-09-22,4,25.53,6.3825,8.99,1
32.0,73.75,2024-09-25,7,59.26,8.465714285714286,31.88,1
32.0,73.75,2024-10-01,3,31.21,10.403333333333334,15.63,1
32.0,73.75,2024-10-02,4,28.72,7.18,9.88,1
32.0,73.75,2024-10-03,2,12.84,6.42,7.62,1
32.0,73.75,2024-10-05,4,14.72,3.68,5.32,1
32.0,73.75,2024-10-06,1,1.4,1.4,1.4,1
32.0,73.75,2024-10-07,1,4.58,4.58,4.58,1
32.0,73.75,2024-10-09,3,12.91,4.303333333333334,4.92,1
32.0,73.75,2024-10-10,3,12.51,4.17,5.59,1
32.0,73.75,2024-10-11,20,149.12,7.456,28.25,1
32.0,73.75,2024-10-12,31,138.68,4.473548387096774,28.94,1
32.0,73.75,2024-10-13,26,96.73,3.7203846153846154,9.67,1
32.0,73.75,2024-10-14,14,46.95,3.3535714285714286,5.12,1
32.0,73.75,2024-10-15,14,63.07,4.505,10.49,1
32.0,73.75,2024-10-16,10,36.43,3.643,6.32,1
32.0,73.75,2024-10-17,54,215.07,3.9827777777777778,12.7,1
32.0,73.75,2024-10-18,18,66.73,3.7072222222222226,7.04,1
32.0,73.75,2024-10-19,6,35.3,5.883333333333333,8.48,1
32.0,73.75,2024-10-20,7,38.769999999999996,5.538571428571428,9.45,1
32.0,73.75,2024-10-21,12,61.1,5.091666666666667,12.01,1
32.0,73.75,2024-10-22,35,130.08,3.716571428571429,16.3,1
32.0,73.75,2024-10-23,31,131.44,4.24,9.42,1
32.0,73.75,2024-10-24,21,118.22,5.62952380952381,15.13,1
32.0,73.75,2024-10-25,23,131.2,5.7043478260869565,13.81,1
32.0,73.75,2024-10-26,26,235.13,9.043461538461539,48.23,1
32.0,73.75,2024-10-27,47,242.51,5.159787234042553,23.91,1
32.0,73.75,2024-10-28,57,303.96999999999997,5.3328070175438596,26.13,1
32.0,73.75,2024-10-29,29,222.29,7.665172413793103,20.73,1
32.0,73.75,2024-10-30,46,239.67000000000002,5.210217391304348,11.07,1
32.0,73.75,2024-10-31,76,606.18,7.976052631578947,30.07,1
32.0,73.75,2024-11-01,119,837.05,7.034033613445378,68.78,1
32.0,73.75,2024-11-02,66,302.71,4.586515151515151,20.32,1
32.0,73.75,2024-11-07,33,121.64999999999999,3.686363636363636,18.47,1
32.0,73.75,2024-11-08,22,108.4,4.927272727272728,11.38,1
32.0,73.75,2024-11-09,5,28.91,5.782,7.66,1
32.0,73.75,2024-11-12,86,451.46999999999997,5.249651162790697,18.41,1
32.0,73.75,2024-11-13,12,47.64,3.97,7.89,1
32.0,73.75,2024-11-15,3,12.33,4.11,6.88,1
32.0,73.75,2024-11-17,87,499.36,5.739770114942529,20.29,1
32.0,73.75,2024-11-18,16,61.79,3.861875,16.4,1
32.0,73.75,2024-11-19,4,43.96,10.99,21.87,1
32.0,73.75,2024-11-20,3,17.830000000000002,5.943333333333334,8.47,1
32.0,73.75,2024-11-21,1,2.51,2.51,2.51,1
32.0,73.75,2024-11-22,1,0.37,0.37,0.37,1
32.0,73.75,2024-11-23,1,5.18,5.18,5.18,1
32.0,73.75,2024-11-24,2,3.5100000000000002,1.7550000000000001,2.41,1
32.0,73.75,2024-12-03,1,4.01,4.01,4.01,1
32.0,73.75,2024-12-04,1,1.23,1.23,1.23,1
32.0,73.75,2024-12-08,1,0.41,0.41,0.41,1
32.0,73.75,2024-12-11,1,2.7,2.7,2.7,1
32.0,73.75,2024-12-12,1,4.48,4.48,4.48,1
32.0,73.75,2024-12-22,1,3.97,3.97,3.97,1
32.0,73.75,2024-12-25,1,4.06,4.06,4.06,1
32.0,73.75,2025-01-06,1,3.11,3.11,3.11,1
32.0,73.75,2025-01-09,1,2.51,2.51,2.51,1
32.0,73.75,2025-01-24,2,11.219999999999999,5.609999999999999,6.79,1
32.0,73.75,2025-01-25,3,7.08,2.36,3.0,1
32.0,73.75,2025-01-30,2,7.36,3.68,3.68,1
32.0,73.75,2025-02-01,4,30.6,7.65,9.89,1
32.0,73.75,2025-02-03,1,4.95,4.95,4.95,1
32.0,73.75,2025-02-14,1,4.0,4.0,4.0,1
32.0,73.75,2025-02-22,1,4.39,4.39,4.39,1
32.0,73.75,2025-03-08,1,0.75,0.75,0.75,1
32.0,73.75,2025-03-21,4,14.0,3.5,5.05,1
32.0,73.75,2025-03-29,2,12.36,6.18,6.18,1
32.0,73.75,2025-04-19,2,16.44,8.22,8.22,1
32.0,73.75,2025-04-21,2,31.080000000000002,15.540000000000001,23.87,1
32.0,73.75,2025-04-23,6,89.54,14.923333333333334,34.95,1
32.0,73.75,2025-04-24,1,4.11,4.11,4.11,1
32.0,73.75,2025-04-25,6,49.38,8.23,17.17,1
32.0,73.75,2025-04-26,2,15.67,7.835,8.52,1
32.0,73.75,2025-04-27,10,84.49000000000001,8.449000000000002,16.89,1
32.0,73.75,2025-04-28,20,469.85,23.4925,86.38,1
32.0,73.75,2025-04-29,14,83.89999999999999,5.992857142857142,12.16,1
32.0,73.75,2025-04-30,17,54.23,3.19,7.24,1
32.0,73.75,2025-05-01,37,257.93,6.971081081081081,40.89,1
32.0,73.75,2025-05-02,3,15.36,5.12,7.28,1
32.0,73.75,2025-05-03,5,12.51,2.502,4.31,1
32.0,73.75,2025-05-04,2,12.24,6.12,6.59,1
32.0,73.75,2025-05-05,26,112.28,4.318461538461539,7.85,1
32.0,73.75,2025-05-06,20,104.69,5.2345,9.4,1
32.0,73.75,2025-05-07,46,264.99,5.760652173913043,31.51,1
32.0,73.75,2025-05-09,2,6.39,3.195,3.28,1
32.0,73.75,2025-05-10,265,1130.38,4.265584905660377,13.41,1
32.0,73.75,2025-05-11,248,1225.75,4.942540322580645,20.93,1
32.0,73.75,2025-05-12,75,412.54,5.500533333333333,12.41,1
32.0,73.75,2025-05-13,199,1169.6200000000001,5.8774874371859305,54.56,1
32.0,73.75,2025-05-14,204,1715.19,8.40779411764706,28.9,1
32.0,73.75,2025-05-15,143,1247.74,8.725454545454545,60.19,1
32.0,73.75,2025-05-16,134,529.99,3.9551492537313435,12.15,1
32.0,73.75,2025-05-17,69,513.46,7.441449275362319,26.38,1
32.0,73.75,2025-05-18,65,519.09,7.986000000000001,28.38,1
32.0,73.75,2025-05-19,7,40.31,5.758571428571429,9.4,1
32.0,73.75,2025-05-20,29,215.53,7.432068965517241,16.37,1
32.0,73.75,2025-05-21,10,33.92,3.3920000000000003,5.36,1
32.0,73.75,2025-05-22,11,50.44,4.585454545454545,6.99,1
32.0,73.75,2025-05-23,16,104.8,6.55,12.75,1
32.0,73.75,2025-05-25,4,16.28,4.07,4.41,1
32.0,73.75,2025-05-26,7,23.26,3.322857142857143,6.3,1
32.0,73.75,2025-05-27,1,3.8,3.8,3.8,1
32.0,73.75,2025-05-28,4,23.82,5.955,7.61,1
32.0,73.75,2025-06-01,1,2.93,2.93,2.93,1
32.0,73.75,2025-06-06,1,7.81,7.81,7.81,1
32.0,73.75,2025-06-11,1,14.22,14.22,14.22,1
32.0,73.75,2025-06-17,1,4.44,4.44,4.44,1
32.0,73.75,2025-06-19,2,15.790000000000001,7.8950000000000005,8.47,1
32.0,73.75,2025-06-21,1,6.56,6.56,6.56,1
32.0,73.75,2025-09-13,1,5.11,5.11,5.11,1
32.0,73.75,2025-09-24,1,2.98,2.98,2.98,1
32.0,73.75,2025-09-28,3,10.68,3.56,3.77,1
32.0,73.75,2025-09-30,3,25.34,8.446666666666667,12.56,1
32.0,73.75,2025-10-01,2,8.350000000000001,4.175000000000001,5.36,1
32.0,73.75,2025-10-03,3,18.35,6.116666666666667,9.95,1
32.0,73.75,2025-10-04,2,13.879999999999999,6.9399999999999995,11.92,1
32.0,73.75,2025-10-09,4,14.73,3.6825,4.34,1
32.0,73.75,2025-10-10,2,18.939999999999998,9.469999999999999,10.49,1
32.0,73.75,2025-10-11,3,11.850000000000001,3.9500000000000006,5.08,1
32.0,73.75,2025-10-12,2,12.79,6.395,8.65,1
32.0,73.75,2025-10-13,2,13.350000000000001,6.675000000000001,7.16,1
32.0,73.75,2025-10-14,12,42.64,3.5533333333333332,5.62,1
32.0,73.75,2025-10-15,17,69.46,4.0858823529411765,12.03,1
32.0,73.75,2025-10-16,11,45.15,4.1045454545454545,8.51,1
32.0,73.75,2025-10-17,9,55.260000000000005,6.140000000000001,10.64,1
32.0,73.75,2025-10-18,27,92.75,3.435185185185185,5.33,1
32.0,73.75,2025-10-19,25,135.13,5.4052,14.89,1
32.0,73.75,2025-10-20,41,251.91,6.144146341463415,25.7,1
32.0,73.75,2025-10-21,21,125.59,5.980476190476191,14.4,1
32.0,73.75,2025-10-22,30,216.83,7.227666666666667,16.54,1
32.0,73.75,2025-10-23,31,215.34,6.946451612903226,30.2,1
32.0,73.75,2025-10-24,63,430.39,6.831587301587302,52.74,1
32.0,73.75,2025-10-25,75,453.98,6.053066666666667,45.25,1
32.0,73.75,2025-10-26,92,608.71,6.6164130434782615,27.88,1
32.0,73.75,2025-10-27,23,137.24,5.966956521739131,20.77,1
32.0,73.75,2025-10-28,28,152.34,5.440714285714286,12.55,1
32.0,73.75,2025-10-29,46,423.95,9.216304347826087,39.94,1
32.0,73.75,2025-10-30,92,481.63,5.2351086956521735,22.2,1
32.0,73.75,2025-10-31,128,775.61,6.059453125,44.04,1
32.0,73.75,2025-11-01,72,397.03000000000003,5.514305555555556,20.76,1
32.0,73.75,2025-11-02,97,813.24,8.383917525773196,48.01,1
32.0,73.75,2025-11-03,53,230.45,4.348113207547169,13.28,1
32.0,73.75,2025-11-04,70,422.75,6.039285714285715,33.13,1
32.0,73.75,2025-11-05,140,659.12,4.708,34.28,1
32.0,73.75,2025-11-06,46,222.23000000000002,4.831086956521739,15.43,1
32.0,73.75,2025-11-07,21,129.61,6.171904761904763,18.03,1
32.0,73.75,2025-11-08,30,157.73000000000002,5.257666666666667,17.96,1
32.0,73.75,2025-11-09,74,392.16,5.2994594594594595,20.53,1
32.0,73.75,2025-11-10,33,91.54,2.773939393939394,7.04,1
32.0,73.75,2025-11-11,36,166.45,4.623611111111111,17.38,1
32.0,73.75,2025-11-13,16,71.5,4.46875,11.06,1
32.0,73.75,2025-11-15,11,69.5,6.318181818181818,15.88,1
32.0,73.75,2025-11-16,12,48.64,4.053333333333334,10.42,1
32.0,73.75,2025-11-17,3,24.86,8.286666666666667,20.93,1
32.0,73.75,2025-11-19,2,4.51,2.255,2.51,1
32.0,73.75,2025-11-20,3,16.5,5.5,7.44,1
32.0,73.75,2025-11-21,1,1.66,1.66,1.66,1
32.0,73.75,2025-11-26,1,2.61,2.61,2.61,1
32.0,73.75,2025-12-02,1,3.12,3.12,3.12,1
32.0,74.375,2023-01-15,1,1.2,1.2,1.2,1
32.0,74.375,2023-01-16,4,6.85,1.7125,2.87,1
32.0,74.375,2023-01-17,1,4.42,4.42,4.42,1
32.0,74.375,2023-01-20,1,0.49,0.49,0.49,1
32.0,74.375,2023-01-26,2,0.9299999999999999,0.46499999999999997,0.57,1
32.0,74.375,2023-01-28,1,0.5,0.5,0.5,1
32.0,74.375,2023-01-30,1,0.85,0.85,0.85,1
32.0,74.375,2023-01-31,2,1.25,0.625,0.86,1
32.0,74.375,2023-02-01,1,0.76,0.76,0.76,1
32.0,74.375,2023-02-06,2,0.94,0.47,0.65,1
32.0,74.375,2023-02-07,1,3.19,3.19,3.19,1
32.0,74.375,2023-02-10,1,2.65,2.65,2.65,1
32.0,74.375,2023-02-11,1,0.77,0.77,0.77,1
32.0,74.375,2023-02-13,1,4.44,4.44,4.44,1
32.0,74.375,2023-02-15,1,1.08,1.08,1.08,1
32.0,74.375,2023-02-20,1,0.57,0.57,0.57,1
32.0,74.375,2023-02-21,3,2.5,0.8333333333333334,1.07,1
32.0,74.375,2023-02-22,1,0.57,0.57,0.57,1
32.0,74.375,2023-02-24,1,0.59,0.59,0.59,1
32.0,74.375,2023-02-25,3,4.930000000000001,1.6433333333333335,2.44,1
32.0,74.375,2023-03-03,2,14.93,7.465,11.24,1
32.0,74.375,2023-03-04,1,0.92,0.92,0.92,1
32.0,74.375,2023-03-06,1,2.17,2.17,2.17,1
32.0,74.375,2023-03-09,3,4.92,1.64,2.98,1
32.0,74.375,2023-03-10,1,0.95,0.95,0.95,1
32.0,74.375,2023-03-13,1,0.67,0.67,0.67,1
32.0,74.375,2023-03-16,2,7.42,3.71,3.78,1
32.0,74.375,2023-03-20,1,0.86,0.86,0.86,1
32.0,74.375,2023-03-21,2,1.0699999999999998,0.5349999999999999,0.59,1
32.0,74.375,2023-03-22,1,3.36,3.36,3.36,1
32.0,74.375,2023-03-25,2,0.89,0.445,0.49,1
32.0,74.375,2023-03-26,1,0.42,0.42,0.42,1
32.0,74.375,2023-03-27,1,0.49,0.49,0.49,1
32.0,74.375,2023-04-04,1,0.86,0.86,0.86,1
32.0,74.375,2023-04-05,3,1.01,0.33666666666666667,0.35,1
32.0,74.375,2023-04-06,1,0.63,0.63,0.63,1
32.0,74.375,2023-04-08,1,0.57,0.57,0.57,1
32.0,74.375,2023-04-09,2,1.1,0.55,0.8,1
32.0,74.375,2023-04-10,1,0.81,0.81,0.81,1
32.0,74.375,2023-04-11,3,2.86,0.9533333333333333,1.33,1
32.0,74.375,2023-04-13,2,6.25,3.125,3.66,1
32.0,74.375,2023-04-15,1,0.56,0.56,0.56,1
32.0,74.375,2023-04-22,2,4.859999999999999,2.4299999999999997,2.98,1
32.0,74.375,2023-04-23,1,6.15,6.15,6.15,1
32.0,74.375,2023-04-24,1,3.88,3.88,3.88,1
32.0,74.375,2023-04-25,3,9.360000000000001,3.1200000000000006,4.15,1
32.0,74.375,2023-04-27,4,29.11,7.2775,10.36,1
32.0,74.375,2023-04-29,3,16.62,5.54,8.82,1
32.0,74.375,2023-04-30,3,11.04,3.6799999999999997,6.52,1
32.0,74.375,2023-05-02,3,1.7000000000000002,0.5666666666666668,0.81,1
32.0,74.375,2023-05-03,6,16.08,2.6799999999999997,5.13,1
32.0,74.375,2023-05-04,15,57.23,3.8153333333333332,6.04,1
32.0,74.375,2023-05-05,3,7.11,2.37,2.91,1
32.0,74.375,2023-05-06,53,237.6,4.483018867924528,10.16,1
32.0,74.375,2023-05-07,1,4.27,4.27,4.27,1
32.0,74.375,2023-05-08,12,30.830000000000002,2.569166666666667,3.85,1
32.0,74.375,2023-05-09,61,398.55,6.533606557377049,38.16,1
32.0,74.375,2023-05-10,50,344.55,6.891,22.68,1
32.0,74.375,2023-05-11,41,247.11,6.027073170731708,12.73,1
32.0,74.375,2023-05-12,93,552.3,5.938709677419355,24.94,1
32.0,74.375,2023-05-13,178,1229.62,6.907977528089887,78.58,1
32.0,74.375,2023-05-14,65,398.09,6.124461538461538,30.85,1
32.0,74.375,2023-05-15,170,1177.23,6.924882352941177,25.85,1
32.0,74.375,2023-05-16,48,241.85,5.038541666666666,12.89,1
32.0,74.375,2023-05-17,119,964.72,8.106890756302521,40.06,1
32.0,74.375,2023-05-18,66,320.4,4.8545454545454545,21.13,1
32.0,74.375,2023-05-19,28,167.71,5.989642857142857,17.41,1
32.0,74.375,2023-05-20,24,220.78,9.199166666666667,15.96,1
32.0,74.375,2023-05-21,45,226.75,5.038888888888889,17.92,1
32.0,74.375,2023-05-22,10,77.0,7.7,13.7,1
32.0,74.375,2023-05-24,7,46.97,6.71,17.88,1
32.0,74.375,2023-05-25,3,6.44,2.146666666666667,4.16,1
32.0,74.375,2023-05-26,3,14.370000000000001,4.79,6.63,1
32.0,74.375,2023-05-27,9,28.73,3.192222222222222,4.3,1
32.0,74.375,2023-05-28,9,43.41,4.823333333333333,9.09,1
32.0,74.375,2023-05-29,6,26.94,4.49,9.25,1
32.0,74.375,2023-06-01,1,6.72,6.72,6.72,1
32.0,74.375,2023-06-03,41,376.83,9.190975609756098,24.23,1
32.0,74.375,2023-06-04,27,178.47,6.61,18.01,1
32.0,74.375,2023-06-05,29,205.09,7.072068965517241,15.98,1
32.0,74.375,2023-06-06,29,138.13,4.763103448275862,11.94,1
32.0,74.375,2023-06-07,3,11.22,3.74,4.73,1
32.0,74.375,2023-06-08,19,119.84,6.307368421052632,12.85,1
32.0,74.375,2023-06-09,17,132.38,7.787058823529412,13.23,1
32.0,74.375,2023-06-10,9,78.14,8.682222222222222,21.44,1
32.0,74.375,2023-06-12,7,68.68,9.811428571428573,25.92,1
32.0,74.375,2023-06-13,6,27.44,4.573333333333333,9.83,1
32.0,74.375,2023-06-14,7,49.8,7.114285714285714,10.72,1
32.0,74.375,2023-06-17,3,6.24,2.08,2.84,1
32.0,74.375,2023-06-20,2,2.7800000000000002,1.3900000000000001,1.72,1
32.0,74.375,2023-06-23,1,1.91,1.91,1.91,1
32.0,74.375,2023-06-24,2,10.82,5.41,9.41,1
32.0,74.375,2023-07-25,1,2.35,2.35,2.35,1
32.0,74.375,2023-08-01,1,0.85,0.85,0.85,1
32.0,74.375,2023-08-16,2,2.14,1.07,1.27,1
32.0,74.375,2023-08-27,2,1.68,0.84,1.16,1
32.0,74.375,2023-08-28,1,5.53,5.53,5.53,1
32.0,74.375,2023-08-31,2,4.890000000000001,2.4450000000000003,2.65,1
32.0,74.375,2023-09-02,1,1.27,1.27,1.27,1
32.0,74.375,2023-09-05,1,1.26,1.26,1.26,1
32.0,74.375,2023-09-06,1,1.4,1.4,1.4,1
32.0,74.375,2023-09-07,1,2.77,2.77,2.77,1
32.0,74.375,2023-09-08,1,5.76,5.76,5.76,1
32.0,74.375,2023-09-12,1,2.62,2.62,2.62,1
32.0,74.375,2023-09-20,1,1.38,1.38,1.38,1
32.0,74.375,2023-09-23,1,0.93,0.93,0.93,1
32.0,74.375,2023-09-24,2,1.57,0.785,1.09,1
32.0,74.375,2023-09-27,2,3.0300000000000002,1.5150000000000001,1.73,1
32.0,74.375,2023-09-28,2,10.39,5.195,6.0,1
32.0,74.375,2023-09-29,4,11.18,2.795,4.16,1
32.0,74.375,2023-09-30,3,10.39,3.4633333333333334,4.37,1
32.0,74.375,2023-10-01,5,24.42,4.884,12.66,1
32.0,74.375,2023-10-02,3,6.42,2.14,3.18,1
32.0,74.375,2023-10-03,9,38.37,4.263333333333333,7.48,1
32.0,74.375,2023-10-04,21,65.56,3.121904761904762,6.71,1
32.0,74.375,2023-10-05,22,87.45,3.975,11.88,1
32.0,74.375,2023-10-06,19,117.03,6.159473684210527,12.97,1
32.0,74.375,2023-10-07,12,93.6,7.8,16.57,1
32.0,74.375,2023-10-08,13,57.46,4.42,6.42,1
32.0,74.375,2023-10-09,20,100.76,5.038,22.04,1
32.0,74.375,2023-10-10,3,2.8499999999999996,0.9499999999999998,1.67,1
32.0,74.375,2023-10-11,1,3.72,3.72,3.72,1
32.0,74.375,2023-10-12,5,15.63,3.1260000000000003,4.31,1
32.0,74.375,2023-10-13,10,37.55,3.755,5.06,1
32.0,74.375,2023-10-14,3,11.64,3.8800000000000003,5.05,1
32.0,74.375,2023-10-20,2,29.78,14.89,27.23,1
32.0,74.375,2023-10-21,5,16.88,3.376,4.88,1
32.0,74.375,2023-10-22,1,0.56,0.56,0.56,1
32.0,74.375,2023-10-23,7,17.99,2.57,5.88,1
32.0,74.375,2023-10-24,7,45.72,6.531428571428571,16.24,1
32.0,74.375,2023-10-25,12,59.37,4.9475,13.59,1
32.0,74.375,2023-10-26,32,109.05,3.4078125,9.26,1
32.0,74.375,2023-10-27,15,77.55,5.17,10.71,1
32.0,74.375,2023-10-28,5,16.02,3.2039999999999997,8.01,1
32.0,74.375,2023-10-29,7,19.39,2.77,4.58,1
32.0,74.375,2023-10-30,7,33.05,4.721428571428571,6.93,1
32.0,74.375,2023-10-31,24,71.35,2.9729166666666664,4.96,1
32.0,74.375,2023-11-01,18,70.06,3.8922222222222222,12.13,1
32.0,74.375,2023-11-03,11,54.6,4.963636363636364,8.25,1
32.0,74.375,2023-11-04,12,40.96,3.4133333333333336,6.72,1
32.0,74.375,2023-11-05,40,164.77,4.11925,18.34,1
32.0,74.375,2023-11-06,15,54.58,3.6386666666666665,7.89,1
32.0,74.375,2023-11-08,6,21.67,3.611666666666667,6.99,1
32.0,74.375,2023-11-09,11,93.72,8.52,23.13,1
32.0,74.375,2023-11-10,1,0.79,0.79,0.79,1
32.0,74.375,2023-11-11,3,7.19,2.396666666666667,6.41,1
32.0,74.375,2023-11-12,7,24.91,3.5585714285714287,5.34,1
32.0,74.375,2023-11-13,8,32.97,4.12125,9.11,1
32.0,74.375,2023-11-14,22,60.61,2.755,7.28,1
32.0,74.375,2023-11-15,34,192.42,5.659411764705882,20.94,1
32.0,74.375,2023-11-16,24,101.91,4.24625,12.35,1
32.0,74.375,2023-11-17,53,239.24,4.513962264150943,10.72,1
32.0,74.375,2023-11-18,11,52.300000000000004,4.754545454545455,9.47,1
32.0,74.375,2023-11-19,42,256.76,6.113333333333333,53.77,1
32.0,74.375,2023-11-20,22,105.45,4.793181818181818,9.32,1
32.0,74.375,2023-11-21,47,211.4,4.497872340425532,35.25,1
32.0,74.375,2023-11-22,35,115.89,3.311142857142857,7.7,1
32.0,74.375,2023-11-23,10,31.65,3.165,4.09,1
32.0,74.375,2023-11-24,12,43.06,3.5883333333333334,7.03,1
32.0,74.375,2023-11-25,4,14.1,3.525,4.45,1
32.0,74.375,2023-11-28,10,26.04,2.604,8.27,1
32.0,74.375,2023-11-29,1,1.61,1.61,1.61,1
32.0,74.375,2023-12-01,9,22.02,2.4466666666666668,4.62,1
32.0,74.375,2023-12-02,12,25.49,2.1241666666666665,3.98,1
32.0,74.375,2023-12-03,11,31.31,2.846363636363636,8.16,1
32.0,74.375,2023-12-04,4,2.27,0.5675,0.73,1
32.0,74.375,2023-12-05,4,3.09,0.7725,1.07,1
32.0,74.375,2023-12-06,4,7.17,1.7925,2.63,1
32.0,74.375,2023-12-07,7,17.06,2.437142857142857,3.75,1
32.0,74.375,2023-12-08,3,8.92,2.973333333333333,3.06,1
32.0,74.375,2023-12-10,1,0.67,0.67,0.67,1
32.0,74.375,2023-12-11,3,8.28,2.76,6.34,1
32.0,74.375,2023-12-12,2,0.96,0.48,0.48,1
32.0,74.375,2023-12-13,3,2.26,0.7533333333333333,1.18,1
32.0,74.375,2023-12-17,4,2.95,0.7375,1.03,1
32.0,74.375,2023-12-18,3,3.49,1.1633333333333333,1.5,1
32.0,74.375,2023-12-19,3,4.72,1.5733333333333333,1.94,1
32.0,74.375,2023-12-20,3,3.28,1.0933333333333333,1.63,1
32.0,74.375,2023-12-21,2,3.3400000000000003,1.6700000000000002,2.43,1
32.0,74.375,2023-12-23,3,2.06,0.6866666666666666,0.99,1
32.0,74.375,2023-12-24,2,2.08,1.04,1.33,1
32.0,74.375,2023-12-25,2,1.96,0.98,1.23,1
32.0,74.375,2024-01-17,2,1.6800000000000002,0.8400000000000001,1.06,1
32.0,74.375,2024-01-18,1,0.35,0.35,0.35,1
32.0,74.375,2024-01-26,1,11.92,11.92,11.92,1
32.0,74.375,2024-01-27,1,0.58,0.58,0.58,1
32.0,74.375,2024-02-04,1,1.04,1.04,1.04,1
32.0,74.375,2024-02-07,2,1.1400000000000001,0.5700000000000001,0.64,1
32.0,74.375,2024-02-08,1,6.57,6.57,6.57,1
32.0,74.375,2024-02-09,1,2.61,2.61,2.61,1
32.0,74.375,2024-02-10,2,3.29,1.645,2.66,1
32.0,74.375,2024-02-13,3,2.01,0.6699999999999999,0.69,1
32.0,74.375,2024-02-14,3,5.93,1.9766666666666666,4.47,1
32.0,74.375,2024-02-15,1,0.7,0.7,0.7,1
32.0,74.375,2024-02-20,2,1.5399999999999998,0.7699999999999999,1.13,1
32.0,74.375,2024-02-21,4,6.37,1.5925,2.24,1
32.0,74.375,2024-02-23,1,0.42,0.42,0.42,1
32.0,74.375,2024-02-24,3,1.03,0.3433333333333333,0.42,1
32.0,74.375,2024-02-28,1,0.56,0.56,0.56,1
32.0,74.375,2024-03-02,1,0.38,0.38,0.38,1
32.0,74.375,2024-03-05,2,2.59,1.295,2.03,1
32.0,74.375,2024-03-07,1,0.94,0.94,0.94,1
32.0,74.375,2024-03-08,1,1.79,1.79,1.79,1
32.0,74.375,2024-03-09,1,0.54,0.54,0.54,1
32.0,74.375,2024-03-11,2,0.98,0.49,0.66,1
32.0,74.375,2024-03-14,2,5.94,2.97,5.15,1
32.0,74.375,2024-03-15,2,3.4099999999999997,1.7049999999999998,2.03,1
32.0,74.375,2024-03-17,3,1.38,0.45999999999999996,0.72,1
32.0,74.375,2024-03-18,3,5.12,1.7066666666666668,3.91,1
32.0,74.375,2024-03-22,3,1.67,0.5566666666666666,0.7,1
32.0,74.375,2024-03-24,1,3.6,3.6,3.6,1
32.0,74.375,2024-03-25,1,0.52,0.52,0.52,1
32.0,74.375,2024-03-31,1,1.28,1.28,1.28,1
32.0,74.375,2024-04-01,2,1.0899999999999999,0.5449999999999999,0.7,1
32.0,74.375,2024-04-02,5,1.88,0.376,0.5,1
32.0,74.375,2024-04-03,2,1.25,0.625,0.74,1
32.0,74.375,2024-04-05,1,0.86,0.86,0.86,1
32.0,74.375,2024-04-06,5,5.890000000000001,1.1780000000000002,2.88,1
32.0,74.375,2024-04-07,4,2.09,0.5225,0.61,1
32.0,74.375,2024-04-16,1,3.91,3.91,3.91,1
32.0,74.375,2024-04-19,2,0.95,0.475,0.59,1
32.0,74.375,2024-04-20,3,1.27,0.42333333333333334,0.43,1
32.0,74.375,2024-04-21,4,1.9400000000000002,0.48500000000000004,0.56,1
32.0,74.375,2024-04-22,3,1.86,0.62,0.77,1
32.0,74.375,2024-04-23,2,0.81,0.405,0.45,1
32.0,74.375,2024-04-24,2,9.95,4.975,7.49,1
32.0,74.375,2024-04-25,1,1.91,1.91,1.91,1
32.0,74.375,2024-05-01,7,5.41,0.7728571428571429,0.97,1
32.0,74.375,2024-05-02,4,11.75,2.9375,4.77,1
32.0,74.375,2024-05-04,12,30.34,2.5283333333333333,6.06,1
32.0,74.375,2024-05-05,4,20.59,5.1475,12.18,1
32.0,74.375,2024-05-06,6,22.08,3.6799999999999997,6.28,1
32.0,74.375,2024-05-07,32,116.05,3.6265625,9.57,1
32.0,74.375,2024-05-08,43,236.77,5.506279069767442,12.55,1
32.0,74.375,2024-05-09,35,107.11,3.060285714285714,10.91,1
32.0,74.375,2024-05-10,29,122.93,4.23896551724138,6.76,1
32.0,74.375,2024-05-11,20,116.75,5.8375,16.54,1
32.0,74.375,2024-05-12,5,4.2,0.8400000000000001,1.19,1
32.0,74.375,2024-05-13,165,651.1899999999999,3.9466060606060602,12.54,1
32.0,74.375,2024-05-14,95,762.83,8.029789473684211,21.54,1
32.0,74.375,2024-05-15,218,1558.9,7.150917431192661,22.74,1
32.0,74.375,2024-05-16,169,1143.21,6.764556213017752,58.35,1
32.0,74.375,2024-05-17,255,1632.07,6.400274509803921,35.09,1
32.0,74.375,2024-05-18,270,1548.43,5.734925925925926,25.4,1
32.0,74.375,2024-05-19,153,1112.55,7.27156862745098,41.18,1
32.0,74.375,2024-05-20,99,1389.83,14.038686868686868,52.63,1
32.0,74.375,2024-05-21,49,409.21000000000004,8.35122448979592,28.08,1
32.0,74.375,2024-05-22,59,633.8,10.742372881355932,32.07,1
32.0,74.375,2024-05-23,54,215.73,3.9949999999999997,14.74,1
32.0,74.375,2024-05-24,18,75.86,4.214444444444444,8.75,1
32.0,74.375,2024-05-25,27,166.06,6.1503703703703705,14.28,1
32.0,74.375,2024-05-26,19,140.24,7.381052631578948,14.88,1
32.0,74.375,2024-05-27,20,104.74,5.237,14.57,1
32.0,74.375,2024-05-28,17,233.94,13.761176470588236,36.41,1
32.0,74.375,2024-05-29,88,675.44,7.675454545454546,25.62,1
32.0,74.375,2024-06-04,2,4.4799999999999995,2.2399999999999998,2.57,1
32.0,74.375,2024-06-05,1,0.43,0.43,0.43,1
32.0,74.375,2024-06-07,5,36.32,7.264,9.68,1
32.0,74.375,2024-06-08,2,4.4,2.2,3.17,1
32.0,74.375,2024-06-09,22,128.85,5.8568181818181815,13.6,1
32.0,74.375,2024-06-10,4,5.39,1.3475,1.49,1
32.0,74.375,2024-06-11,6,28.72,4.786666666666666,11.33,1
32.0,74.375,2024-06-12,3,47.06,15.686666666666667,31.13,1
32.0,74.375,2024-06-13,2,3.7,1.85,2.29,1
32.0,74.375,2024-06-15,1,7.76,7.76,7.76,1
32.0,74.375,2024-06-16,3,18.439999999999998,6.146666666666666,8.62,1
32.0,74.375,2024-06-18,1,5.17,5.17,5.17,1
32.0,74.375,2024-06-19,1,5.26,5.26,5.26,1
32.0,74.375,2024-06-21,1,11.83,11.83,11.83,1
32.0,74.375,2024-06-23,2,3.1100000000000003,1.5550000000000002,1.57,1
32.0,74.375,2024-06-24,3,15.82,5.273333333333333,6.27,1
32.0,74.375,2024-06-26,4,33.15,8.2875,30.3,1
32.0,74.375,2024-07-07,1,0.51,0.51,0.51,1
32.0,74.375,2024-07-22,1,4.15,4.15,4.15,1
32.0,74.375,2024-08-06,1,4.33,4.33,4.33,1
32.0,74.375,2024-08-07,3,3.1100000000000003,1.0366666666666668,1.48,1
32.0,74.375,2024-08-19,1,1.99,1.99,1.99,1
32.0,74.375,2024-08-20,1,3.68,3.68,3.68,1
32.0,74.375,2024-08-21,1,0.88,0.88,0.88,1
32.0,74.375,2024-08-23,1,3.88,3.88,3.88,1
32.0,74.375,2024-08-24,2,4.77,2.385,2.53,1
32.0,74.375,2024-08-31,1,2.07,2.07,2.07,1
32.0,74.375,2024-09-03,1,0.81,0.81,0.81,1
32.0,74.375,2024-09-04,3,5.99,1.9966666666666668,2.09,1
32.0,74.375,2024-09-07,1,2.2,2.2,2.2,1
32.0,74.375,2024-09-08,2,2.29,1.145,1.22,1
32.0,74.375,2024-09-09,2,2.41,1.205,1.66,1
32.0,74.375,2024-09-10,5,15.84,3.168,4.16,1
32.0,74.375,2024-09-11,1,0.7,0.7,0.7,1
32.0,74.375,2024-09-14,1,3.92,3.92,3.92,1
32.0,74.375,2024-09-15,7,19.17,2.738571428571429,5.07,1
32.0,74.375,2024-09-16,1,1.53,1.53,1.53,1
32.0,74.375,2024-09-17,3,13.08,4.36,5.87,1
32.0,74.375,2024-09-19,5,15.08,3.016,6.2,1
32.0,74.375,2024-09-20,2,7.08,3.54,4.58,1
32.0,74.375,2024-09-21,1,3.47,3.47,3.47,1
32.0,74.375,2024-09-22,1,3.53,3.53,3.53,1
32.0,74.375,2024-09-23,5,27.66,5.532,9.18,1
32.0,74.375,2024-09-24,9,74.75999999999999,8.306666666666665,20.16,1
32.0,74.375,2024-09-25,12,56.59,4.715833333333333,8.88,1
32.0,74.375,2024-09-28,1,1.44,1.44,1.44,1
32.0,74.375,2024-09-29,1,1.3,1.3,1.3,1
32.0,74.375,2024-09-30,4,4.65,1.1625,1.5,1
32.0,74.375,2024-10-01,12,35.45,2.954166666666667,4.63,1
32.0,74.375,2024-10-02,10,54.48,5.4479999999999995,10.87,1
32.0,74.375,2024-10-03,3,15.87,5.29,7.89,1
32.0,74.375,2024-10-04,5,25.74,5.148,12.04,1
32.0,74.375,2024-10-05,13,49.76,3.8276923076923075,6.2,1
32.0,74.375,2024-10-06,3,2.54,0.8466666666666667,1.18,1
32.0,74.375,2024-10-07,1,3.94,3.94,3.94,1
32.0,74.375,2024-10-08,3,5.42,1.8066666666666666,3.25,1
32.0,74.375,2024-10-09,13,27.64,2.126153846153846,4.56,1
32.0,74.375,2024-10-10,10,41.13,4.113,7.12,1
32.0,74.375,2024-10-11,20,111.37,5.5685,26.33,1
32.0,74.375,2024-10-12,26,74.69,2.8726923076923074,7.97,1
32.0,74.375,2024-10-13,26,137.09,5.272692307692308,10.01,1
32.0,74.375,2024-10-14,13,40.87,3.1438461538461535,5.64,1
32.0,74.375,2024-10-15,17,46.18,2.716470588235294,6.3,1
32.0,74.375,2024-10-16,28,121.7,4.3464285714285715,22.56,1
32.0,74.375,2024-10-17,68,244.08,3.5894117647058827,10.47,1
32.0,74.375,2024-10-18,24,99.46,4.144166666666666,13.88,1
32.0,74.375,2024-10-19,4,11.99,2.9975,4.83,1
32.0,74.375,2024-10-20,12,45.48,3.7899999999999996,5.75,1
32.0,74.375,2024-10-21,21,76.56,3.645714285714286,7.58,1
32.0,74.375,2024-10-22,28,102.62,3.665,9.36,1
32.0,74.375,2024-10-23,46,174.64,3.7965217391304344,7.83,1
32.0,74.375,2024-10-24,18,70.99,3.9438888888888886,8.52,1
32.0,74.375,2024-10-25,21,90.53999999999999,4.311428571428571,8.98,1
32.0,74.375,2024-10-26,18,96.32000000000001,5.351111111111112,11.68,1
32.0,74.375,2024-10-27,43,151.74,3.528837209302326,10.05,1
32.0,74.375,2024-10-28,22,110.79,5.035909090909091,19.63,1
32.0,74.375,2024-10-29,21,78.63,3.744285714285714,13.19,1
32.0,74.375,2024-10-30,31,170.12,5.4877419354838715,27.63,1
32.0,74.375,2024-10-31,31,183.07999999999998,5.905806451612903,18.67,1
32.0,74.375,2024-11-01,57,284.39,4.989298245614035,13.52,1
32.0,74.375,2024-11-02,65,266.2,4.095384615384615,14.77,1
32.0,74.375,2024-11-06,4,2.81,0.7025,0.87,1
32.0,74.375,2024-11-07,27,106.42,3.9414814814814814,7.98,1
32.0,74.375,2024-11-08,32,113.57,3.5490625,7.22,1
32.0,74.375,2024-11-09,9,39.67,4.407777777777778,9.5,1
32.0,74.375,2024-11-10,2,4.73,2.365,3.74,1
32.0,74.375,2024-11-11,1,1.04,1.04,1.04,1
32.0,74.375,2024-11-12,37,133.46,3.6070270270270273,11.52,1
32.0,74.375,2024-11-13,16,46.87,2.929375,8.17,1
32.0,74.375,2024-11-16,3,4.39,1.4633333333333332,2.13,1
32.0,74.375,2024-11-17,55,206.51,3.7547272727272727,8.63,1
32.0,74.375,2024-11-18,28,82.77,2.9560714285714282,5.99,1
32.0,74.375,2024-11-19,14,55.52,3.9657142857142857,7.76,1
32.0,74.375,2024-11-20,8,18.75,2.34375,3.93,1
32.0,74.375,2024-11-21,2,4.73,2.365,3.94,1
32.0,74.375,2024-11-22,7,11.540000000000001,1.6485714285714288,3.93,1
32.0,74.375,2024-11-23,9,18.45,2.05,10.33,1
32.0,74.375,2024-11-24,4,3.21,0.8025,0.86,1
32.0,74.375,2024-11-25,3,6.51,2.17,4.25,1
32.0,74.375,2024-11-26,3,2.5700000000000003,0.8566666666666668,1.16,1
32.0,74.375,2024-11-27,1,0.43,0.43,0.43,1
32.0,74.375,2024-11-28,1,0.79,0.79,0.79,1
32.0,74.375,2024-11-29,5,8.01,1.6019999999999999,3.31,1
32.0,74.375,2024-11-30,5,5.45,1.09,3.04,1
32.0,74.375,2024-12-02,1,1.0,1.0,1.0,1
32.0,74.375,2024-12-03,8,8.52,1.065,3.78,1
32.0,74.375,2024-12-04,4,3.3600000000000003,0.8400000000000001,1.07,1
32.0,74.375,2024-12-05,2,2.4,1.2,1.42,1
32.0,74.375,2024-12-06,3,2.75,0.9166666666666666,1.09,1
32.0,74.375,2024-12-07,4,3.3899999999999997,0.8474999999999999,1.39,1
32.0,74.375,2024-12-08,5,3.56,0.712,1.29,1
32.0,74.375,2024-12-09,4,9.16,2.29,7.15,1
32.0,74.375,2024-12-10,2,2.96,1.48,1.49,1
32.0,74.375,2024-12-12,2,1.7,0.85,1.19,1
32.0,74.375,2024-12-14,4,7.22,1.805,3.28,1
32.0,74.375,2024-12-15,1,1.58,1.58,1.58,1
32.0,74.375,2024-12-16,3,2.51,0.8366666666666666,1.63,1
32.0,74.375,2024-12-17,1,1.32,1.32,1.32,1
32.0,74.375,2024-12-18,6,7.53,1.2550000000000001,1.77,1
32.0,74.375,2024-12-20,4,2.84,0.71,0.94,1
32.0,74.375,2024-12-23,7,5.6,0.7999999999999999,1.02,1
32.0,74.375,2024-12-24,4,9.24,2.31,6.84,1
32.0,74.375,2024-12-25,2,0.96,0.48,0.64,1
32.0,74.375,2024-12-26,3,2.42,0.8066666666666666,1.11,1
32.0,74.375,2024-12-29,1,0.42,0.42,0.42,1
32.0,74.375,2025-01-04,3,2.37,0.79,1.27,1
32.0,74.375,2025-01-08,1,0.8,0.8,0.8,1
32.0,74.375,2025-01-12,3,3.3600000000000003,1.12,1.23,1
32.0,74.375,2025-01-14,5,2.98,0.596,0.81,1
32.0,74.375,2025-01-15,2,1.4,0.7,0.91,1
32.0,74.375,2025-01-17,1,4.47,4.47,4.47,1
32.0,74.375,2025-01-19,1,1.09,1.09,1.09,1
32.0,74.375,2025-01-21,3,2.19,0.73,1.11,1
32.0,74.375,2025-01-22,1,6.17,6.17,6.17,1
32.0,74.375,2025-01-23,1,1.07,1.07,1.07,1
32.0,74.375,2025-01-24,1,0.68,0.68,0.68,1
32.0,74.375,2025-01-25,6,16.13,2.688333333333333,4.64,1
32.0,74.375,2025-01-26,3,3.0500000000000003,1.0166666666666668,1.29,1
32.0,74.375,2025-01-27,1,1.11,1.11,1.11,1
32.0,74.375,2025-01-29,2,3.04,1.52,1.94,1
32.0,74.375,2025-01-30,1,1.12,1.12,1.12,1
32.0,74.375,2025-01-31,3,1.51,0.5033333333333333,0.96,1
32.0,74.375,2025-02-02,4,7.55,1.8875,5.55,1
32.0,74.375,2025-02-03,1,0.55,0.55,0.55,1
32.0,74.375,2025-02-04,2,2.49,1.245,1.42,1
32.0,74.375,2025-02-05,5,2.32,0.46399999999999997,0.78,1
32.0,74.375,2025-02-07,2,3.3999999999999995,1.6999999999999997,2.26,1
32.0,74.375,2025-02-10,6,25.25,4.208333333333333,19.5,1
32.0,74.375,2025-02-11,2,1.25,0.625,0.63,1
32.0,74.375,2025-02-12,5,6.8,1.3599999999999999,2.67,1
32.0,74.375,2025-02-13,1,3.91,3.91,3.91,1
32.0,74.375,2025-02-15,1,4.6,4.6,4.6,1
32.0,74.375,2025-02-16,7,3.91,0.5585714285714286,0.85,1
32.0,74.375,2025-02-17,5,2.9299999999999997,0.586,0.8,1
32.0,74.375,2025-02-18,5,3.64,0.728,1.06,1
32.0,74.375,2025-02-20,5,9.280000000000001,1.8560000000000003,3.81,1
32.0,74.375,2025-02-21,1,0.38,0.38,0.38,1
32.0,74.375,2025-02-22,2,1.6600000000000001,0.8300000000000001,1.08,1
32.0,74.375,2025-02-23,3,4.140000000000001,1.3800000000000001,2.2,1
32.0,74.375,2025-02-28,1,1.81,1.81,1.81,1
32.0,74.375,2025-03-01,4,3.08,0.77,1.15,1
32.0,74.375,2025-03-04,3,1.65,0.5499999999999999,0.75,1
32.0,74.375,2025-03-06,3,1.6099999999999999,0.5366666666666666,0.66,1
32.0,74.375,2025-03-07,1,1.05,1.05,1.05,1
32.0,74.375,2025-03-08,3,3.88,1.2933333333333332,2.53,1
32.0,74.375,2025-03-10,3,3.5900000000000003,1.1966666666666668,2.49,1
32.0,74.375,2025-03-15,4,2.7100000000000004,0.6775000000000001,1.24,1
32.0,74.375,2025-03-16,4,3.46,0.865,1.09,1
32.0,74.375,2025-03-17,1,0.8,0.8,0.8,1
32.0,74.375,2025-03-18,2,1.6600000000000001,0.8300000000000001,1.3,1
32.0,74.375,2025-03-19,6,8.46,1.4100000000000001,4.99,1
32.0,74.375,2025-03-20,3,2.79,0.93,1.1,1
32.0,74.375,2025-03-21,1,0.34,0.34,0.34,1
32.0,74.375,2025-03-22,7,7.93,1.1328571428571428,2.17,1
32.0,74.375,2025-03-23,4,7.2,1.8,2.62,1
32.0,74.375,2025-03-26,2,2.05,1.025,1.05,1
32.0,74.375,2025-03-28,1,0.52,0.52,0.52,1
32.0,74.375,2025-04-03,2,1.3,0.65,0.67,1
32.0,74.375,2025-04-07,1,2.25,2.25,2.25,1
32.0,74.375,2025-04-10,1,0.62,0.62,0.62,1
32.0,74.375,2025-04-11,2,2.88,1.44,1.61,1
32.0,74.375,2025-04-12,1,0.94,0.94,0.94,1
32.0,74.375,2025-04-13,1,1.16,1.16,1.16,1
32.0,74.375,2025-04-14,2,2.12,1.06,1.07,1
32.0,74.375,2025-04-15,1,1.28,1.28,1.28,1
32.0,74.375,2025-04-16,3,4.9799999999999995,1.66,3.3,1
32.0,74.375,2025-04-20,4,3.4000000000000004,0.8500000000000001,1.06,1
32.0,74.375,2025-04-21,3,4.48,1.4933333333333334,1.78,1
32.0,74.375,2025-04-22,3,2.35,0.7833333333333333,0.89,1
32.0,74.375,2025-04-23,6,88.79,14.798333333333334,38.81,1
32.0,74.375,2025-04-24,8,112.72,14.09,22.52,1
32.0,74.375,2025-04-25,6,21.8,3.6333333333333333,5.92,1
32.0,74.375,2025-04-26,9,49.0,5.444444444444445,16.97,1
32.0,74.375,2025-04-27,7,116.05000000000001,16.57857142857143,45.52,1
32.0,74.375,2025-04-28,7,84.17,12.024285714285714,29.36,1
32.0,74.375,2025-04-29,12,170.76000000000002,14.230000000000002,33.27,1
32.0,74.375,2025-04-30,15,81.84,5.456,9.07,1
32.0,74.375,2025-05-01,12,40.64,3.3866666666666667,5.42,1
32.0,74.375,2025-05-03,3,3.6399999999999997,1.2133333333333332,1.54,1
32.0,74.375,2025-05-04,3,10.49,3.4966666666666666,4.56,1
32.0,74.375,2025-05-05,3,2.95,0.9833333333333334,1.17,1
32.0,74.375,2025-05-06,18,100.42,5.578888888888889,12.3,1
32.0,74.375,2025-05-07,38,188.43,4.958684210526316,27.36,1
32.0,74.375,2025-05-08,2,7.48,3.74,4.7,1
32.0,74.375,2025-05-09,32,174.02,5.438125,17.16,1
32.0,74.375,2025-05-10,105,366.54,3.490857142857143,14.0,1
32.0,74.375,2025-05-11,186,904.4,4.862365591397849,22.38,1
32.0,74.375,2025-05-12,82,431.93,5.267439024390244,23.56,1
32.0,74.375,2025-05-13,168,1198.45,7.133630952380953,69.64,1
32.0,74.375,2025-05-14,170,1554.53,9.144294117647059,53.63,1
32.0,74.375,2025-05-15,141,889.2,6.306382978723405,32.52,1
32.0,74.375,2025-05-16,152,696.59,4.582828947368421,29.95,1
32.0,74.375,2025-05-17,94,634.3,6.747872340425531,26.3,1
32.0,74.375,2025-05-18,105,866.1800000000001,8.249333333333334,37.6,1
32.0,74.375,2025-05-19,37,166.69,4.505135135135135,12.08,1
32.0,74.375,2025-05-20,51,429.31,8.417843137254902,54.15,1
32.0,74.375,2025-05-21,63,392.96999999999997,6.237619047619047,24.27,1
32.0,74.375,2025-05-22,26,199.78,7.6838461538461535,35.32,1
32.0,74.375,2025-05-23,21,149.57,7.1223809523809525,19.93,1
32.0,74.375,2025-05-24,13,64.91,4.993076923076923,11.58,1
32.0,74.375,2025-05-25,16,93.7,5.85625,16.87,1
32.0,74.375,2025-05-26,72,345.21,4.794583333333333,17.29,1
32.0,74.375,2025-05-27,79,408.94,5.176455696202532,14.9,1
32.0,74.375,2025-05-28,117,847.99,7.247777777777777,16.5,1
32.0,74.375,2025-05-29,227,1484.36,6.539030837004405,67.64,1
32.0,74.375,2025-05-30,10,134.32,13.431999999999999,44.13,1
32.0,74.375,2025-05-31,40,194.29999999999998,4.8575,30.65,1
32.0,74.375,2025-06-01,54,360.82,6.681851851851852,27.82,1
32.0,74.375,2025-06-02,22,302.07,13.730454545454545,36.0,1
32.0,74.375,2025-06-03,4,5.31,1.3275,1.83,1
32.0,74.375,2025-06-04,6,47.220000000000006,7.870000000000001,33.95,1
32.0,74.375,2025-06-05,21,155.23,7.391904761904762,20.48,1
32.0,74.375,2025-06-06,4,21.8,5.45,7.41,1
32.0,74.375,2025-06-07,1,4.8,4.8,4.8,1
32.0,74.375,2025-06-08,6,38.91,6.484999999999999,11.94,1
32.0,74.375,2025-06-10,6,36.17,6.028333333333333,13.3,1
32.0,74.375,2025-06-11,5,34.78,6.956,10.96,1
32.0,74.375,2025-06-12,8,43.31,5.41375,11.36,1
32.0,74.375,2025-06-13,1,7.8,7.8,7.8,1
32.0,74.375,2025-06-14,6,34.92,5.82,10.5,1
32.0,74.375,2025-06-18,6,37.4,6.233333333333333,8.41,1
32.0,74.375,2025-06-19,4,24.01,6.0025,8.22,1
32.0,74.375,2025-06-24,1,3.65,3.65,3.65,1
32.0,74.375,2025-06-26,1,1.08,1.08,1.08,1
32.0,74.375,2025-07-03,1,5.25,5.25,5.25,1
32.0,74.375,2025-07-19,3,7.8100000000000005,2.6033333333333335,3.25,1
32.0,74.375,2025-07-20,1,1.62,1.62,1.62,1
32.0,74.375,2025-07-25,2,1.21,0.605,0.79,1
32.0,74.375,2025-07-26,2,0.77,0.385,0.57,1
32.0,74.375,2025-07-30,1,4.08,4.08,4.08,1
32.0,74.375,2025-08-02,1,1.64,1.64,1.64,1
32.0,74.375,2025-08-05,1,2.24,2.24,2.24,1
32.0,74.375,2025-08-06,2,2.24,1.12,1.59,1
32.0,74.375,2025-08-20,2,1.75,0.875,0.93,1
32.0,74.375,2025-08-21,2,1.51,0.755,0.77,1
32.0,74.375,2025-08-31,1,1.41,1.41,1.41,1
32.0,74.375,2025-09-03,1,1.4,1.4,1.4,1
32.0,74.375,2025-09-04,2,0.63,0.315,0.44,1
32.0,74.375,2025-09-09,1,1.17,1.17,1.17,1
32.0,74.375,2025-09-11,1,0.87,0.87,0.87,1
32.0,74.375,2025-09-12,2,1.28,0.64,0.68,1
32.0,74.375,2025-09-17,4,3.8,0.95,1.4,1
32.0,74.375,2025-09-21,1,0.7,0.7,0.7,1
32.0,74.375,2025-09-22,2,1.8,0.9,1.05,1
32.0,74.375,2025-09-23,2,3.92,1.96,2.67,1
32.0,74.375,2025-09-24,1,2.84,2.84,2.84,1
32.0,74.375,2025-09-25,1,1.04,1.04,1.04,1
32.0,74.375,2025-09-27,1,0.93,0.93,0.93,1
32.0,74.375,2025-09-28,3,6.32,2.106666666666667,4.08,1
32.0,74.375,2025-09-29,7,54.839999999999996,7.834285714285714,13.24,1
32.0,74.375,2025-10-01,2,8.32,4.16,4.51,1
32.0,74.375,2025-10-02,6,16.28,2.7133333333333334,3.74,1
32.0,74.375,2025-10-03,13,135.13,10.394615384615385,41.12,1
32.0,74.375,2025-10-04,9,39.94,4.437777777777778,7.01,1
32.0,74.375,2025-10-05,1,2.19,2.19,2.19,1
32.0,74.375,2025-10-07,2,1.39,0.695,0.95,1
32.0,74.375,2025-10-08,8,13.63,1.70375,3.6,1
32.0,74.375,2025-10-09,10,111.97,11.197,47.12,1
32.0,74.375,2025-10-10,16,60.93,3.808125,9.38,1
32.0,74.375,2025-10-11,9,33.29,3.698888888888889,5.19,1
32.0,74.375,2025-10-12,7,25.77,3.6814285714285715,6.39,1
32.0,74.375,2025-10-13,18,162.02,9.001111111111111,23.12,1
32.0,74.375,2025-10-14,15,59.08,3.9386666666666668,9.31,1
32.0,74.375,2025-10-15,9,34.95,3.8833333333333337,13.34,1
32.0,74.375,2025-10-16,9,31.71,3.5233333333333334,4.56,1
32.0,74.375,2025-10-17,19,183.62,9.66421052631579,22.55,1
32.0,74.375,2025-10-18,10,37.67,3.7670000000000003,9.11,1
32.0,74.375,2025-10-19,23,121.19,5.269130434782609,14.55,1
32.0,74.375,2025-10-20,41,158.34,3.861951219512195,13.56,1
32.0,74.375,2025-10-21,16,62.94,3.93375,7.36,1
32.0,74.375,2025-10-22,16,117.03,7.314375,13.14,1
32.0,74.375,2025-10-23,6,28.16,4.693333333333333,6.05,1
32.0,74.375,2025-10-24,13,65.65,5.050000000000001,14.2,1
32.0,74.375,2025-10-25,32,134.26,4.195625,17.63,1
32.0,74.375,2025-10-26,21,79.37,3.77952380952381,7.05,1
32.0,74.375,2025-10-27,14,87.38,6.241428571428571,14.03,1
32.0,74.375,2025-10-28,9,46.72,5.191111111111111,12.33,1
32.0,74.375,2025-10-29,2,13.379999999999999,6.6899999999999995,9.28,1
32.0,74.375,2025-10-30,22,94.8,4.309090909090909,8.67,1
32.0,74.375,2025-10-31,27,95.09,3.521851851851852,9.24,1
32.0,74.375,2025-11-01,18,90.85,5.047222222222222,12.72,1
32.0,74.375,2025-11-02,20,52.42,2.621,5.26,1
32.0,74.375,2025-11-03,7,27.63,3.947142857142857,5.43,1
32.0,74.375,2025-11-04,34,130.88,3.849411764705882,21.09,1
32.0,74.375,2025-11-05,25,78.37,3.1348000000000003,6.48,1
32.0,74.375,2025-11-06,17,108.06,6.356470588235294,25.99,1
32.0,74.375,2025-11-07,7,21.990000000000002,3.141428571428572,6.4,1
32.0,74.375,2025-11-08,12,42.76,3.563333333333333,6.36,1
32.0,74.375,2025-11-09,20,54.77,2.7385,5.87,1
32.0,74.375,2025-11-10,20,49.51,2.4755,5.71,1
32.0,74.375,2025-11-11,23,73.01,3.1743478260869566,7.03,1
32.0,74.375,2025-11-12,2,1.97,0.985,1.41,1
32.0,74.375,2025-11-13,11,28.45,2.5863636363636364,4.2,1
32.0,74.375,2025-11-14,11,43.46,3.950909090909091,7.33,1
32.0,74.375,2025-11-15,13,51.57,3.9669230769230768,13.79,1
32.0,74.375,2025-11-16,20,47.75,2.3875,6.46,1
32.0,74.375,2025-11-17,9,45.33,5.036666666666666,19.55,1
32.0,74.375,2025-11-18,5,8.98,1.796,3.41,1
32.0,74.375,2025-11-19,2,4.07,2.035,2.16,1
32.0,74.375,2025-11-20,5,9.64,1.9280000000000002,4.15,1
32.0,74.375,2025-11-21,5,5.6899999999999995,1.138,2.76,1
32.0,74.375,2025-11-22,3,8.0,2.6666666666666665,3.94,1
32.0,74.375,2025-11-23,1,1.53,1.53,1.53,1
32.0,74.375,2025-11-24,1,1.14,1.14,1.14,1
32.0,74.375,2025-11-25,2,1.33,0.665,1.07,1
32.0,74.375,2025-11-26,3,3.9499999999999997,1.3166666666666667,2.03,1
32.0,74.375,2025-11-27,1,0.88,0.88,0.88,1
32.0,74.375,2025-11-28,1,0.59,0.59,0.59,1
32.0,74.375,2025-11-29,2,1.24,0.62,0.65,1
32.0,74.375,2025-11-30,2,2.3600000000000003,1.1800000000000002,1.29,1
32.0,74.375,2025-12-01,3,1.72,0.5733333333333334,0.99,1
32.0,74.375,2025-12-02,2,1.35,0.675,0.78,1
32.0,74.375,2025-12-04,1,2.44,2.44,2.44,1
32.0,74.375,2025-12-05,1,1.35,1.35,1.35,1
32.0,74.375,2025-12-06,2,1.45,0.725,0.98,1
32.0,74.375,2025-12-07,2,1.96,0.98,1.36,1
32.0,74.375,2025-12-08,1,1.72,1.72,1.72,1
32.0,74.375,2025-12-09,2,7.23,3.615,3.77,1
32.0,74.375,2025-12-10,1,1.24,1.24,1.24,1
32.0,74.375,2025-12-11,1,0.39,0.39,0.39,1
32.0,74.375,2025-12-14,3,3.25,1.0833333333333333,1.47,1
32.0,74.375,2025-12-15,2,2.1399999999999997,1.0699999999999998,1.13,1
32.0,74.375,2025-12-16,3,2.73,0.91,1.69,1
32.0,74.375,2025-12-18,2,1.42,0.71,0.72,1
32.0,74.375,2025-12-22,1,1.08,1.08,1.08,1
32.0,74.375,2025-12-23,2,2.46,1.23,2.01,1
32.0,74.375,2025-12-24,1,1.15,1.15,1.15,1
32.0,74.375,2025-12-26,1,0.43,0.43,0.43,1
32.0,74.375,2025-12-27,2,1.42,0.71,0.71,1
32.0,75.0,2023-01-15,3,14.32,4.773333333333333,7.1,1
32.0,75.0,2023-01-17,1,3.9,3.9,3.9,1
32.0,75.0,2023-01-23,1,2.39,2.39,2.39,1
32.0,75.0,2023-01-28,1,11.31,11.31,11.31,1
32.0,75.0,2023-02-01,1,3.62,3.62,3.62,1
32.0,75.0,2023-02-06,1,11.16,11.16,11.16,1
32.0,75.0,2023-02-07,2,5.97,2.985,3.07,1
32.0,75.0,2023-02-11,3,16.130000000000003,5.376666666666668,9.46,1
32.0,75.0,2023-02-12,2,4.75,2.375,2.78,1
32.0,75.0,2023-02-14,2,26.47,13.235,14.2,1
32.0,75.0,2023-02-15,2,14.05,7.025,7.95,1
32.0,75.0,2023-02-18,1,3.65,3.65,3.65,1
32.0,75.0,2023-02-21,1,2.27,2.27,2.27,1
32.0,75.0,2023-02-23,3,10.2,3.4,3.64,1
32.0,75.0,2023-03-03,3,8.43,2.81,2.99,1
32.0,75.0,2023-03-05,2,5.67,2.835,4.01,1
32.0,75.0,2023-03-09,2,7.66,3.83,4.33,1
32.0,75.0,2023-03-10,2,12.8,6.4,9.97,1
32.0,75.0,2023-03-11,2,6.550000000000001,3.2750000000000004,3.74,1
32.0,75.0,2023-03-12,2,5.46,2.73,2.73,1
32.0,75.0,2023-03-13,2,8.08,4.04,5.02,1
32.0,75.0,2023-03-22,5,17.79,3.558,4.68,1
32.0,75.0,2023-03-26,1,1.93,1.93,1.93,1
32.0,75.0,2023-03-27,2,3.9,1.95,2.25,1
32.0,75.0,2023-03-28,2,4.44,2.22,2.49,1
32.0,75.0,2023-04-05,1,6.37,6.37,6.37,1
32.0,75.0,2023-04-06,2,4.8,2.4,2.57,1
32.0,75.0,2023-04-07,1,3.22,3.22,3.22,1
32.0,75.0,2023-04-09,3,15.55,5.183333333333334,6.68,1
32.0,75.0,2023-04-12,1,1.38,1.38,1.38,1
32.0,75.0,2023-04-17,1,5.19,5.19,5.19,1
32.0,75.0,2023-04-24,1,10.62,10.62,10.62,1
32.0,75.0,2023-05-03,1,1.72,1.72,1.72,1
32.0,75.0,2023-05-04,3,11.66,3.8866666666666667,5.13,1
32.0,75.0,2023-05-05,1,4.44,4.44,4.44,1
32.0,75.0,2023-05-06,35,157.05,4.4871428571428575,11.41,1
32.0,75.0,2023-05-07,7,22.39,3.198571428571429,4.81,1
32.0,75.0,2023-05-08,24,91.92,3.83,11.14,1
32.0,75.0,2023-05-09,21,154.44,7.354285714285714,20.92,1
32.0,75.0,2023-05-10,128,1011.0,7.8984375,48.72,1
32.0,75.0,2023-05-11,156,1029.03,6.596346153846154,30.61,1
32.0,75.0,2023-05-12,208,1470.58,7.070096153846153,20.97,1
32.0,75.0,2023-05-13,344,2105.03,6.119273255813954,27.92,1
32.0,75.0,2023-05-14,180,1228.49,6.824944444444444,52.51,1
32.0,75.0,2023-05-15,167,1300.6,7.7880239520958074,33.42,1
32.0,75.0,2023-05-16,111,477.25,4.29954954954955,11.66,1
32.0,75.0,2023-05-17,91,687.37,7.553516483516484,33.92,1
32.0,75.0,2023-05-18,59,301.0,5.101694915254237,11.7,1
32.0,75.0,2023-05-19,82,448.47,5.469146341463415,24.87,1
32.0,75.0,2023-05-20,25,212.02,8.4808,18.54,1
32.0,75.0,2023-05-21,47,305.27,6.495106382978723,16.76,1
32.0,75.0,2023-05-22,15,50.019999999999996,3.3346666666666662,5.2,1
32.0,75.0,2023-05-24,11,43.92,3.9927272727272727,8.14,1
32.0,75.0,2023-05-28,6,30.44,5.073333333333333,7.99,1
32.0,75.0,2023-05-29,2,10.54,5.27,5.27,1
32.0,75.0,2023-06-05,1,3.73,3.73,3.73,1
32.0,75.0,2023-06-08,3,8.17,2.723333333333333,3.4,1
32.0,75.0,2023-06-09,1,7.45,7.45,7.45,1
32.0,75.0,2023-06-13,2,6.38,3.19,3.57,1
32.0,75.0,2023-06-18,3,30.490000000000002,10.163333333333334,10.56,1
32.0,75.0,2023-06-20,1,6.65,6.65,6.65,1
32.0,75.0,2023-06-21,1,5.15,5.15,5.15,1
32.0,75.0,2023-06-22,1,5.54,5.54,5.54,1
32.0,75.0,2023-09-27,3,10.75,3.5833333333333335,4.98,1
32.0,75.0,2023-09-28,10,32.6,3.2600000000000002,5.61,1
32.0,75.0,2023-09-29,19,79.72,4.1957894736842105,9.94,1
32.0,75.0,2023-09-30,12,59.66,4.971666666666667,11.09,1
32.0,75.0,2023-10-01,12,56.89,4.740833333333334,8.76,1
32.0,75.0,2023-10-02,15,65.01,4.3340000000000005,9.98,1
32.0,75.0,2023-10-03,6,38.78,6.463333333333334,15.47,1
32.0,75.0,2023-10-04,14,80.06,5.718571428571429,13.15,1
32.0,75.0,2023-10-05,16,66.15,4.134375,9.56,1
32.0,75.0,2023-10-06,6,27.080000000000002,4.513333333333334,6.54,1
32.0,75.0,2023-10-07,3,12.34,4.113333333333333,6.16,1
32.0,75.0,2023-10-08,3,20.009999999999998,6.669999999999999,8.16,1
32.0,75.0,2023-10-09,2,7.24,3.62,3.68,1
32.0,75.0,2023-10-10,1,1.93,1.93,1.93,1
32.0,75.0,2023-10-11,2,7.47,3.735,4.31,1
32.0,75.0,2023-10-12,3,11.9,3.966666666666667,5.73,1
32.0,75.0,2023-10-13,8,29.89,3.73625,4.75,1
32.0,75.0,2023-10-14,4,11.120000000000001,2.7800000000000002,3.25,1
32.0,75.0,2023-10-19,1,3.0,3.0,3.0,1
32.0,75.0,2023-10-20,5,21.37,4.274,9.63,1
32.0,75.0,2023-10-21,14,43.76,3.1257142857142854,6.37,1
32.0,75.0,2023-10-22,2,8.7,4.35,6.55,1
32.0,75.0,2023-10-23,20,93.78999999999999,4.6895,11.17,1
32.0,75.0,2023-10-24,23,156.55,6.806521739130435,11.76,1
32.0,75.0,2023-10-25,22,146.59,6.663181818181818,23.25,1
32.0,75.0,2023-10-26,45,158.88,3.5306666666666664,8.4,1
32.0,75.0,2023-10-27,29,161.11,5.555517241379311,13.31,1
32.0,75.0,2023-10-28,2,4.87,2.435,2.47,1
32.0,75.0,2023-10-29,36,129.93,3.609166666666667,6.11,1
32.0,75.0,2023-10-30,29,112.97,3.89551724137931,14.81,1
32.0,75.0,2023-10-31,48,192.21,4.0043750000000005,21.7,1
32.0,75.0,2023-11-01,40,154.26,3.8564999999999996,11.97,1
32.0,75.0,2023-11-03,20,75.36,3.768,6.43,1
32.0,75.0,2023-11-04,25,120.48,4.8192,9.84,1
32.0,75.0,2023-11-05,49,176.94,3.6110204081632653,12.21,1
32.0,75.0,2023-11-06,3,10.79,3.5966666666666662,4.87,1
32.0,75.0,2023-11-07,7,26.4,3.7714285714285714,6.18,1
32.0,75.0,2023-11-08,1,1.78,1.78,1.78,1
32.0,75.0,2023-11-09,10,39.26,3.9259999999999997,6.06,1
32.0,75.0,2023-11-13,6,22.56,3.76,10.12,1
32.0,75.0,2023-11-14,13,50.39,3.876153846153846,8.86,1
32.0,75.0,2023-11-15,20,65.32,3.2659999999999996,5.2,1
32.0,75.0,2023-11-16,18,52.54,2.9188888888888886,6.87,1
32.0,75.0,2023-11-17,16,64.87,4.054375,11.64,1
32.0,75.0,2023-11-18,1,6.12,6.12,6.12,1
32.0,75.0,2023-11-19,16,61.5,3.84375,12.08,1
32.0,75.0,2023-11-20,6,18.07,3.0116666666666667,4.61,1
32.0,75.0,2023-11-21,22,76.46000000000001,3.475454545454546,9.98,1
32.0,75.0,2023-11-22,22,86.82,3.946363636363636,10.1,1
32.0,75.0,2023-11-23,9,34.54,3.8377777777777777,7.18,1
32.0,75.0,2023-11-24,14,64.1,4.578571428571428,9.77,1
32.0,75.0,2023-11-27,2,1.6,0.8,0.86,1
32.0,75.0,2023-11-28,4,17.27,4.3175,7.72,1
32.0,75.0,2023-12-01,2,3.96,1.98,2.62,1
32.0,75.0,2023-12-06,2,7.57,3.785,5.0,1
32.0,75.0,2023-12-07,6,24.26,4.043333333333334,6.36,1
32.0,75.0,2023-12-08,1,1.97,1.97,1.97,1
32.0,75.0,2023-12-11,1,2.45,2.45,2.45,1
32.0,75.0,2023-12-13,1,1.56,1.56,1.56,1
32.0,75.0,2023-12-14,1,3.4,3.4,3.4,1
32.0,75.0,2023-12-16,6,35.269999999999996,5.878333333333333,6.77,1
32.0,75.0,2023-12-17,2,6.46,3.23,3.64,1
32.0,75.0,2023-12-18,1,3.01,3.01,3.01,1
32.0,75.0,2023-12-23,3,14.21,4.736666666666667,5.68,1
32.0,75.0,2024-01-28,1,1.9,1.9,1.9,1
32.0,75.0,2024-01-30,2,6.96,3.48,3.48,1
32.0,75.0,2024-02-09,1,3.76,3.76,3.76,1
32.0,75.0,2024-02-10,1,28.23,28.23,28.23,1
32.0,75.0,2024-02-11,2,5.02,2.51,3.02,1
32.0,75.0,2024-02-13,2,4.08,2.04,2.48,1
32.0,75.0,2024-02-15,1,1.76,1.76,1.76,1
32.0,75.0,2024-02-21,2,9.71,4.855,7.22,1
32.0,75.0,2024-02-23,1,5.33,5.33,5.33,1
32.0,75.0,2024-02-24,4,25.56,6.39,10.67,1
32.0,75.0,2024-02-27,1,6.25,6.25,6.25,1
32.0,75.0,2024-02-28,1,3.63,3.63,3.63,1
32.0,75.0,2024-03-04,1,12.99,12.99,12.99,1
32.0,75.0,2024-03-06,2,8.74,4.37,5.11,1
32.0,75.0,2024-03-07,1,2.95,2.95,2.95,1
32.0,75.0,2024-03-08,2,5.0,2.5,2.87,1
32.0,75.0,2024-03-12,3,13.530000000000001,4.510000000000001,8.46,1
32.0,75.0,2024-03-14,2,7.290000000000001,3.6450000000000005,4.07,1
32.0,75.0,2024-03-19,2,8.17,4.085,5.75,1
32.0,75.0,2024-03-22,1,3.58,3.58,3.58,1
32.0,75.0,2024-03-25,1,0.74,0.74,0.74,1
32.0,75.0,2024-04-01,2,6.04,3.02,3.02,1
32.0,75.0,2024-04-03,2,6.890000000000001,3.4450000000000003,3.71,1
32.0,75.0,2024-04-04,1,5.88,5.88,5.88,1
32.0,75.0,2024-04-07,1,0.63,0.63,0.63,1
32.0,75.0,2024-04-08,1,2.97,2.97,2.97,1
32.0,75.0,2024-05-02,3,7.32,2.44,2.98,1
32.0,75.0,2024-05-04,4,100.26,25.065,39.7,1
32.0,75.0,2024-05-05,1,0.95,0.95,0.95,1
32.0,75.0,2024-05-06,1,5.0,5.0,5.0,1
32.0,75.0,2024-05-07,29,371.27,12.802413793103447,31.81,1
32.0,75.0,2024-05-08,38,219.8,5.78421052631579,11.11,1
32.0,75.0,2024-05-09,66,278.26,4.216060606060606,10.69,1
32.0,75.0,2024-05-10,115,752.61,6.544434782608696,40.3,1
32.0,75.0,2024-05-11,5,77.15,15.430000000000001,36.72,1
32.0,75.0,2024-05-13,602,4283.68,7.115747508305648,40.36,1
32.0,75.0,2024-05-14,251,3031.7,12.078486055776892,67.68,1
32.0,75.0,2024-05-15,221,2264.75,10.247737556561086,41.31,1
32.0,75.0,2024-05-16,255,1856.1,7.278823529411764,62.4,1
32.0,75.0,2024-05-17,203,1516.1,7.468472906403941,30.52,1
32.0,75.0,2024-05-18,322,2073.77,6.44027950310559,29.07,1
32.0,75.0,2024-05-19,147,1397.97,9.51,41.82,1
32.0,75.0,2024-05-20,48,687.69,14.326875000000001,48.56,1
32.0,75.0,2024-05-21,40,319.1,7.977500000000001,25.23,1
32.0,75.0,2024-05-22,48,374.21999999999997,7.79625,22.36,1
32.0,75.0,2024-05-23,29,161.54,5.570344827586206,18.84,1
32.0,75.0,2024-05-24,15,72.85,4.8566666666666665,11.36,1
32.0,75.0,2024-05-25,12,127.83,10.6525,36.4,1
32.0,75.0,2024-05-26,17,224.37,13.198235294117648,32.25,1
32.0,75.0,2024-05-28,14,147.72,10.551428571428572,17.99,1
32.0,75.0,2024-05-29,11,86.4,7.854545454545455,16.99,1
32.0,75.0,2024-06-04,5,42.89,8.578,15.74,1
32.0,75.0,2024-06-06,1,4.92,4.92,4.92,1
32.0,75.0,2024-06-07,6,34.24,5.706666666666667,8.41,1
32.0,75.0,2024-06-09,11,95.78999999999999,8.708181818181817,11.7,1
32.0,75.0,2024-06-10,10,90.31,9.031,19.25,1
32.0,75.0,2024-06-11,2,16.3,8.15,13.68,1
32.0,75.0,2024-06-12,1,11.52,11.52,11.52,1
32.0,75.0,2024-06-13,10,121.25,12.125,20.89,1
32.0,75.0,2024-06-14,3,9.120000000000001,3.0400000000000005,4.5,1
32.0,75.0,2024-06-15,3,15.780000000000001,5.260000000000001,7.13,1
32.0,75.0,2024-06-16,1,12.33,12.33,12.33,1
32.0,75.0,2024-06-18,1,9.44,9.44,9.44,1
32.0,75.0,2024-06-21,1,10.52,10.52,10.52,1
32.0,75.0,2024-06-24,1,4.85,4.85,4.85,1
32.0,75.0,2024-06-29,1,3.34,3.34,3.34,1
32.0,75.0,2024-09-08,1,5.29,5.29,5.29,1
32.0,75.0,2024-09-14,2,6.02,3.01,3.19,1
32.0,75.0,2024-09-20,3,14.09,4.696666666666666,7.4,1
32.0,75.0,2024-09-21,4,18.77,4.6925,7.86,1
32.0,75.0,2024-09-22,2,5.13,2.565,3.06,1
32.0,75.0,2024-09-23,1,4.45,4.45,4.45,1
32.0,75.0,2024-09-25,2,8.75,4.375,4.47,1
32.0,75.0,2024-09-29,1,3.77,3.77,3.77,1
32.0,75.0,2024-10-01,4,9.97,2.4925,4.57,1
32.0,75.0,2024-10-02,4,22.46,5.615,7.61,1
32.0,75.0,2024-10-03,4,21.41,5.3525,7.86,1
32.0,75.0,2024-10-07,2,7.77,3.885,5.14,1
32.0,75.0,2024-10-08,2,5.1899999999999995,2.5949999999999998,2.93,1
32.0,75.0,2024-10-09,3,7.87,2.6233333333333335,3.89,1
32.0,75.0,2024-10-10,7,57.2,8.171428571428573,15.48,1
32.0,75.0,2024-10-11,8,27.89,3.48625,5.52,1
32.0,75.0,2024-10-12,20,65.08,3.254,7.63,1
32.0,75.0,2024-10-13,10,37.34,3.7340000000000004,5.15,1
32.0,75.0,2024-10-14,4,17.32,4.33,5.5,1
32.0,75.0,2024-10-15,5,11.52,2.304,2.63,1
32.0,75.0,2024-10-16,20,65.12,3.2560000000000002,5.99,1
32.0,75.0,2024-10-17,21,76.49,3.642380952380952,8.1,1
32.0,75.0,2024-10-18,9,37.26,4.14,8.5,1
32.0,75.0,2024-10-19,8,44.74,5.5925,13.5,1
32.0,75.0,2024-10-20,4,16.38,4.095,6.78,1
32.0,75.0,2024-10-21,2,3.82,1.91,2.4,1
32.0,75.0,2024-10-22,3,12.620000000000001,4.206666666666667,7.16,1
32.0,75.0,2024-10-23,10,28.46,2.846,4.51,1
32.0,75.0,2024-10-24,7,25.42,3.6314285714285717,8.65,1
32.0,75.0,2024-10-25,4,10.8,2.7,3.04,1
32.0,75.0,2024-10-26,4,21.57,5.3925,9.97,1
32.0,75.0,2024-10-27,10,33.61,3.3609999999999998,5.83,1
32.0,75.0,2024-10-28,12,32.61,2.7175,5.08,1
32.0,75.0,2024-10-29,9,44.89,4.987777777777778,8.18,1
32.0,75.0,2024-10-30,10,42.08,4.208,9.39,1
32.0,75.0,2024-10-31,19,73.51,3.8689473684210527,8.55,1
32.0,75.0,2024-11-01,47,211.76,4.505531914893617,16.46,1
32.0,75.0,2024-11-02,42,145.99,3.475952380952381,8.07,1
32.0,75.0,2024-11-07,17,54.47,3.2041176470588235,6.58,1
32.0,75.0,2024-11-08,17,52.46,3.0858823529411765,6.41,1
32.0,75.0,2024-11-09,10,28.43,2.843,5.16,1
32.0,75.0,2024-11-10,1,2.36,2.36,2.36,1
32.0,75.0,2024-11-11,1,5.89,5.89,5.89,1
32.0,75.0,2024-11-12,13,50.42,3.8784615384615386,7.27,1
32.0,75.0,2024-11-13,1,2.77,2.77,2.77,1
32.0,75.0,2024-11-17,7,31.83,4.547142857142857,6.6,1
32.0,75.0,2024-11-18,6,15.31,2.5516666666666667,3.7,1
32.0,75.0,2024-11-19,17,69.39,4.081764705882353,18.23,1
32.0,75.0,2024-11-20,15,65.87,4.391333333333334,12.06,1
32.0,75.0,2024-11-21,8,28.8,3.6,6.42,1
32.0,75.0,2024-11-22,6,24.99,4.165,8.2,1
32.0,75.0,2024-11-24,9,38.11,4.234444444444445,7.86,1
32.0,75.0,2024-11-25,2,4.3100000000000005,2.1550000000000002,2.23,1
32.0,75.0,2024-11-26,3,8.42,2.8066666666666666,2.9,1
32.0,75.0,2024-11-27,2,8.99,4.495,6.99,1
32.0,75.0,2024-12-02,1,4.02,4.02,4.02,1
32.0,75.0,2024-12-03,1,2.99,2.99,2.99,1
32.0,75.0,2024-12-06,1,4.09,4.09,4.09,1
32.0,75.0,2024-12-07,1,2.69,2.69,2.69,1
32.0,75.0,2024-12-09,1,2.52,2.52,2.52,1
32.0,75.0,2024-12-10,2,5.210000000000001,2.6050000000000004,4.15,1
32.0,75.0,2024-12-11,1,2.89,2.89,2.89,1
32.0,75.0,2024-12-14,1,12.8,12.8,12.8,1
32.0,75.0,2024-12-20,1,2.2,2.2,2.2,1
32.0,75.0,2024-12-25,2,3.87,1.935,2.25,1
32.0,75.0,2024-12-26,3,4.0600000000000005,1.3533333333333335,1.7,1
32.0,75.0,2025-01-05,2,4.75,2.375,3.06,1
32.0,75.0,2025-01-13,1,1.87,1.87,1.87,1
32.0,75.0,2025-01-20,3,16.66,5.553333333333334,8.47,1
32.0,75.0,2025-01-22,3,11.48,3.8266666666666667,6.57,1
32.0,75.0,2025-01-23,1,2.47,2.47,2.47,1
32.0,75.0,2025-01-27,2,2.4299999999999997,1.2149999999999999,1.25,1
32.0,75.0,2025-01-28,1,1.49,1.49,1.49,1
32.0,75.0,2025-01-30,2,7.04,3.52,3.54,1
32.0,75.0,2025-01-31,1,4.24,4.24,4.24,1
32.0,75.0,2025-02-07,1,2.17,2.17,2.17,1
32.0,75.0,2025-02-09,6,36.49,6.081666666666667,8.5,1
32.0,75.0,2025-02-11,1,2.57,2.57,2.57,1
32.0,75.0,2025-02-12,1,2.67,2.67,2.67,1
32.0,75.0,2025-02-13,4,10.92,2.73,3.73,1
32.0,75.0,2025-02-14,3,9.54,3.1799999999999997,3.4,1
32.0,75.0,2025-02-15,1,2.78,2.78,2.78,1
32.0,75.0,2025-02-18,1,3.29,3.29,3.29,1
32.0,75.0,2025-02-19,2,14.91,7.455,8.14,1
32.0,75.0,2025-02-23,1,1.46,1.46,1.46,1
32.0,75.0,2025-03-05,4,8.71,2.1775,3.13,1
32.0,75.0,2025-03-06,3,13.13,4.376666666666667,5.69,1
32.0,75.0,2025-03-07,1,5.46,5.46,5.46,1
32.0,75.0,2025-03-08,1,2.86,2.86,2.86,1
32.0,75.0,2025-03-10,3,5.88,1.96,2.19,1
32.0,75.0,2025-03-13,2,7.34,3.67,4.04,1
32.0,75.0,2025-03-14,1,6.31,6.31,6.31,1
32.0,75.0,2025-03-16,1,8.32,8.32,8.32,1
32.0,75.0,2025-03-17,1,6.62,6.62,6.62,1
32.0,75.0,2025-03-19,3,8.59,2.8633333333333333,4.33,1
32.0,75.0,2025-03-20,1,4.32,4.32,4.32,1
32.0,75.0,2025-03-21,1,3.62,3.62,3.62,1
32.0,75.0,2025-03-22,1,3.52,3.52,3.52,1
32.0,75.0,2025-03-25,1,2.58,2.58,2.58,1
32.0,75.0,2025-03-28,2,12.57,6.285,7.75,1
32.0,75.0,2025-03-31,1,4.52,4.52,4.52,1
32.0,75.0,2025-04-07,1,3.82,3.82,3.82,1
32.0,75.0,2025-04-10,1,5.95,5.95,5.95,1
32.0,75.0,2025-04-25,2,7.5,3.75,3.87,1
32.0,75.0,2025-04-26,1,16.58,16.58,16.58,1
32.0,75.0,2025-04-29,16,275.5,17.21875,37.19,1
32.0,75.0,2025-04-30,9,35.26,3.9177777777777774,7.72,1
32.0,75.0,2025-05-03,4,22.759999999999998,5.6899999999999995,8.62,1
32.0,75.0,2025-05-06,14,100.77,7.197857142857143,13.19,1
32.0,75.0,2025-05-07,34,224.46,6.601764705882353,17.87,1
32.0,75.0,2025-05-09,35,232.05,6.63,28.91,1
32.0,75.0,2025-05-10,129,977.17,7.574961240310077,38.24,1
32.0,75.0,2025-05-11,238,1294.87,5.44063025210084,42.11,1
32.0,75.0,2025-05-12,189,971.25,5.138888888888889,18.47,1
32.0,75.0,2025-05-13,271,1842.69,6.79959409594096,71.63,1
32.0,75.0,2025-05-14,204,1612.39,7.903872549019608,61.52,1
32.0,75.0,2025-05-15,202,1040.82,5.1525742574257425,22.73,1
32.0,75.0,2025-05-16,195,878.68,4.506051282051282,19.6,1
32.0,75.0,2025-05-17,139,926.24,6.663597122302158,30.86,1
32.0,75.0,2025-05-18,169,838.23,4.959940828402367,17.47,1
32.0,75.0,2025-05-19,44,321.39,7.304318181818181,35.81,1
32.0,75.0,2025-05-20,74,392.21,5.300135135135135,19.53,1
32.0,75.0,2025-05-21,35,162.55,4.644285714285715,12.96,1
32.0,75.0,2025-05-22,21,89.36,4.255238095238095,16.21,1
32.0,75.0,2025-05-23,26,224.74,8.643846153846154,19.01,1
32.0,75.0,2025-05-24,22,306.15999999999997,13.916363636363634,42.3,1
32.0,75.0,2025-05-25,4,10.45,2.6125,6.08,1
32.0,75.0,2025-05-26,35,276.42,7.897714285714287,36.91,1
32.0,75.0,2025-05-27,38,218.24,5.743157894736842,14.12,1
32.0,75.0,2025-05-28,25,204.46,8.1784,38.04,1
32.0,75.0,2025-05-29,16,110.92,6.9325,26.09,1
32.0,75.0,2025-05-30,7,219.73000000000002,31.390000000000004,175.12,1
32.0,75.0,2025-05-31,6,29.51,4.918333333333334,13.71,1
32.0,75.0,2025-06-01,23,150.23,6.531739130434782,26.75,1
32.0,75.0,2025-06-02,5,46.21,9.242,11.84,1
32.0,75.0,2025-06-03,4,27.29,6.8225,9.79,1
32.0,75.0,2025-06-04,7,28.82,4.117142857142857,6.81,1
32.0,75.0,2025-06-05,6,23.85,3.975,5.37,1
32.0,75.0,2025-06-06,5,12.91,2.582,3.96,1
32.0,75.0,2025-06-07,1,7.41,7.41,7.41,1
32.0,75.0,2025-06-08,3,30.62,10.206666666666667,18.09,1
32.0,75.0,2025-06-09,3,42.230000000000004,14.076666666666668,23.44,1
32.0,75.0,2025-06-10,4,30.62,7.655,11.13,1
32.0,75.0,2025-06-11,3,14.46,4.82,5.45,1
32.0,75.0,2025-06-12,2,4.47,2.235,2.9,1
32.0,75.0,2025-06-13,2,14.420000000000002,7.210000000000001,8.06,1
32.0,75.0,2025-06-14,3,25.939999999999998,8.646666666666667,9.68,1
32.0,75.0,2025-06-16,2,21.61,10.805,17.61,1
32.0,75.0,2025-06-18,1,8.68,8.68,8.68,1
32.0,75.0,2025-06-19,2,5.5600000000000005,2.7800000000000002,4.25,1
32.0,75.0,2025-06-24,1,4.75,4.75,4.75,1
32.0,75.0,2025-09-17,3,9.06,3.02,3.97,1
32.0,75.0,2025-09-18,1,3.06,3.06,3.06,1
32.0,75.0,2025-09-28,4,10.84,2.71,3.29,1
32.0,75.0,2025-09-29,1,2.06,2.06,2.06,1
32.0,75.0,2025-09-30,4,17.12,4.28,5.03,1
32.0,75.0,2025-10-02,1,2.53,2.53,2.53,1
32.0,75.0,2025-10-03,3,6.66,2.22,2.29,1
32.0,75.0,2025-10-04,3,6.06,2.02,3.71,1
32.0,75.0,2025-10-10,2,5.29,2.645,2.92,1
32.0,75.0,2025-10-11,1,2.13,2.13,2.13,1
32.0,75.0,2025-10-12,2,9.7,4.85,7.18,1
32.0,75.0,2025-10-13,2,9.719999999999999,4.859999999999999,5.01,1
32.0,75.0,2025-10-14,3,12.54,4.18,5.42,1
32.0,75.0,2025-10-15,5,14.0,2.8,4.83,1
32.0,75.0,2025-10-16,3,15.79,5.263333333333333,7.22,1
32.0,75.0,2025-10-18,1,4.9,4.9,4.9,1
32.0,75.0,2025-10-19,7,34.55,4.935714285714285,7.43,1
32.0,75.0,2025-10-20,14,38.79,2.7707142857142855,4.22,1
32.0,75.0,2025-10-21,9,29.78,3.308888888888889,6.96,1
32.0,75.0,2025-10-22,5,21.02,4.204,5.76,1
32.0,75.0,2025-10-23,10,38.61,3.8609999999999998,5.9,1
32.0,75.0,2025-10-24,2,7.86,3.93,5.78,1
32.0,75.0,2025-10-25,3,8.34,2.78,3.36,1
32.0,75.0,2025-10-26,15,52.66,3.5106666666666664,6.92,1
32.0,75.0,2025-10-27,4,22.169999999999998,5.5424999999999995,12.04,1
32.0,75.0,2025-10-28,3,17.799999999999997,5.933333333333333,11.59,1
32.0,75.0,2025-10-29,1,4.34,4.34,4.34,1
32.0,75.0,2025-10-30,10,67.4,6.74,14.17,1
32.0,75.0,2025-10-31,13,53.129999999999995,4.086923076923076,11.03,1
32.0,75.0,2025-11-01,7,32.05,4.578571428571428,5.73,1
32.0,75.0,2025-11-02,4,33.39,8.3475,11.04,1
32.0,75.0,2025-11-03,3,10.31,3.436666666666667,4.57,1
32.0,75.0,2025-11-04,8,32.34,4.0425,8.78,1
32.0,75.0,2025-11-05,6,14.05,2.341666666666667,2.96,1
32.0,75.0,2025-11-06,4,19.96,4.99,11.32,1
32.0,75.0,2025-11-07,4,23.87,5.9675,14.67,1
32.0,75.0,2025-11-08,11,72.18,6.561818181818182,12.51,1
32.0,75.0,2025-11-09,12,48.1,4.008333333333334,7.24,1
32.0,75.0,2025-11-10,10,31.669999999999998,3.167,4.47,1
32.0,75.0,2025-11-11,9,27.23,3.0255555555555556,4.98,1
32.0,75.0,2025-11-13,6,19.21,3.2016666666666667,5.88,1
32.0,75.0,2025-11-14,6,47.84,7.973333333333334,16.66,1
32.0,75.0,2025-11-15,4,14.129999999999999,3.5324999999999998,5.47,1
32.0,75.0,2025-11-16,13,34.38,2.644615384615385,5.4,1
32.0,75.0,2025-11-17,2,7.42,3.71,3.71,1
32.0,75.0,2025-11-19,2,9.66,4.83,5.14,1
32.0,75.0,2025-11-20,2,4.4399999999999995,2.2199999999999998,2.43,1
32.0,75.0,2025-11-21,7,25.119999999999997,3.588571428571428,6.84,1
32.0,75.0,2025-11-22,4,14.049999999999999,3.5124999999999997,5.02,1
32.0,75.0,2025-11-23,1,2.86,2.86,2.86,1
32.0,75.0,2025-11-25,3,9.629999999999999,3.2099999999999995,4.01,1
32.0,75.0,2025-11-27,1,1.5,1.5,1.5,1
32.0,75.0,2025-11-30,1,1.09,1.09,1.09,1
32.0,75.0,2025-12-01,1,0.3,0.3,0.3,1
32.0,75.0,2025-12-02,1,1.85,1.85,1.85,1
32.0,75.0,2025-12-07,1,1.04,1.04,1.04,1
32.0,75.0,2025-12-08,1,3.59,3.59,3.59,1
32.0,75.0,2025-12-10,1,2.44,2.44,2.44,1
32.0,75.0,2025-12-14,1,2.0,2.0,2.0,1
32.0,75.0,2025-12-16,3,8.04,2.6799999999999997,2.88,1
32.0,75.0,2025-12-22,1,3.37,3.37,3.37,1
32.0,75.625,2023-01-12,1,2.58,2.58,2.58,1
32.0,75.625,2023-01-14,1,1.59,1.59,1.59,1
32.0,75.625,2023-01-16,1,6.1,6.1,6.1,1
32.0,75.625,2023-01-17,5,19.12,3.8240000000000003,6.4,1
32.0,75.625,2023-01-19,3,12.06,4.0200000000000005,5.19,1
32.0,75.625,2023-01-22,4,22.39,5.5975,6.77,1
32.0,75.625,2023-01-23,5,12.85,2.57,3.67,1
32.0,75.625,2023-02-05,1,5.12,5.12,5.12,1
32.0,75.625,2023-02-06,3,8.41,2.8033333333333332,2.98,1
32.0,75.625,2023-02-07,5,13.53,2.706,5.42,1
32.0,75.625,2023-02-10,5,17.61,3.522,4.47,1
32.0,75.625,2023-02-11,2,6.39,3.195,3.34,1
32.0,75.625,2023-02-12,9,23.85,2.6500000000000004,5.41,1
32.0,75.625,2023-02-13,3,7.5600000000000005,2.52,3.71,1
32.0,75.625,2023-02-14,1,5.18,5.18,5.18,1
32.0,75.625,2023-02-16,2,6.3999999999999995,3.1999999999999997,4.06,1
32.0,75.625,2023-02-18,4,15.059999999999999,3.7649999999999997,5.13,1
32.0,75.625,2023-02-21,2,9.49,4.745,4.8,1
32.0,75.625,2023-02-22,1,2.39,2.39,2.39,1
32.0,75.625,2023-02-23,7,29.29,4.184285714285714,16.8,1
32.0,75.625,2023-02-24,3,5.99,1.9966666666666668,2.15,1
32.0,75.625,2023-02-25,19,113.09,5.952105263157895,13.21,1
32.0,75.625,2023-02-26,9,58.24,6.471111111111111,12.67,1
32.0,75.625,2023-02-27,3,17.18,5.726666666666667,9.1,1
32.0,75.625,2023-03-01,2,9.64,4.82,6.02,1
32.0,75.625,2023-03-02,2,7.34,3.67,4.32,1
32.0,75.625,2023-03-03,7,20.83,2.9757142857142855,6.35,1
32.0,75.625,2023-03-04,1,5.27,5.27,5.27,1
32.0,75.625,2023-03-05,1,2.1,2.1,2.1,1
32.0,75.625,2023-03-06,6,16.36,2.7266666666666666,4.69,1
32.0,75.625,2023-03-09,2,12.2,6.1,7.2,1
32.0,75.625,2023-03-10,4,12.89,3.2225,3.83,1
32.0,75.625,2023-03-11,1,8.41,8.41,8.41,1
32.0,75.625,2023-03-12,2,6.800000000000001,3.4000000000000004,3.58,1
32.0,75.625,2023-03-13,7,22.39,3.198571428571429,5.22,1
32.0,75.625,2023-03-14,6,33.95,5.658333333333334,6.63,1
32.0,75.625,2023-03-15,1,4.96,4.96,4.96,1
32.0,75.625,2023-03-16,1,2.02,2.02,2.02,1
32.0,75.625,2023-03-22,10,45.29,4.529,12.14,1
32.0,75.625,2023-03-23,1,4.37,4.37,4.37,1
32.0,75.625,2023-03-27,4,19.9,4.975,8.5,1
32.0,75.625,2023-03-28,6,26.07,4.345,7.37,1
32.0,75.625,2023-03-29,3,10.49,3.4966666666666666,5.3,1
32.0,75.625,2023-04-04,1,3.31,3.31,3.31,1
32.0,75.625,2023-04-05,2,6.22,3.11,4.09,1
32.0,75.625,2023-04-06,3,16.51,5.503333333333334,8.13,1
32.0,75.625,2023-04-07,4,11.39,2.8475,3.99,1
32.0,75.625,2023-04-09,4,8.82,2.205,2.89,1
32.0,75.625,2023-04-10,2,12.38,6.19,6.98,1
32.0,75.625,2023-04-12,2,8.0,4.0,7.15,1
32.0,75.625,2023-04-13,1,3.0,3.0,3.0,1
32.0,75.625,2023-04-14,2,10.61,5.305,5.42,1
32.0,75.625,2023-04-24,4,16.94,4.235,8.74,1
32.0,75.625,2023-04-25,5,20.97,4.194,6.94,1
32.0,75.625,2023-04-26,1,2.31,2.31,2.31,1
32.0,75.625,2023-04-29,1,2.73,2.73,2.73,1
32.0,75.625,2023-04-30,3,11.34,3.78,5.95,1
32.0,75.625,2023-05-03,9,22.68,2.52,3.78,1
32.0,75.625,2023-05-04,5,25.37,5.074,6.05,1
32.0,75.625,2023-05-05,34,237.29000000000002,6.979117647058824,24.19,1
32.0,75.625,2023-05-06,36,243.65,6.768055555555556,34.17,1
32.0,75.625,2023-05-07,8,25.919999999999998,3.2399999999999998,9.12,1
32.0,75.625,2023-05-08,91,678.32,7.454065934065935,38.32,1
32.0,75.625,2023-05-09,27,236.79,8.77,23.73,1
32.0,75.625,2023-05-10,58,485.58,8.372068965517242,65.01,1
32.0,75.625,2023-05-11,96,573.64,5.975416666666667,29.09,1
32.0,75.625,2023-05-12,122,1051.86,8.621803278688525,30.98,1
32.0,75.625,2023-05-13,182,1295.52,7.1182417582417585,33.97,1
32.0,75.625,2023-05-14,53,379.87,7.167358490566038,24.79,1
32.0,75.625,2023-05-15,58,389.95,6.723275862068966,14.61,1
32.0,75.625,2023-05-16,44,215.52,4.898181818181818,17.61,1
32.0,75.625,2023-05-17,42,174.55,4.155952380952381,12.6,1
32.0,75.625,2023-05-18,15,81.32000000000001,5.421333333333334,14.73,1
32.0,75.625,2023-05-19,14,104.64999999999999,7.475,19.15,1
32.0,75.625,2023-05-20,6,41.739999999999995,6.956666666666666,10.86,1
32.0,75.625,2023-05-21,20,206.06,10.303,22.12,1
32.0,75.625,2023-05-22,16,95.8,5.9875,11.54,1
32.0,75.625,2023-05-23,1,2.41,2.41,2.41,1
32.0,75.625,2023-05-24,4,15.600000000000001,3.9000000000000004,4.94,1
32.0,75.625,2023-05-28,3,17.01,5.670000000000001,6.54,1
32.0,75.625,2023-06-03,1,3.51,3.51,3.51,1
32.0,75.625,2023-06-04,1,1.27,1.27,1.27,1
32.0,75.625,2023-06-05,3,14.41,4.803333333333334,6.01,1
32.0,75.625,2023-06-06,3,22.67,7.5566666666666675,14.49,1
32.0,75.625,2023-06-10,1,10.91,10.91,10.91,1
32.0,75.625,2023-06-12,1,2.83,2.83,2.83,1
32.0,75.625,2023-06-16,2,6.32,3.16,3.21,1
32.0,75.625,2023-06-17,1,2.59,2.59,2.59,1
32.0,75.625,2023-06-23,2,11.05,5.525,5.89,1
32.0,75.625,2023-09-26,1,4.66,4.66,4.66,1
32.0,75.625,2023-10-24,3,6.84,2.28,2.6,1
32.0,75.625,2023-10-26,6,20.78,3.4633333333333334,6.52,1
32.0,75.625,2023-10-29,4,19.91,4.9775,6.26,1
32.0,75.625,2023-10-30,4,9.87,2.4675,4.21,1
32.0,75.625,2023-10-31,8,26.13,3.26625,4.28,1
32.0,75.625,2023-11-01,9,34.58,3.842222222222222,8.75,1
32.0,75.625,2023-11-03,2,14.34,7.17,12.31,1
32.0,75.625,2023-11-04,3,12.059999999999999,4.02,4.52,1
32.0,75.625,2023-11-05,30,122.37,4.079,9.2,1
32.0,75.625,2023-11-06,16,42.86,2.67875,9.56,1
32.0,75.625,2023-11-07,4,11.620000000000001,2.9050000000000002,3.39,1
32.0,75.625,2023-11-08,1,5.28,5.28,5.28,1
32.0,75.625,2023-11-09,3,6.890000000000001,2.296666666666667,4.13,1
32.0,75.625,2023-11-16,2,7.51,3.755,4.27,1
32.0,75.625,2023-11-17,2,8.66,4.33,4.57,1
32.0,75.625,2023-11-18,1,3.76,3.76,3.76,1
32.0,75.625,2023-11-19,1,2.75,2.75,2.75,1
32.0,75.625,2023-11-20,2,4.84,2.42,2.96,1
32.0,75.625,2023-11-21,4,11.74,2.935,4.16,1
32.0,75.625,2023-11-22,1,2.43,2.43,2.43,1
32.0,75.625,2023-11-23,1,4.49,4.49,4.49,1
32.0,75.625,2023-11-24,1,1.53,1.53,1.53,1
32.0,75.625,2023-12-02,1,0.56,0.56,0.56,1
32.0,75.625,2023-12-05,2,5.4,2.7,3.45,1
32.0,75.625,2023-12-08,2,8.0,4.0,6.14,1
32.0,75.625,2023-12-09,1,1.63,1.63,1.63,1
32.0,75.625,2023-12-10,1,1.94,1.94,1.94,1
32.0,75.625,2023-12-11,2,6.9,3.45,3.87,1
32.0,75.625,2023-12-13,3,13.89,4.63,9.26,1
32.0,75.625,2023-12-16,1,2.31,2.31,2.31,1
32.0,75.625,2023-12-17,2,3.9000000000000004,1.9500000000000002,2.14,1
32.0,75.625,2023-12-18,3,8.8,2.9333333333333336,3.5,1
32.0,75.625,2023-12-20,3,9.86,3.2866666666666666,5.01,1
32.0,75.625,2023-12-21,1,2.96,2.96,2.96,1
32.0,75.625,2023-12-23,6,18.509999999999998,3.0849999999999995,6.38,1
32.0,75.625,2023-12-24,1,2.23,2.23,2.23,1
32.0,75.625,2023-12-25,3,6.63,2.21,3.16,1
32.0,75.625,2023-12-27,1,1.41,1.41,1.41,1
32.0,75.625,2023-12-29,4,9.65,2.4125,2.88,1
32.0,75.625,2024-01-03,1,1.66,1.66,1.66,1
32.0,75.625,2024-01-16,1,3.68,3.68,3.68,1
32.0,75.625,2024-01-18,8,31.96,3.995,5.61,1
32.0,75.625,2024-01-23,1,4.27,4.27,4.27,1
32.0,75.625,2024-01-27,1,3.75,3.75,3.75,1
32.0,75.625,2024-01-28,2,3.6799999999999997,1.8399999999999999,2.23,1
32.0,75.625,2024-01-29,2,7.0200000000000005,3.5100000000000002,4.15,1
32.0,75.625,2024-01-30,2,4.3,2.15,2.62,1
32.0,75.625,2024-02-07,1,5.39,5.39,5.39,1
32.0,75.625,2024-02-08,4,13.3,3.325,4.66,1
32.0,75.625,2024-02-09,5,22.31,4.462,7.43,1
32.0,75.625,2024-02-10,10,37.78,3.778,6.45,1
32.0,75.625,2024-02-11,3,10.55,3.516666666666667,4.95,1
32.0,75.625,2024-02-13,1,2.77,2.77,2.77,1
32.0,75.625,2024-02-14,5,18.98,3.7960000000000003,4.5,1
32.0,75.625,2024-02-15,5,15.469999999999999,3.094,4.87,1
32.0,75.625,2024-02-16,8,25.31,3.16375,4.56,1
32.0,75.625,2024-02-17,5,24.02,4.804,6.74,1
32.0,75.625,2024-02-21,1,2.86,2.86,2.86,1
32.0,75.625,2024-02-22,1,2.45,2.45,2.45,1
32.0,75.625,2024-02-23,1,2.47,2.47,2.47,1
32.0,75.625,2024-02-24,4,20.44,5.11,6.65,1
32.0,75.625,2024-02-25,1,7.1,7.1,7.1,1
32.0,75.625,2024-02-27,1,5.36,5.36,5.36,1
32.0,75.625,2024-02-28,6,22.650000000000002,3.7750000000000004,6.08,1
32.0,75.625,2024-02-29,2,4.71,2.355,2.78,1
32.0,75.625,2024-03-06,7,39.29,5.612857142857143,17.87,1
32.0,75.625,2024-03-07,9,30.99,3.4433333333333334,7.01,1
32.0,75.625,2024-03-08,11,54.88,4.989090909090909,21.67,1
32.0,75.625,2024-03-09,3,7.0600000000000005,2.3533333333333335,3.37,1
32.0,75.625,2024-03-12,4,15.129999999999999,3.7824999999999998,4.56,1
32.0,75.625,2024-03-14,2,4.65,2.325,3.2,1
32.0,75.625,2024-03-15,6,20.419999999999998,3.403333333333333,5.51,1
32.0,75.625,2024-03-16,4,13.98,3.495,4.92,1
32.0,75.625,2024-03-18,3,7.24,2.4133333333333336,3.49,1
32.0,75.625,2024-03-19,4,22.85,5.7125,13.5,1
32.0,75.625,2024-03-20,3,13.16,4.386666666666667,6.84,1
32.0,75.625,2024-03-21,3,8.95,2.983333333333333,3.3,1
32.0,75.625,2024-03-22,5,15.12,3.024,4.14,1
32.0,75.625,2024-03-24,7,24.19,3.455714285714286,5.43,1
32.0,75.625,2024-03-25,5,22.57,4.514,7.05,1
32.0,75.625,2024-03-29,1,5.95,5.95,5.95,1
32.0,75.625,2024-04-01,3,7.109999999999999,2.3699999999999997,3.3,1
32.0,75.625,2024-04-02,9,40.45,4.4944444444444445,7.19,1
32.0,75.625,2024-04-03,6,24.25,4.041666666666667,5.75,1
32.0,75.625,2024-04-04,4,9.9,2.475,2.79,1
32.0,75.625,2024-04-05,1,4.23,4.23,4.23,1
32.0,75.625,2024-04-06,4,14.780000000000001,3.6950000000000003,6.28,1
32.0,75.625,2024-04-07,4,17.82,4.455,5.5,1
32.0,75.625,2024-04-08,2,6.67,3.335,5.82,1
32.0,75.625,2024-04-09,2,11.879999999999999,5.9399999999999995,6.2,1
32.0,75.625,2024-04-10,1,2.91,2.91,2.91,1
32.0,75.625,2024-04-13,1,1.5,1.5,1.5,1
32.0,75.625,2024-04-18,2,12.07,6.035,6.54,1
32.0,75.625,2024-04-28,2,11.79,5.895,6.31,1
32.0,75.625,2024-04-30,3,11.34,3.78,6.17,1
32.0,75.625,2024-05-01,4,14.280000000000001,3.5700000000000003,5.03,1
32.0,75.625,2024-05-02,6,20.54,3.4233333333333333,6.89,1
32.0,75.625,2024-05-04,4,3.2199999999999998,0.8049999999999999,1.23,1
32.0,75.625,2024-05-05,34,292.88,8.614117647058823,30.76,1
32.0,75.625,2024-05-06,18,163.07,9.059444444444445,41.07,1
32.0,75.625,2024-05-07,110,1053.58,9.578,114.23,1
32.0,75.625,2024-05-08,107,530.53,4.95822429906542,19.29,1
32.0,75.625,2024-05-09,92,416.59000000000003,4.5281521739130435,17.91,1
32.0,75.625,2024-05-10,171,889.77,5.203333333333333,29.52,1
32.0,75.625,2024-05-12,4,21.470000000000002,5.367500000000001,11.4,1
32.0,75.625,2024-05-13,134,820.29,6.121567164179104,16.45,1
32.0,75.625,2024-05-14,100,1253.57,12.535699999999999,129.21,1
32.0,75.625,2024-05-15,65,816.17,12.556461538461537,35.97,1
32.0,75.625,2024-05-16,66,508.24,7.700606060606061,27.75,1
32.0,75.625,2024-05-17,57,434.96,7.630877192982456,39.57,1
32.0,75.625,2024-05-18,80,300.27,3.7533749999999997,9.45,1
32.0,75.625,2024-05-19,33,167.32,5.07030303030303,19.05,1
32.0,75.625,2024-05-20,29,419.09000000000003,14.451379310344828,47.85,1
32.0,75.625,2024-05-21,23,142.93,6.214347826086957,16.29,1
32.0,75.625,2024-05-22,6,40.769999999999996,6.794999999999999,11.14,1
32.0,75.625,2024-05-23,16,83.41,5.213125,11.81,1
32.0,75.625,2024-05-24,16,68.76,4.2975,8.89,1
32.0,75.625,2024-05-25,1,8.15,8.15,8.15,1
32.0,75.625,2024-05-26,12,107.41,8.950833333333334,16.0,1
32.0,75.625,2024-05-27,1,4.65,4.65,4.65,1
32.0,75.625,2024-05-28,7,29.18,4.168571428571428,6.38,1
32.0,75.625,2024-05-29,14,78.95,5.639285714285714,19.34,1
32.0,75.625,2024-06-04,2,5.38,2.69,3.36,1
32.0,75.625,2024-06-07,3,13.73,4.576666666666667,8.73,1
32.0,75.625,2024-06-08,1,0.62,0.62,0.62,1
32.0,75.625,2024-06-09,5,23.02,4.604,9.72,1
32.0,75.625,2024-06-10,6,46.05,7.675,16.68,1
32.0,75.625,2024-06-11,11,46.87,4.260909090909091,15.14,1
32.0,75.625,2024-06-12,6,31.29,5.215,9.03,1
32.0,75.625,2024-06-13,1,3.95,3.95,3.95,1
32.0,75.625,2024-06-14,1,3.94,3.94,3.94,1
32.0,75.625,2024-06-15,5,25.49,5.098,10.85,1
32.0,75.625,2024-06-16,3,12.440000000000001,4.146666666666667,5.07,1
32.0,75.625,2024-06-17,2,9.99,4.995,6.79,1
32.0,75.625,2024-06-18,3,11.16,3.72,6.36,1
32.0,75.625,2024-06-19,1,3.76,3.76,3.76,1
32.0,75.625,2024-06-22,2,6.12,3.06,3.52,1
32.0,75.625,2024-06-24,1,4.01,4.01,4.01,1
32.0,75.625,2024-06-26,1,3.92,3.92,3.92,1
32.0,75.625,2024-10-11,1,5.03,5.03,5.03,1
32.0,75.625,2024-10-15,1,5.99,5.99,5.99,1
32.0,75.625,2024-10-19,1,2.73,2.73,2.73,1
32.0,75.625,2024-10-22,1,5.23,5.23,5.23,1
32.0,75.625,2024-10-24,1,0.96,0.96,0.96,1
32.0,75.625,2024-10-25,1,2.42,2.42,2.42,1
32.0,75.625,2024-10-27,1,3.01,3.01,3.01,1
32.0,75.625,2024-10-28,3,11.32,3.7733333333333334,5.6,1
32.0,75.625,2024-10-29,3,14.25,4.75,7.94,1
32.0,75.625,2024-10-31,5,20.650000000000002,4.130000000000001,6.98,1
32.0,75.625,2024-11-01,14,59.65,4.260714285714285,7.59,1
32.0,75.625,2024-11-02,12,36.23,3.0191666666666666,7.27,1
32.0,75.625,2024-11-06,1,0.41,0.41,0.41,1
32.0,75.625,2024-11-07,4,13.67,3.4175,5.77,1
32.0,75.625,2024-11-08,5,34.37,6.874,9.27,1
32.0,75.625,2024-11-09,2,9.81,4.905,6.37,1
32.0,75.625,2024-11-10,1,1.56,1.56,1.56,1
32.0,75.625,2024-11-11,2,3.12,1.56,1.76,1
32.0,75.625,2024-11-12,2,7.38,3.69,3.69,1
32.0,75.625,2024-11-18,2,4.01,2.005,2.87,1
32.0,75.625,2024-11-19,4,10.82,2.705,3.36,1
32.0,75.625,2024-11-20,1,3.89,3.89,3.89,1
32.0,75.625,2024-11-21,1,2.49,2.49,2.49,1
32.0,75.625,2024-11-22,1,4.26,4.26,4.26,1
32.0,75.625,2024-11-24,3,7.0600000000000005,2.3533333333333335,2.73,1
32.0,75.625,2024-11-27,2,6.48,3.24,3.7,1
32.0,75.625,2024-11-30,1,2.22,2.22,2.22,1
32.0,75.625,2024-12-01,2,6.159999999999999,3.0799999999999996,4.27,1
32.0,75.625,2024-12-04,6,26.41,4.401666666666666,5.15,1
32.0,75.625,2024-12-05,3,8.03,2.6766666666666663,3.49,1
32.0,75.625,2024-12-06,4,13.5,3.375,3.84,1
32.0,75.625,2024-12-07,3,7.85,2.6166666666666667,2.82,1
32.0,75.625,2024-12-09,3,9.93,3.31,4.01,1
32.0,75.625,2024-12-10,1,2.08,2.08,2.08,1
32.0,75.625,2024-12-12,1,2.27,2.27,2.27,1
32.0,75.625,2024-12-13,3,5.74,1.9133333333333333,3.65,1
32.0,75.625,2024-12-14,2,8.15,4.075,4.18,1
32.0,75.625,2024-12-15,8,20.830000000000002,2.6037500000000002,3.97,1
32.0,75.625,2024-12-16,7,38.28,5.468571428571429,11.12,1
32.0,75.625,2024-12-19,5,19.28,3.8560000000000003,4.41,1
32.0,75.625,2024-12-20,6,14.799999999999999,2.4666666666666663,3.34,1
32.0,75.625,2024-12-21,7,25.19,3.5985714285714288,6.15,1
32.0,75.625,2024-12-25,3,14.54,4.846666666666667,9.19,1
32.0,75.625,2024-12-26,4,13.36,3.34,6.35,1
32.0,75.625,2025-01-04,1,2.91,2.91,2.91,1
32.0,75.625,2025-01-05,5,13.34,2.668,4.0,1
32.0,75.625,2025-01-06,5,11.31,2.262,3.37,1
32.0,75.625,2025-01-09,3,14.780000000000001,4.926666666666667,6.19,1
32.0,75.625,2025-01-14,2,4.94,2.47,2.7,1
32.0,75.625,2025-01-15,2,8.42,4.21,5.23,1
32.0,75.625,2025-01-16,4,12.24,3.06,5.71,1
32.0,75.625,2025-01-17,2,8.600000000000001,4.300000000000001,6.15,1
32.0,75.625,2025-01-20,9,32.97,3.663333333333333,5.09,1
32.0,75.625,2025-01-21,3,9.2,3.0666666666666664,4.81,1
32.0,75.625,2025-01-22,14,47.8,3.414285714285714,5.46,1
32.0,75.625,2025-01-23,7,41.76,5.965714285714285,13.15,1
32.0,75.625,2025-01-24,4,12.8,3.2,4.76,1
32.0,75.625,2025-01-25,7,33.05,4.721428571428571,6.41,1
32.0,75.625,2025-01-26,11,47.92,4.356363636363636,11.65,1
32.0,75.625,2025-01-27,8,33.76,4.22,7.03,1
32.0,75.625,2025-01-28,4,19.21,4.8025,5.59,1
32.0,75.625,2025-01-30,11,27.69,2.5172727272727276,5.34,1
32.0,75.625,2025-01-31,3,25.53,8.51,11.36,1
32.0,75.625,2025-02-01,8,29.5,3.6875,7.84,1
32.0,75.625,2025-02-02,1,2.69,2.69,2.69,1
32.0,75.625,2025-02-04,4,18.84,4.71,6.17,1
32.0,75.625,2025-02-06,6,14.14,2.356666666666667,3.93,1
32.0,75.625,2025-02-07,5,23.3,4.66,8.99,1
32.0,75.625,2025-02-08,3,11.47,3.8233333333333337,7.7,1
32.0,75.625,2025-02-09,2,6.3100000000000005,3.1550000000000002,3.7,1
32.0,75.625,2025-02-11,8,31.3,3.9125,8.41,1
32.0,75.625,2025-02-12,7,21.75,3.107142857142857,5.41,1
32.0,75.625,2025-02-13,7,30.32,4.331428571428572,8.42,1
32.0,75.625,2025-02-14,4,8.940000000000001,2.2350000000000003,2.27,1
32.0,75.625,2025-02-15,8,24.66,3.0825,5.83,1
32.0,75.625,2025-02-17,12,58.06,4.838333333333334,18.61,1
32.0,75.625,2025-02-18,8,30.189999999999998,3.7737499999999997,5.89,1
32.0,75.625,2025-02-19,5,36.05,7.209999999999999,9.46,1
32.0,75.625,2025-02-22,2,19.28,9.64,13.29,1
32.0,75.625,2025-02-23,3,8.02,2.6733333333333333,3.06,1
32.0,75.625,2025-02-24,4,18.65,4.6625,5.61,1
32.0,75.625,2025-03-04,3,10.96,3.6533333333333338,4.13,1
32.0,75.625,2025-03-05,11,35.120000000000005,3.1927272727272733,5.15,1
32.0,75.625,2025-03-06,11,42.3,3.8454545454545452,6.73,1
32.0,75.625,2025-03-07,8,31.830000000000002,3.9787500000000002,6.94,1
32.0,75.625,2025-03-08,21,83.92,3.9961904761904763,10.46,1
32.0,75.625,2025-03-09,1,1.97,1.97,1.97,1
32.0,75.625,2025-03-10,16,56.85,3.553125,9.16,1
32.0,75.625,2025-03-12,4,14.7,3.675,4.17,1
32.0,75.625,2025-03-13,1,1.9,1.9,1.9,1
32.0,75.625,2025-03-14,2,8.86,4.43,4.97,1
32.0,75.625,2025-03-15,1,0.51,0.51,0.51,1
32.0,75.625,2025-03-16,4,10.879999999999999,2.7199999999999998,4.35,1
32.0,75.625,2025-03-17,5,19.16,3.832,6.67,1
32.0,75.625,2025-03-18,9,28.77,3.1966666666666668,4.59,1
32.0,75.625,2025-03-19,7,28.63,4.09,6.93,1
32.0,75.625,2025-03-20,6,21.54,3.59,6.41,1
32.0,75.625,2025-03-21,4,9.56,2.39,2.91,1
32.0,75.625,2025-03-22,1,28.63,28.63,28.63,1
32.0,75.625,2025-03-23,4,28.55,7.1375,10.88,1
32.0,75.625,2025-03-24,1,3.37,3.37,3.37,1
32.0,75.625,2025-03-26,3,11.93,3.9766666666666666,6.37,1
32.0,75.625,2025-03-27,6,26.98,4.496666666666667,7.66,1
32.0,75.625,2025-03-28,2,6.45,3.225,3.66,1
32.0,75.625,2025-03-29,3,10.94,3.6466666666666665,4.53,1
32.0,75.625,2025-03-30,2,9.47,4.735,6.83,1
32.0,75.625,2025-03-31,1,12.7,12.7,12.7,1
32.0,75.625,2025-04-01,5,29.45,5.89,11.25,1
32.0,75.625,2025-04-02,6,21.82,3.6366666666666667,5.88,1
32.0,75.625,2025-04-04,2,5.8,2.9,4.38,1
32.0,75.625,2025-04-06,2,6.63,3.315,3.34,1
32.0,75.625,2025-04-07,2,6.720000000000001,3.3600000000000003,3.5,1
32.0,75.625,2025-04-08,3,15.79,5.263333333333333,6.31,1
32.0,75.625,2025-04-10,1,3.7,3.7,3.7,1
32.0,75.625,2025-04-13,3,6.55,2.183333333333333,2.59,1
32.0,75.625,2025-04-17,1,1.54,1.54,1.54,1
32.0,75.625,2025-04-21,4,14.030000000000001,3.5075000000000003,4.84,1
32.0,75.625,2025-04-22,1,9.62,9.62,9.62,1
32.0,75.625,2025-04-23,3,12.74,4.246666666666667,5.79,1
32.0,75.625,2025-04-24,5,24.970000000000002,4.994000000000001,8.8,1
32.0,75.625,2025-04-25,17,278.97,16.41,46.85,1
32.0,75.625,2025-04-26,27,320.74,11.879259259259259,105.67,1
32.0,75.625,2025-04-27,13,53.03,4.07923076923077,15.76,1
32.0,75.625,2025-04-28,49,407.54,8.317142857142857,43.9,1
32.0,75.625,2025-04-29,48,214.65,4.471875,21.97,1
32.0,75.625,2025-04-30,73,438.73,6.010000000000001,25.76,1
32.0,75.625,2025-05-01,40,488.26,12.2065,59.59,1
32.0,75.625,2025-05-03,14,62.57,4.469285714285714,9.89,1
32.0,75.625,2025-05-04,1,8.6,8.6,8.6,1
32.0,75.625,2025-05-06,6,20.5,3.4166666666666665,5.97,1
32.0,75.625,2025-05-07,50,322.89,6.4578,36.74,1
32.0,75.625,2025-05-08,8,42.44,5.305,15.69,1
32.0,75.625,2025-05-09,15,64.41,4.294,8.01,1
32.0,75.625,2025-05-10,58,448.21999999999997,7.727931034482758,22.58,1
32.0,75.625,2025-05-11,169,806.01,4.769289940828402,19.66,1
32.0,75.625,2025-05-12,52,262.08,5.04,15.71,1
32.0,75.625,2025-05-13,104,500.8,4.815384615384615,29.32,1
32.0,75.625,2025-05-14,56,392.88,7.015714285714286,26.79,1
32.0,75.625,2025-05-15,61,267.59,4.38672131147541,12.57,1
32.0,75.625,2025-05-16,56,187.42000000000002,3.3467857142857147,7.32,1
32.0,75.625,2025-05-17,38,215.32,5.666315789473684,13.74,1
32.0,75.625,2025-05-18,25,83.68,3.3472000000000004,10.1,1
32.0,75.625,2025-05-19,8,35.31,4.41375,8.32,1
32.0,75.625,2025-05-20,16,69.86,4.36625,15.09,1
32.0,75.625,2025-05-21,1,2.93,2.93,2.93,1
32.0,75.625,2025-05-22,6,16.76,2.7933333333333334,6.12,1
32.0,75.625,2025-05-23,6,39.96,6.66,15.34,1
32.0,75.625,2025-05-24,3,11.79,3.9299999999999997,4.07,1
32.0,75.625,2025-05-25,1,2.0,2.0,2.0,1
32.0,75.625,2025-05-26,2,9.1,4.55,5.35,1
32.0,75.625,2025-05-27,2,21.26,10.63,10.63,1
32.0,75.625,2025-05-28,10,38.6,3.8600000000000003,11.52,1
32.0,75.625,2025-05-29,12,109.53,9.1275,22.83,1
32.0,75.625,2025-06-01,3,9.8,3.266666666666667,6.85,1
32.0,75.625,2025-06-02,5,32.46,6.492,10.49,1
32.0,75.625,2025-06-03,3,19.95,6.6499999999999995,11.2,1
32.0,75.625,2025-06-05,1,3.28,3.28,3.28,1
32.0,75.625,2025-06-06,3,6.97,2.3233333333333333,3.69,1
32.0,75.625,2025-06-07,3,10.85,3.6166666666666667,5.42,1
32.0,75.625,2025-06-08,2,3.68,1.84,1.84,1
32.0,75.625,2025-06-09,2,40.22,20.11,35.07,1
32.0,75.625,2025-06-10,1,5.22,5.22,5.22,1
32.0,75.625,2025-06-12,1,1.61,1.61,1.61,1
32.0,75.625,2025-06-13,1,2.23,2.23,2.23,1
32.0,75.625,2025-06-14,2,5.42,2.71,3.38,1
32.0,75.625,2025-06-19,1,2.83,2.83,2.83,1
32.0,75.625,2025-09-25,1,2.8,2.8,2.8,1
32.0,75.625,2025-10-16,1,3.49,3.49,3.49,1
32.0,75.625,2025-10-19,2,5.39,2.695,2.78,1
32.0,75.625,2025-10-20,1,7.1,7.1,7.1,1
32.0,75.625,2025-10-23,1,3.48,3.48,3.48,1
32.0,75.625,2025-10-24,1,4.44,4.44,4.44,1
32.0,75.625,2025-10-25,3,7.01,2.3366666666666664,2.7,1
32.0,75.625,2025-10-26,6,22.82,3.8033333333333332,7.3,1
32.0,75.625,2025-10-30,1,3.4,3.4,3.4,1
32.0,75.625,2025-10-31,2,4.5,2.25,2.6,1
32.0,75.625,2025-11-01,3,17.27,5.756666666666667,8.85,1
32.0,75.625,2025-11-04,4,18.46,4.615,6.59,1
32.0,75.625,2025-11-06,1,2.27,2.27,2.27,1
32.0,75.625,2025-11-07,1,1.88,1.88,1.88,1
32.0,75.625,2025-11-10,6,16.69,2.7816666666666667,3.94,1
32.0,75.625,2025-11-11,1,1.99,1.99,1.99,1
32.0,75.625,2025-11-14,1,1.77,1.77,1.77,1
32.0,75.625,2025-11-15,2,18.01,9.005,10.97,1
32.0,75.625,2025-11-16,1,3.47,3.47,3.47,1
32.0,75.625,2025-11-18,2,6.98,3.49,3.49,1
32.0,75.625,2025-11-20,2,7.67,3.835,5.06,1
32.0,75.625,2025-11-22,2,6.38,3.19,3.23,1
32.0,75.625,2025-12-02,1,1.58,1.58,1.58,1
32.0,75.625,2025-12-03,1,2.65,2.65,2.65,1
32.0,75.625,2025-12-07,1,7.6,7.6,7.6,1
32.0,75.625,2025-12-09,2,7.9799999999999995,3.9899999999999998,5.1,1
32.0,75.625,2025-12-10,1,3.27,3.27,3.27,1
32.0,75.625,2025-12-11,1,3.56,3.56,3.56,1
32.0,75.625,2025-12-12,1,5.09,5.09,5.09,1
32.0,75.625,2025-12-14,1,5.9,5.9,5.9,1
32.0,75.625,2025-12-15,3,11.23,3.7433333333333336,5.96,1
32.0,75.625,2025-12-16,2,5.390000000000001,2.6950000000000003,2.87,1
32.0,75.625,2025-12-19,4,14.299999999999999,3.5749999999999997,4.43,1
32.0,75.625,2025-12-21,1,0.82,0.82,0.82,1
32.0,75.625,2025-12-22,2,5.09,2.545,2.84,1
32.0,75.625,2025-12-23,3,7.67,2.5566666666666666,2.7,1
32.0,75.625,2025-12-24,1,1.25,1.25,1.25,1
32.0,75.625,2025-12-25,1,6.14,6.14,6.14,1
32.0,76.25,2023-01-27,1,2.51,2.51,2.51,1
32.0,76.25,2023-04-16,1,0.64,0.64,0.64,1
32.0,76.25,2023-05-14,1,1.71,1.71,1.71,1
32.0,76.25,2023-05-17,1,2.7,2.7,2.7,1
32.0,76.25,2023-05-19,4,5.82,1.455,2.22,1
32.0,76.25,2023-05-21,4,8.48,2.12,2.63,1
32.0,76.25,2023-05-22,6,20.009999999999998,3.3349999999999995,6.56,1
32.0,76.25,2023-05-23,3,13.7,4.566666666666666,7.19,1
32.0,76.25,2023-11-28,1,4.0,4.0,4.0,1
32.0,76.25,2023-12-18,2,6.279999999999999,3.1399999999999997,5.77,1
32.0,76.25,2023-12-23,2,11.68,5.84,6.27,1
32.0,76.25,2023-12-25,1,11.35,11.35,11.35,1
32.0,76.25,2023-12-28,1,3.31,3.31,3.31,1
32.0,76.25,2024-01-08,3,8.280000000000001,2.7600000000000002,3.91,1
32.0,76.25,2024-01-13,2,17.64,8.82,9.65,1
32.0,76.25,2024-01-14,4,8.9,2.225,2.95,1
32.0,76.25,2024-01-15,1,1.52,1.52,1.52,1
32.0,76.25,2024-01-20,1,2.35,2.35,2.35,1
32.0,76.25,2024-01-29,1,5.75,5.75,5.75,1
32.0,76.25,2024-02-11,2,13.809999999999999,6.904999999999999,8.34,1
32.0,76.25,2024-02-14,1,3.58,3.58,3.58,1
32.0,76.25,2024-02-24,2,9.76,4.88,5.64,1
32.0,76.25,2024-03-18,1,2.48,2.48,2.48,1
32.0,76.25,2024-03-19,1,4.32,4.32,4.32,1
32.0,76.25,2024-04-07,1,0.55,0.55,0.55,1
32.0,76.25,2024-04-08,1,3.61,3.61,3.61,1
32.0,76.25,2024-04-09,1,4.91,4.91,4.91,1
32.0,76.25,2024-04-21,1,0.73,0.73,0.73,1
32.0,76.25,2024-05-04,3,2.32,0.7733333333333333,1.19,1
32.0,76.25,2024-05-05,15,32.96,2.1973333333333334,4.68,1
32.0,76.25,2024-05-06,13,35.59,2.737692307692308,5.81,1
32.0,76.25,2024-05-07,16,33.36,2.085,5.16,1
32.0,76.25,2024-05-08,2,1.48,0.74,1.05,1
32.0,76.25,2024-05-09,3,6.4,2.1333333333333333,3.09,1
32.0,76.25,2024-05-10,2,7.46,3.73,4.42,1
32.0,76.25,2024-05-11,4,6.46,1.615,4.11,1
32.0,76.25,2024-05-13,21,44.480000000000004,2.1180952380952385,5.78,1
32.0,76.25,2024-05-14,98,380.62,3.883877551020408,21.12,1
32.0,76.25,2024-05-15,112,438.68,3.9167857142857145,12.98,1
32.0,76.25,2024-05-16,91,411.0,4.516483516483516,33.86,1
32.0,76.25,2024-05-17,77,265.6,3.4493506493506496,15.02,1
32.0,76.25,2024-05-18,93,400.12,4.30236559139785,15.27,1
32.0,76.25,2024-05-19,61,363.3,5.955737704918033,39.52,1
32.0,76.25,2024-05-20,85,335.18,3.943294117647059,26.75,1
32.0,76.25,2024-05-21,116,523.94,4.5167241379310346,21.26,1
32.0,76.25,2024-05-22,11,62.94,5.721818181818182,10.03,1
32.0,76.25,2024-05-23,7,9.57,1.3671428571428572,1.61,1
32.0,76.25,2024-05-25,1,0.85,0.85,0.85,1
32.0,76.25,2024-05-26,16,76.49000000000001,4.780625000000001,19.01,1
32.0,76.25,2024-05-27,25,136.0,5.44,14.89,1
32.0,76.25,2024-05-28,97,490.92,5.061030927835052,45.01,1
32.0,76.25,2024-05-29,57,368.74,6.469122807017544,16.03,1
32.0,76.25,2024-06-04,9,107.5,11.944444444444445,27.15,1
32.0,76.25,2024-06-05,4,18.73,4.6825,6.12,1
32.0,76.25,2024-06-06,1,4.81,4.81,4.81,1
32.0,76.25,2024-06-07,8,34.81,4.35125,10.43,1
32.0,76.25,2024-06-08,2,1.88,0.94,1.26,1
32.0,76.25,2024-06-09,22,81.33,3.696818181818182,8.44,1
32.0,76.25,2024-06-10,17,67.37,3.9629411764705886,12.32,1
32.0,76.25,2024-06-11,29,192.88,6.651034482758621,28.57,1
32.0,76.25,2024-06-12,42,285.07,6.7873809523809525,18.03,1
32.0,76.25,2024-06-13,39,128.64000000000001,3.298461538461539,9.23,1
32.0,76.25,2024-06-14,35,119.16,3.4045714285714284,8.95,1
32.0,76.25,2024-06-15,39,333.69,8.556153846153846,67.02,1
32.0,76.25,2024-06-16,57,377.5,6.62280701754386,21.86,1
32.0,76.25,2024-06-17,26,136.24,5.24,10.84,1
32.0,76.25,2024-06-18,10,38.58,3.8579999999999997,7.11,1
32.0,76.25,2024-06-19,8,38.22,4.7775,9.12,1
32.0,76.25,2024-06-20,2,8.17,4.085,6.16,1
32.0,76.25,2024-06-21,2,2.21,1.105,1.36,1
32.0,76.25,2024-06-25,5,28.63,5.726,9.19,1
32.0,76.25,2024-06-27,1,3.87,3.87,3.87,1
32.0,76.25,2024-06-29,2,8.35,4.175,5.89,1
32.0,76.25,2024-11-02,2,5.76,2.88,2.99,1
32.0,76.25,2024-11-20,1,2.2,2.2,2.2,1
32.0,76.25,2024-12-14,7,9.46,1.3514285714285716,2.1,1
32.0,76.25,2024-12-15,2,7.87,3.935,5.94,1
32.0,76.25,2025-01-25,2,12.49,6.245,6.42,1
32.0,76.25,2025-01-26,2,0.8,0.4,0.44,1
32.0,76.25,2025-02-10,1,0.75,0.75,0.75,1
32.0,76.25,2025-02-12,1,4.04,4.04,4.04,1
32.0,76.25,2025-02-14,1,7.57,7.57,7.57,1
32.0,76.25,2025-02-15,3,6.069999999999999,2.023333333333333,2.71,1
32.0,76.25,2025-02-17,3,5.119999999999999,1.7066666666666663,2.28,1
32.0,76.25,2025-02-18,1,3.66,3.66,3.66,1
32.0,76.25,2025-02-19,1,3.52,3.52,3.52,1
32.0,76.25,2025-02-23,1,2.64,2.64,2.64,1
32.0,76.25,2025-03-23,1,10.88,10.88,10.88,1
32.0,76.25,2025-03-30,2,18.71,9.355,11.49,1
32.0,76.25,2025-04-01,1,4.14,4.14,4.14,1
32.0,76.25,2025-04-02,4,6.860000000000001,1.7150000000000003,4.44,1
32.0,76.25,2025-04-04,4,3.88,0.97,1.48,1
32.0,76.25,2025-04-10,1,0.76,0.76,0.76,1
32.0,76.25,2025-04-21,1,17.18,17.18,17.18,1
32.0,76.25,2025-04-23,3,5.66,1.8866666666666667,4.64,1
32.0,76.25,2025-04-24,1,7.25,7.25,7.25,1
32.0,76.25,2025-04-25,8,11.41,1.42625,2.59,1
32.0,76.25,2025-04-26,21,64.83,3.087142857142857,9.87,1
32.0,76.25,2025-04-27,25,78.49,3.1395999999999997,9.57,1
32.0,76.25,2025-04-28,6,16.3,2.716666666666667,7.28,1
32.0,76.25,2025-04-29,1,3.54,3.54,3.54,1
32.0,76.25,2025-05-06,1,4.04,4.04,4.04,1
32.0,76.25,2025-05-12,2,7.53,3.765,3.83,1
32.0,76.25,2025-05-15,3,18.18,6.06,9.02,1
32.0,76.25,2025-05-16,1,2.17,2.17,2.17,1
32.0,76.25,2025-05-17,5,63.75,12.75,28.94,1
32.0,76.25,2025-05-18,4,22.82,5.705,7.35,1
32.0,76.25,2025-05-21,1,2.68,2.68,2.68,1
32.0,76.25,2025-05-23,3,5.12,1.7066666666666668,3.04,1
32.0,76.25,2025-05-24,6,21.1,3.516666666666667,6.94,1
32.0,76.25,2025-05-29,2,5.92,2.96,2.96,1
32.0,76.25,2025-06-07,1,1.18,1.18,1.18,1
32.0,76.25,2025-06-09,2,12.76,6.38,10.03,1
32.0,76.25,2025-06-10,2,8.61,4.305,4.47,1
32.0,76.25,2025-06-14,3,11.49,3.83,4.95,1
32.0,76.875,2023-01-08,1,0.7,0.7,0.7,1
32.0,76.875,2023-01-15,1,4.38,4.38,4.38,1
32.0,76.875,2023-02-23,2,2.82,1.41,1.67,1
32.0,76.875,2023-02-26,1,2.81,2.81,2.81,1
32.0,76.875,2023-02-27,1,5.33,5.33,5.33,1
32.0,76.875,2023-05-13,1,0.73,0.73,0.73,1
32.0,76.875,2023-05-21,1,3.45,3.45,3.45,1
32.0,76.875,2023-05-22,1,2.07,2.07,2.07,1
32.0,76.875,2023-06-07,1,1.21,1.21,1.21,1
32.0,76.875,2023-10-09,1,33.06,33.06,33.06,1
32.0,76.875,2023-12-18,2,8.41,4.205,5.3,1
32.0,76.875,2023-12-22,1,4.61,4.61,4.61,1
32.0,76.875,2023-12-24,2,7.9,3.95,5.08,1
32.0,76.875,2023-12-27,1,0.55,0.55,0.55,1
32.0,76.875,2023-12-28,2,11.149999999999999,5.574999999999999,7.27,1
32.0,76.875,2024-01-05,1,89.04,89.04,89.04,1
32.0,76.875,2024-01-06,5,29.830000000000002,5.966,8.15,1
32.0,76.875,2024-01-07,1,2.55,2.55,2.55,1
32.0,76.875,2024-01-08,1,4.66,4.66,4.66,1
32.0,76.875,2024-01-09,1,1.71,1.71,1.71,1
32.0,76.875,2024-01-11,2,13.52,6.76,7.75,1
32.0,76.875,2024-01-13,2,2.2800000000000002,1.1400000000000001,1.23,1
32.0,76.875,2024-01-14,1,3.1,3.1,3.1,1
32.0,76.875,2024-01-15,1,3.34,3.34,3.34,1
32.0,76.875,2024-01-16,1,6.91,6.91,6.91,1
32.0,76.875,2024-01-17,4,22.88,5.72,9.64,1
32.0,76.875,2024-01-19,3,11.24,3.7466666666666666,5.23,1
32.0,76.875,2024-01-24,3,13.31,4.4366666666666665,5.43,1
32.0,76.875,2024-01-27,1,7.03,7.03,7.03,1
32.0,76.875,2024-01-28,1,0.65,0.65,0.65,1
32.0,76.875,2024-02-10,1,2.27,2.27,2.27,1
32.0,76.875,2024-02-23,1,13.42,13.42,13.42,1
32.0,76.875,2024-03-16,1,2.59,2.59,2.59,1
32.0,76.875,2024-03-25,1,7.44,7.44,7.44,1
32.0,76.875,2024-04-05,2,1.9300000000000002,0.9650000000000001,1.02,1
32.0,76.875,2024-04-08,2,6.75,3.375,3.43,1
32.0,76.875,2024-04-23,1,2.95,2.95,2.95,1
32.0,76.875,2024-04-25,1,3.08,3.08,3.08,1
32.0,76.875,2024-05-04,3,2.15,0.7166666666666667,0.96,1
32.0,76.875,2024-05-05,3,6.3100000000000005,2.1033333333333335,2.6,1
32.0,76.875,2024-05-06,5,10.63,2.1260000000000003,2.6,1
32.0,76.875,2024-05-07,1,0.75,0.75,0.75,1
32.0,76.875,2024-05-10,2,2.55,1.275,1.57,1
32.0,76.875,2024-05-13,3,8.54,2.8466666666666662,4.46,1
32.0,76.875,2024-05-14,5,10.44,2.088,3.45,1
32.0,76.875,2024-05-15,9,48.07,5.341111111111111,18.75,1
32.0,76.875,2024-05-16,11,28.25,2.5681818181818183,4.05,1
32.0,76.875,2024-05-17,5,37.32,7.464,12.95,1
32.0,76.875,2024-05-18,8,16.31,2.03875,3.07,1
32.0,76.875,2024-05-19,12,49.66,4.138333333333333,10.48,1
32.0,76.875,2024-05-20,19,80.93,4.259473684210526,28.91,1
32.0,76.875,2024-05-21,11,37.0,3.3636363636363638,7.45,1
32.0,76.875,2024-05-22,1,11.23,11.23,11.23,1
32.0,76.875,2024-05-25,1,1.0,1.0,1.0,1
32.0,76.875,2024-05-26,4,6.9799999999999995,1.7449999999999999,4.02,1
32.0,76.875,2024-05-27,2,7.07,3.535,4.89,1
32.0,76.875,2024-05-28,5,16.18,3.2359999999999998,4.79,1
32.0,76.875,2024-05-29,2,6.03,3.015,3.7,1
32.0,76.875,2024-06-04,16,49.14,3.07125,11.32,1
32.0,76.875,2024-06-09,2,1.8,0.9,1.3,1
32.0,76.875,2024-06-10,4,4.58,1.145,2.14,1
32.0,76.875,2024-06-11,13,42.42,3.263076923076923,10.64,1
32.0,76.875,2024-06-12,8,39.0,4.875,12.15,1
32.0,76.875,2024-06-13,4,13.1,3.275,4.72,1
32.0,76.875,2024-06-15,4,10.58,2.645,8.65,1
32.0,76.875,2024-06-16,11,35.54,3.230909090909091,7.71,1
32.0,76.875,2024-06-17,4,23.419999999999998,5.8549999999999995,9.37,1
32.0,76.875,2024-06-18,10,18.67,1.8670000000000002,4.06,1
32.0,76.875,2024-06-19,1,9.08,9.08,9.08,1
32.0,76.875,2024-06-23,2,8.7,4.35,4.66,1
32.0,76.875,2024-10-13,1,1.82,1.82,1.82,1
32.0,76.875,2024-10-26,2,20.68,10.34,11.98,1
32.0,76.875,2024-11-07,2,25.16,12.58,14.95,1
32.0,76.875,2024-12-15,6,20.08,3.3466666666666662,8.12,1
32.0,76.875,2024-12-16,1,4.87,4.87,4.87,1
32.0,76.875,2024-12-17,1,10.58,10.58,10.58,1
32.0,76.875,2025-01-08,1,2.88,2.88,2.88,1
32.0,76.875,2025-01-09,1,1.34,1.34,1.34,1
32.0,76.875,2025-01-13,2,10.780000000000001,5.390000000000001,5.79,1
32.0,76.875,2025-01-15,1,2.56,2.56,2.56,1
32.0,76.875,2025-01-21,1,0.35,0.35,0.35,1
32.0,76.875,2025-01-22,2,8.11,4.055,4.84,1
32.0,76.875,2025-01-25,1,2.31,2.31,2.31,1
32.0,76.875,2025-01-27,4,15.98,3.995,7.0,1
32.0,76.875,2025-01-28,9,117.19,13.02111111111111,27.57,1
32.0,76.875,2025-02-12,2,7.82,3.91,5.73,1
32.0,76.875,2025-02-18,1,2.31,2.31,2.31,1
32.0,76.875,2025-02-23,1,3.43,3.43,3.43,1
32.0,76.875,2025-03-05,1,5.19,5.19,5.19,1
32.0,76.875,2025-03-27,1,4.05,4.05,4.05,1
32.0,76.875,2025-03-28,1,2.76,2.76,2.76,1
32.0,76.875,2025-03-31,2,6.13,3.065,3.35,1
32.0,76.875,2025-04-07,1,1.77,1.77,1.77,1
32.0,76.875,2025-04-24,1,1.61,1.61,1.61,1
32.0,76.875,2025-04-25,7,18.0,2.5714285714285716,7.25,1
32.0,76.875,2025-04-26,5,4.57,0.914,1.28,1
32.0,76.875,2025-04-27,5,12.59,2.518,4.51,1
32.0,76.875,2025-05-14,1,1.04,1.04,1.04,1
32.0,76.875,2025-05-16,3,8.46,2.8200000000000003,4.39,1
32.0,76.875,2025-05-17,2,3.68,1.84,2.06,1
32.0,76.875,2025-05-18,2,3.0300000000000002,1.5150000000000001,1.98,1
32.0,76.875,2025-06-09,5,16.31,3.2619999999999996,5.33,1
32.0,76.875,2025-06-10,1,3.12,3.12,3.12,1
32.0,76.875,2025-06-14,1,1.59,1.59,1.59,1
32.0,76.875,2025-12-15,1,1.9,1.9,1.9,1
32.0,76.875,2025-12-17,1,3.03,3.03,3.03,1
32.5,73.125,2023-01-01,1,0.53,0.53,0.53,1
32.5,73.125,2023-01-04,1,0.6,0.6,0.6,1
32.5,73.125,2023-01-14,4,28.59,7.1475,9.6,1
32.5,73.125,2023-01-15,3,5.73,1.9100000000000001,3.33,1
32.5,73.125,2023-01-16,2,2.65,1.325,1.99,1
32.5,73.125,2023-01-17,4,20.5,5.125,7.7,1
32.5,73.125,2023-01-20,2,6.24,3.12,3.45,1
32.5,73.125,2023-01-21,4,7.13,1.7825,2.73,1
32.5,73.125,2023-01-22,4,10.94,2.735,3.65,1
32.5,73.125,2023-01-23,2,22.96,11.48,11.48,1
32.5,73.125,2023-01-26,4,22.52,5.63,13.98,1
32.5,73.125,2023-01-27,1,3.36,3.36,3.36,1
32.5,73.125,2023-01-28,1,3.75,3.75,3.75,1
32.5,73.125,2023-01-29,1,3.7,3.7,3.7,1
32.5,73.125,2023-01-31,2,4.23,2.115,3.7,1
32.5,73.125,2023-02-02,1,4.38,4.38,4.38,1
32.5,73.125,2023-02-04,4,23.380000000000003,5.845000000000001,9.05,1
32.5,73.125,2023-02-07,3,8.96,2.986666666666667,4.15,1
32.5,73.125,2023-02-08,1,3.58,3.58,3.58,1
32.5,73.125,2023-02-10,2,7.23,3.615,5.08,1
32.5,73.125,2023-02-12,4,13.299999999999999,3.3249999999999997,5.05,1
32.5,73.125,2023-02-13,2,24.62,12.31,12.31,1
32.5,73.125,2023-02-14,6,72.08,12.013333333333334,24.1,1
32.5,73.125,2023-02-15,4,15.62,3.905,7.47,1
32.5,73.125,2023-02-20,3,8.67,2.89,4.6,1
32.5,73.125,2023-02-22,7,23.39,3.3414285714285716,5.28,1
32.5,73.125,2023-02-23,3,19.45,6.483333333333333,8.5,1
32.5,73.125,2023-02-24,3,21.009999999999998,7.003333333333333,12.53,1
32.5,73.125,2023-02-27,2,45.17,22.585,40.58,1
32.5,73.125,2023-03-02,2,7.59,3.795,4.38,1
32.5,73.125,2023-03-04,2,15.36,7.68,10.04,1
32.5,73.125,2023-03-05,2,12.02,6.01,9.78,1
32.5,73.125,2023-03-07,3,19.27,6.423333333333333,8.28,1
32.5,73.125,2023-03-08,2,16.32,8.16,8.76,1
32.5,73.125,2023-03-10,1,2.26,2.26,2.26,1
32.5,73.125,2023-03-13,1,3.46,3.46,3.46,1
32.5,73.125,2023-03-20,2,28.87,14.435,14.96,1
32.5,73.125,2023-03-25,1,0.94,0.94,0.94,1
32.5,73.125,2023-03-26,1,0.95,0.95,0.95,1
32.5,73.125,2023-04-01,1,0.65,0.65,0.65,1
32.5,73.125,2023-04-05,1,0.58,0.58,0.58,1
32.5,73.125,2023-04-06,1,0.9,0.9,0.9,1
32.5,73.125,2023-04-07,1,0.84,0.84,0.84,1
32.5,73.125,2023-04-09,2,4.73,2.365,2.6,1
32.5,73.125,2023-04-10,1,0.85,0.85,0.85,1
32.5,73.125,2023-04-11,1,1.03,1.03,1.03,1
32.5,73.125,2023-04-12,2,5.6,2.8,2.8,1
32.5,73.125,2023-04-16,1,1.47,1.47,1.47,1
32.5,73.125,2023-04-22,1,1.65,1.65,1.65,1
32.5,73.125,2023-05-01,3,11.45,3.8166666666666664,5.31,1
32.5,73.125,2023-05-04,1,2.33,2.33,2.33,1
32.5,73.125,2023-05-06,2,12.629999999999999,6.3149999999999995,7.25,1
32.5,73.125,2023-05-09,2,12.05,6.025,6.95,1
32.5,73.125,2023-05-10,2,10.14,5.07,8.08,1
32.5,73.125,2023-05-12,3,15.83,5.276666666666666,10.47,1
32.5,73.125,2023-05-13,12,63.09,5.2575,13.99,1
32.5,73.125,2023-05-14,2,6.949999999999999,3.4749999999999996,4.51,1
32.5,73.125,2023-05-15,15,70.8,4.72,7.61,1
32.5,73.125,2023-05-16,2,7.5,3.75,3.98,1
32.5,73.125,2023-05-17,5,24.39,4.878,6.13,1
32.5,73.125,2023-05-18,12,30.41,2.5341666666666667,3.38,1
32.5,73.125,2023-05-19,6,37.78,6.296666666666667,14.46,1
32.5,73.125,2023-05-20,9,48.14,5.348888888888889,8.03,1
32.5,73.125,2023-05-21,11,26.38,2.398181818181818,4.21,1
32.5,73.125,2023-05-24,2,4.71,2.355,2.67,1
32.5,73.125,2023-05-25,4,9.07,2.2675,4.78,1
32.5,73.125,2023-05-27,2,4.5600000000000005,2.2800000000000002,2.52,1
32.5,73.125,2023-05-28,1,1.83,1.83,1.83,1
32.5,73.125,2023-05-29,3,5.42,1.8066666666666666,2.54,1
32.5,73.125,2023-06-08,1,2.17,2.17,2.17,1
32.5,73.125,2023-06-19,1,2.57,2.57,2.57,1
32.5,73.125,2023-06-24,1,1.42,1.42,1.42,1
32.5,73.125,2023-06-26,1,0.89,0.89,0.89,1
32.5,73.125,2023-06-28,1,2.57,2.57,2.57,1
32.5,73.125,2023-07-04,1,3.78,3.78,3.78,1
32.5,73.125,2023-07-09,2,6.68,3.34,3.35,1
32.5,73.125,2023-07-11,1,5.71,5.71,5.71,1
32.5,73.125,2023-07-18,1,2.48,2.48,2.48,1
32.5,73.125,2023-08-01,1,3.15,3.15,3.15,1
32.5,73.125,2023-08-03,2,2.51,1.255,1.65,1
32.5,73.125,2023-08-17,1,2.19,2.19,2.19,1
32.5,73.125,2023-08-28,1,4.92,4.92,4.92,1
32.5,73.125,2023-08-29,1,1.46,1.46,1.46,1
32.5,73.125,2023-09-23,1,0.72,0.72,0.72,1
32.5,73.125,2023-09-28,1,1.19,1.19,1.19,1
32.5,73.125,2023-09-29,1,1.96,1.96,1.96,1
32.5,73.125,2023-10-03,1,1.04,1.04,1.04,1
32.5,73.125,2023-10-04,1,1.31,1.31,1.31,1
32.5,73.125,2023-10-09,2,3.46,1.73,2.66,1
32.5,73.125,2023-10-20,1,2.93,2.93,2.93,1
32.5,73.125,2023-10-21,3,9.07,3.0233333333333334,3.74,1
32.5,73.125,2023-10-25,3,8.48,2.8266666666666667,3.4,1
32.5,73.125,2023-10-26,4,21.07,5.2675,6.9,1
32.5,73.125,2023-10-30,1,3.61,3.61,3.61,1
32.5,73.125,2023-10-31,1,3.64,3.64,3.64,1
32.5,73.125,2023-11-04,2,6.14,3.07,5.25,1
32.5,73.125,2023-11-05,1,5.95,5.95,5.95,1
32.5,73.125,2023-11-06,1,5.1,5.1,5.1,1
32.5,73.125,2023-11-09,3,12.32,4.1066666666666665,5.28,1
32.5,73.125,2023-11-12,1,2.63,2.63,2.63,1
32.5,73.125,2023-11-15,11,70.51,6.41,19.35,1
32.5,73.125,2023-11-16,6,10.83,1.805,2.94,1
32.5,73.125,2023-11-17,5,26.580000000000002,5.316000000000001,10.43,1
32.5,73.125,2023-11-19,6,20.22,3.3699999999999997,5.74,1
32.5,73.125,2023-11-20,5,15.09,3.018,6.01,1
32.5,73.125,2023-11-21,8,17.39,2.17375,5.21,1
32.5,73.125,2023-11-22,7,20.619999999999997,2.9457142857142853,5.27,1
32.5,73.125,2023-11-23,2,5.84,2.92,5.25,1
32.5,73.125,2023-11-24,4,16.169999999999998,4.0424999999999995,8.28,1
32.5,73.125,2023-11-28,8,30.21,3.77625,6.4,1
32.5,73.125,2023-12-01,5,13.38,2.676,4.45,1
32.5,73.125,2023-12-02,1,2.06,2.06,2.06,1
32.5,73.125,2023-12-03,1,0.6,0.6,0.6,1
32.5,73.125,2023-12-04,4,8.0,2.0,2.37,1
32.5,73.125,2023-12-06,4,15.59,3.8975,6.47,1
32.5,73.125,2023-12-07,2,6.8100000000000005,3.4050000000000002,5.23,1
32.5,73.125,2023-12-08,1,2.02,2.02,2.02,1
32.5,73.125,2023-12-13,1,1.35,1.35,1.35,1
32.5,73.125,2023-12-15,1,3.78,3.78,3.78,1
32.5,73.125,2023-12-17,1,2.07,2.07,2.07,1
32.5,73.125,2023-12-18,4,10.42,2.605,3.08,1
32.5,73.125,2023-12-19,2,6.62,3.31,3.85,1
32.5,73.125,2023-12-20,1,3.57,3.57,3.57,1
32.5,73.125,2023-12-21,1,3.63,3.63,3.63,1
32.5,73.125,2023-12-22,1,2.33,2.33,2.33,1
32.5,73.125,2023-12-23,1,4.82,4.82,4.82,1
32.5,73.125,2023-12-27,2,2.69,1.345,2.0,1
32.5,73.125,2024-01-04,1,5.23,5.23,5.23,1
32.5,73.125,2024-01-18,2,3.4299999999999997,1.7149999999999999,2.67,1
32.5,73.125,2024-01-26,4,16.05,4.0125,6.88,1
32.5,73.125,2024-01-27,1,1.81,1.81,1.81,1
32.5,73.125,2024-02-05,3,10.06,3.3533333333333335,3.98,1
32.5,73.125,2024-02-06,1,2.31,2.31,2.31,1
32.5,73.125,2024-02-07,5,15.26,3.052,4.61,1
32.5,73.125,2024-02-08,6,21.57,3.595,4.93,1
32.5,73.125,2024-02-09,3,4.8999999999999995,1.633333333333333,2.8,1
32.5,73.125,2024-02-10,5,18.03,3.6060000000000003,5.22,1
32.5,73.125,2024-02-11,7,32.81,4.687142857142858,6.67,1
32.5,73.125,2024-02-13,4,13.43,3.3575,4.51,1
32.5,73.125,2024-02-14,7,33.69,4.812857142857142,13.94,1
32.5,73.125,2024-02-15,3,14.47,4.823333333333333,9.58,1
32.5,73.125,2024-02-16,3,24.09,8.03,11.32,1
32.5,73.125,2024-02-17,3,20.93,6.976666666666667,7.05,1
32.5,73.125,2024-02-19,1,0.47,0.47,0.47,1
32.5,73.125,2024-02-20,2,2.71,1.355,1.75,1
32.5,73.125,2024-02-21,1,0.71,0.71,0.71,1
32.5,73.125,2024-02-23,4,14.92,3.73,4.45,1
32.5,73.125,2024-02-24,2,4.1,2.05,3.34,1
32.5,73.125,2024-02-25,3,4.51,1.5033333333333332,3.15,1
32.5,73.125,2024-02-27,2,7.5,3.75,5.43,1
32.5,73.125,2024-02-28,1,2.83,2.83,2.83,1
32.5,73.125,2024-03-04,1,1.7,1.7,1.7,1
32.5,73.125,2024-03-07,2,2.8899999999999997,1.4449999999999998,2.3,1
32.5,73.125,2024-03-08,1,0.91,0.91,0.91,1
32.5,73.125,2024-03-11,1,0.36,0.36,0.36,1
32.5,73.125,2024-03-20,2,7.58,3.79,4.04,1
32.5,73.125,2024-03-22,1,0.83,0.83,0.83,1
32.5,73.125,2024-04-02,1,3.91,3.91,3.91,1
32.5,73.125,2024-04-06,4,20.700000000000003,5.175000000000001,9.71,1
32.5,73.125,2024-05-02,1,2.43,2.43,2.43,1
32.5,73.125,2024-05-04,3,11.75,3.9166666666666665,5.68,1
32.5,73.125,2024-05-06,1,1.93,1.93,1.93,1
32.5,73.125,2024-05-07,8,34.58,4.3225,8.16,1
32.5,73.125,2024-05-08,1,1.96,1.96,1.96,1
32.5,73.125,2024-05-09,2,4.92,2.46,2.71,1
32.5,73.125,2024-05-11,5,23.22,4.644,5.71,1
32.5,73.125,2024-05-12,1,3.4,3.4,3.4,1
32.5,73.125,2024-05-13,13,35.870000000000005,2.7592307692307694,5.57,1
32.5,73.125,2024-05-14,19,94.48,4.972631578947369,11.1,1
32.5,73.125,2024-05-15,12,69.88,5.823333333333333,14.84,1
32.5,73.125,2024-05-16,3,11.93,3.9766666666666666,5.63,1
32.5,73.125,2024-05-17,18,96.03999999999999,5.335555555555555,13.39,1
32.5,73.125,2024-05-18,18,66.89,3.716111111111111,6.89,1
32.5,73.125,2024-05-19,1,14.63,14.63,14.63,1
32.5,73.125,2024-05-20,10,130.76,13.075999999999999,20.16,1
32.5,73.125,2024-05-21,2,23.93,11.965,13.26,1
32.5,73.125,2024-05-22,2,14.360000000000001,7.180000000000001,11.38,1
32.5,73.125,2024-05-23,4,19.62,4.905,6.08,1
32.5,73.125,2024-05-24,2,13.86,6.93,8.51,1
32.5,73.125,2024-05-25,3,68.74000000000001,22.913333333333338,28.94,1
32.5,73.125,2024-05-27,18,90.48,5.026666666666667,9.13,1
32.5,73.125,2024-05-28,19,273.33,14.38578947368421,26.79,1
32.5,73.125,2024-05-29,19,418.67,22.035263157894736,72.83,1
32.5,73.125,2024-06-05,2,6.6899999999999995,3.3449999999999998,5.6,1
32.5,73.125,2024-06-08,1,3.71,3.71,3.71,1
32.5,73.125,2024-06-09,1,24.02,24.02,24.02,1
32.5,73.125,2024-06-12,1,21.96,21.96,21.96,1
32.5,73.125,2024-06-15,3,13.36,4.453333333333333,4.84,1
32.5,73.125,2024-06-17,1,13.35,13.35,13.35,1
32.5,73.125,2024-06-21,1,2.56,2.56,2.56,1
32.5,73.125,2024-06-23,2,8.09,4.045,4.81,1
32.5,73.125,2024-06-24,2,4.9,2.45,2.45,1
32.5,73.125,2024-06-30,2,4.66,2.33,2.45,1
32.5,73.125,2024-07-01,3,10.040000000000001,3.346666666666667,4.9,1
32.5,73.125,2024-07-02,4,14.57,3.6425,3.94,1
32.5,73.125,2024-07-20,1,2.43,2.43,2.43,1
32.5,73.125,2024-08-02,1,1.85,1.85,1.85,1
32.5,73.125,2024-08-03,1,3.64,3.64,3.64,1
32.5,73.125,2024-08-04,1,1.34,1.34,1.34,1
32.5,73.125,2024-08-26,2,7.75,3.875,4.23,1
32.5,73.125,2024-09-03,1,1.57,1.57,1.57,1
32.5,73.125,2024-09-04,1,1.46,1.46,1.46,1
32.5,73.125,2024-09-09,1,2.01,2.01,2.01,1
32.5,73.125,2024-09-10,1,2.48,2.48,2.48,1
32.5,73.125,2024-09-14,3,11.08,3.6933333333333334,5.45,1
32.5,73.125,2024-09-15,2,7.52,3.76,4.37,1
32.5,73.125,2024-09-16,1,4.13,4.13,4.13,1
32.5,73.125,2024-09-19,1,1.31,1.31,1.31,1
32.5,73.125,2024-09-20,1,2.21,2.21,2.21,1
32.5,73.125,2024-09-25,1,3.72,3.72,3.72,1
32.5,73.125,2024-10-01,2,3.45,1.725,1.79,1
32.5,73.125,2024-10-02,1,2.45,2.45,2.45,1
32.5,73.125,2024-10-09,1,4.17,4.17,4.17,1
32.5,73.125,2024-10-10,6,25.189999999999998,4.198333333333333,5.86,1
32.5,73.125,2024-10-11,6,32.57,5.428333333333334,15.02,1
32.5,73.125,2024-10-12,9,37.74,4.193333333333333,11.25,1
32.5,73.125,2024-10-13,5,19.53,3.906,4.74,1
32.5,73.125,2024-10-14,1,3.86,3.86,3.86,1
32.5,73.125,2024-10-15,2,5.8,2.9,3.17,1
32.5,73.125,2024-10-16,1,5.02,5.02,5.02,1
32.5,73.125,2024-10-17,5,11.94,2.388,4.08,1
32.5,73.125,2024-10-18,1,6.25,6.25,6.25,1
32.5,73.125,2024-10-20,2,3.4699999999999998,1.7349999999999999,1.77,1
32.5,73.125,2024-10-22,3,5.92,1.9733333333333334,2.16,1
32.5,73.125,2024-10-23,4,22.19,5.5475,6.64,1
32.5,73.125,2024-10-24,2,6.290000000000001,3.1450000000000005,4.19,1
32.5,73.125,2024-10-25,1,5.86,5.86,5.86,1
32.5,73.125,2024-10-27,5,20.44,4.088,7.9,1
32.5,73.125,2024-10-28,1,2.29,2.29,2.29,1
32.5,73.125,2024-11-01,2,6.58,3.29,3.29,1
32.5,73.125,2024-11-02,6,18.7,3.1166666666666667,5.23,1
32.5,73.125,2024-11-07,1,4.6,4.6,4.6,1
32.5,73.125,2024-11-12,1,8.49,8.49,8.49,1
32.5,73.125,2024-11-13,1,3.05,3.05,3.05,1
32.5,73.125,2024-11-17,6,32.27,5.378333333333334,9.39,1
32.5,73.125,2024-11-18,6,16.5,2.75,4.97,1
32.5,73.125,2024-11-19,3,13.73,4.576666666666667,7.69,1
32.5,73.125,2024-11-21,1,2.4,2.4,2.4,1
32.5,73.125,2024-11-22,1,2.0,2.0,2.0,1
32.5,73.125,2024-11-24,1,1.7,1.7,1.7,1
32.5,73.125,2024-11-27,2,16.67,8.335,15.91,1
32.5,73.125,2024-11-29,1,1.84,1.84,1.84,1
32.5,73.125,2024-11-30,1,0.7,0.7,0.7,1
32.5,73.125,2024-12-03,1,0.72,0.72,0.72,1
32.5,73.125,2024-12-04,1,0.9,0.9,0.9,1
32.5,73.125,2024-12-05,1,2.76,2.76,2.76,1
32.5,73.125,2024-12-06,1,4.31,4.31,4.31,1
32.5,73.125,2024-12-07,1,4.01,4.01,4.01,1
32.5,73.125,2024-12-08,2,4.08,2.04,3.11,1
32.5,73.125,2024-12-09,1,3.17,3.17,3.17,1
32.5,73.125,2024-12-10,2,3.2,1.6,2.35,1
32.5,73.125,2024-12-11,2,7.54,3.77,5.38,1
32.5,73.125,2024-12-13,1,0.66,0.66,0.66,1
32.5,73.125,2024-12-21,2,16.200000000000003,8.100000000000001,12.96,1
32.5,73.125,2024-12-25,1,3.86,3.86,3.86,1
32.5,73.125,2025-01-03,2,12.21,6.105,9.71,1
32.5,73.125,2025-01-05,1,3.65,3.65,3.65,1
32.5,73.125,2025-01-06,2,5.1499999999999995,2.5749999999999997,3.26,1
32.5,73.125,2025-01-07,1,7.34,7.34,7.34,1
32.5,73.125,2025-01-08,1,2.23,2.23,2.23,1
32.5,73.125,2025-01-09,1,2.3,2.3,2.3,1
32.5,73.125,2025-01-15,1,3.96,3.96,3.96,1
32.5,73.125,2025-01-16,2,3.82,1.91,2.36,1
32.5,73.125,2025-01-17,1,1.73,1.73,1.73,1
32.5,73.125,2025-01-19,4,36.59,9.1475,12.93,1
32.5,73.125,2025-01-20,3,15.09,5.03,5.03,1
32.5,73.125,2025-01-21,2,7.99,3.995,4.68,1
32.5,73.125,2025-01-22,3,16.79,5.596666666666667,7.35,1
32.5,73.125,2025-01-23,2,14.42,7.21,9.52,1
32.5,73.125,2025-01-24,3,4.4399999999999995,1.4799999999999998,1.83,1
32.5,73.125,2025-01-25,2,8.57,4.285,5.47,1
32.5,73.125,2025-01-26,2,12.93,6.465,11.22,1
32.5,73.125,2025-01-27,3,14.99,4.996666666666667,6.6,1
32.5,73.125,2025-01-28,1,3.51,3.51,3.51,1
32.5,73.125,2025-01-30,4,42.72,10.68,21.24,1
32.5,73.125,2025-01-31,3,42.22,14.073333333333332,32.84,1
32.5,73.125,2025-02-02,4,30.810000000000002,7.702500000000001,14.22,1
32.5,73.125,2025-02-03,1,6.89,6.89,6.89,1
32.5,73.125,2025-02-04,1,2.72,2.72,2.72,1
32.5,73.125,2025-02-05,4,13.81,3.4525,5.44,1
32.5,73.125,2025-02-06,3,16.85,5.616666666666667,10.21,1
32.5,73.125,2025-02-09,3,12.21,4.07,4.76,1
32.5,73.125,2025-02-10,2,19.4,9.7,11.23,1
32.5,73.125,2025-02-11,2,7.069999999999999,3.5349999999999997,6.35,1
32.5,73.125,2025-02-12,2,4.949999999999999,2.4749999999999996,2.67,1
32.5,73.125,2025-02-13,3,19.52,6.506666666666667,7.95,1
32.5,73.125,2025-02-14,3,14.36,4.786666666666666,5.96,1
32.5,73.125,2025-02-16,3,4.68,1.5599999999999998,1.95,1
32.5,73.125,2025-02-17,1,0.75,0.75,0.75,1
32.5,73.125,2025-02-18,6,36.11,6.0183333333333335,14.29,1
32.5,73.125,2025-02-22,2,10.43,5.215,9.49,1
32.5,73.125,2025-02-23,6,122.82,20.47,49.9,1
32.5,73.125,2025-03-04,1,0.94,0.94,0.94,1
32.5,73.125,2025-03-06,3,14.56,4.8533333333333335,6.96,1
32.5,73.125,2025-03-16,3,14.23,4.743333333333333,5.16,1
32.5,73.125,2025-03-18,4,64.02,16.005,30.98,1
32.5,73.125,2025-03-20,2,55.12,27.56,29.9,1
32.5,73.125,2025-03-22,1,6.08,6.08,6.08,1
32.5,73.125,2025-03-23,3,17.71,5.903333333333333,9.41,1
32.5,73.125,2025-03-26,1,4.16,4.16,4.16,1
32.5,73.125,2025-03-27,2,3.2199999999999998,1.6099999999999999,2.75,1
32.5,73.125,2025-03-30,1,0.75,0.75,0.75,1
32.5,73.125,2025-03-31,2,3.94,1.97,2.15,1
32.5,73.125,2025-04-01,2,39.35,19.675,26.71,1
32.5,73.125,2025-04-05,1,1.06,1.06,1.06,1
32.5,73.125,2025-04-08,1,2.93,2.93,2.93,1
32.5,73.125,2025-04-19,1,4.23,4.23,4.23,1
32.5,73.125,2025-04-20,1,1.03,1.03,1.03,1
32.5,73.125,2025-04-21,1,1.48,1.48,1.48,1
32.5,73.125,2025-04-24,2,4.470000000000001,2.2350000000000003,2.33,1
32.5,73.125,2025-04-26,1,1.96,1.96,1.96,1
32.5,73.125,2025-04-27,1,2.17,2.17,2.17,1
32.5,73.125,2025-04-29,2,5.93,2.965,4.37,1
32.5,73.125,2025-05-02,1,0.95,0.95,0.95,1
32.5,73.125,2025-05-03,2,9.850000000000001,4.925000000000001,6.11,1
32.5,73.125,2025-05-05,1,4.42,4.42,4.42,1
32.5,73.125,2025-05-06,1,3.02,3.02,3.02,1
32.5,73.125,2025-05-07,9,28.44,3.16,4.41,1
32.5,73.125,2025-05-10,6,19.65,3.275,6.51,1
32.5,73.125,2025-05-11,5,71.95,14.39,29.43,1
32.5,73.125,2025-05-12,7,18.009999999999998,2.5728571428571425,4.11,1
32.5,73.125,2025-05-13,16,50.2,3.1375,6.51,1
32.5,73.125,2025-05-14,10,32.9,3.29,4.28,1
32.5,73.125,2025-05-15,15,72.71000000000001,4.847333333333334,14.97,1
32.5,73.125,2025-05-16,3,9.57,3.19,4.99,1
32.5,73.125,2025-05-17,8,35.44,4.43,13.39,1
32.5,73.125,2025-05-18,13,77.47,5.9592307692307696,15.75,1
32.5,73.125,2025-05-19,11,95.01,8.637272727272729,43.95,1
32.5,73.125,2025-05-20,9,47.99,5.332222222222223,8.52,1
32.5,73.125,2025-05-21,3,10.379999999999999,3.4599999999999995,4.38,1
32.5,73.125,2025-05-22,6,33.02,5.503333333333334,12.51,1
32.5,73.125,2025-05-23,7,27.66,3.9514285714285715,7.3,1
32.5,73.125,2025-05-24,2,11.690000000000001,5.845000000000001,10.88,1
32.5,73.125,2025-05-25,4,10.89,2.7225,4.25,1
32.5,73.125,2025-05-26,5,14.89,2.978,6.67,1
32.5,73.125,2025-05-27,1,3.23,3.23,3.23,1
32.5,73.125,2025-05-28,3,26.919999999999998,8.973333333333333,9.53,1
32.5,73.125,2025-05-29,1,4.31,4.31,4.31,1
32.5,73.125,2025-05-30,1,2.46,2.46,2.46,1
32.5,73.125,2025-05-31,1,3.13,3.13,3.13,1
32.5,73.125,2025-06-02,1,3.68,3.68,3.68,1
32.5,73.125,2025-06-05,4,14.48,3.62,4.33,1
32.5,73.125,2025-06-10,4,22.27,5.5675,7.53,1
32.5,73.125,2025-06-11,1,9.74,9.74,9.74,1
32.5,73.125,2025-06-12,1,3.25,3.25,3.25,1
32.5,73.125,2025-06-15,1,6.92,6.92,6.92,1
32.5,73.125,2025-06-18,1,3.95,3.95,3.95,1
32.5,73.125,2025-08-07,1,7.05,7.05,7.05,1
32.5,73.125,2025-09-17,1,2.84,2.84,2.84,1
32.5,73.125,2025-09-22,1,1.96,1.96,1.96,1
32.5,73.125,2025-09-23,2,6.81,3.405,5.38,1
32.5,73.125,2025-09-24,1,4.34,4.34,4.34,1
32.5,73.125,2025-09-26,3,9.35,3.1166666666666667,3.27,1
32.5,73.125,2025-09-28,3,13.489999999999998,4.496666666666666,8.86,1
32.5,73.125,2025-10-03,1,0.7,0.7,0.7,1
32.5,73.125,2025-10-08,1,0.94,0.94,0.94,1
32.5,73.125,2025-10-11,1,2.61,2.61,2.61,1
32.5,73.125,2025-10-14,4,12.83,3.2075,5.95,1
32.5,73.125,2025-10-15,4,9.51,2.3775,4.59,1
32.5,73.125,2025-10-16,2,5.699999999999999,2.8499999999999996,3.19,1
32.5,73.125,2025-10-17,2,4.56,2.28,2.28,1
32.5,73.125,2025-10-19,2,6.6499999999999995,3.3249999999999997,5.81,1
32.5,73.125,2025-10-20,6,13.41,2.235,4.67,1
32.5,73.125,2025-10-21,1,0.66,0.66,0.66,1
32.5,73.125,2025-10-23,1,3.24,3.24,3.24,1
32.5,73.125,2025-10-24,4,9.67,2.4175,3.04,1
32.5,73.125,2025-10-25,4,19.07,4.7675,9.27,1
32.5,73.125,2025-10-27,2,11.59,5.795,6.9,1
32.5,73.125,2025-10-29,4,11.270000000000001,2.8175000000000003,4.73,1
32.5,73.125,2025-10-30,6,46.85,7.808333333333334,14.26,1
32.5,73.125,2025-10-31,2,5.32,2.66,3.2,1
32.5,73.125,2025-11-01,4,8.719999999999999,2.1799999999999997,3.51,1
32.5,73.125,2025-11-02,5,20.7,4.14,6.9,1
32.5,73.125,2025-11-03,1,7.25,7.25,7.25,1
32.5,73.125,2025-11-04,1,0.72,0.72,0.72,1
32.5,73.125,2025-11-05,16,43.97,2.748125,9.17,1
32.5,73.125,2025-11-06,2,4.49,2.245,3.9,1
32.5,73.125,2025-11-07,1,4.83,4.83,4.83,1
32.5,73.125,2025-11-08,4,18.59,4.6475,6.01,1
32.5,73.125,2025-11-09,11,51.74,4.703636363636364,7.16,1
32.5,73.125,2025-11-10,8,54.3,6.7875,21.85,1
32.5,73.125,2025-11-11,4,9.7,2.425,3.64,1
32.5,73.125,2025-11-13,7,26.09,3.7271428571428573,5.04,1
32.5,73.125,2025-11-15,3,15.57,5.19,10.07,1
32.5,73.125,2025-11-16,5,21.72,4.343999999999999,8.6,1
32.5,73.125,2025-11-17,2,9.75,4.875,7.92,1
32.5,73.125,2025-11-18,2,13.16,6.58,11.08,1
32.5,73.125,2025-11-21,1,1.61,1.61,1.61,1
32.5,73.125,2025-11-25,2,4.6,2.3,2.85,1
32.5,73.125,2025-11-28,1,5.33,5.33,5.33,1
32.5,73.125,2025-12-01,1,3.14,3.14,3.14,1
32.5,73.125,2025-12-05,6,28.38,4.7299999999999995,5.79,1
32.5,73.125,2025-12-06,5,7.59,1.518,2.72,1
32.5,73.125,2025-12-08,1,3.49,3.49,3.49,1
32.5,73.125,2025-12-09,5,44.94,8.988,16.55,1
32.5,73.125,2025-12-11,1,4.49,4.49,4.49,1
32.5,73.125,2025-12-19,1,4.33,4.33,4.33,1
32.5,73.125,2025-12-22,1,0.3,0.3,0.3,1
32.5,73.125,2025-12-23,1,6.59,6.59,6.59,1
32.5,73.125,2025-12-24,1,5.58,5.58,5.58,1
32.5,73.125,2025-12-26,1,3.7,3.7,3.7,1
32.5,73.125,2025-12-27,1,0.59,0.59,0.59,1
32.5,73.125,2025-12-28,2,1.12,0.56,0.65,1
32.5,73.75,2023-01-04,1,2.41,2.41,2.41,1
32.5,73.75,2023-01-09,1,5.53,5.53,5.53,1
32.5,73.75,2023-01-14,5,14.61,2.9219999999999997,3.63,1
32.5,73.75,2023-01-15,3,40.23,13.409999999999998,30.88,1
32.5,73.75,2023-01-16,9,70.03,7.7811111111111115,19.26,1
32.5,73.75,2023-01-17,5,43.19,8.638,17.45,1
32.5,73.75,2023-01-19,4,18.09,4.5225,7.39,1
32.5,73.75,2023-01-21,3,9.059999999999999,3.0199999999999996,3.96,1
32.5,73.75,2023-01-22,3,6.75,2.25,2.98,1
32.5,73.75,2023-01-23,3,10.71,3.5700000000000003,4.32,1
32.5,73.75,2023-01-25,1,2.69,2.69,2.69,1
32.5,73.75,2023-01-26,2,5.36,2.68,4.0,1
32.5,73.75,2023-01-27,7,33.31,4.758571428571429,10.68,1
32.5,73.75,2023-01-28,2,14.08,7.04,7.74,1
32.5,73.75,2023-02-02,1,5.02,5.02,5.02,1
32.5,73.75,2023-02-04,9,35.57,3.9522222222222223,6.79,1
32.5,73.75,2023-02-06,1,8.06,8.06,8.06,1
32.5,73.75,2023-02-07,4,15.6,3.9,6.85,1
32.5,73.75,2023-02-10,5,12.209999999999999,2.4419999999999997,4.37,1
32.5,73.75,2023-02-11,3,49.72,16.573333333333334,30.48,1
32.5,73.75,2023-02-12,2,5.1,2.55,3.5,1
32.5,73.75,2023-02-13,10,70.73,7.073,19.0,1
32.5,73.75,2023-02-14,5,16.86,3.372,5.76,1
32.5,73.75,2023-02-15,3,22.18,7.3933333333333335,9.26,1
32.5,73.75,2023-02-18,1,5.91,5.91,5.91,1
32.5,73.75,2023-02-21,2,11.690000000000001,5.845000000000001,5.87,1
32.5,73.75,2023-02-23,5,69.34,13.868,43.39,1
32.5,73.75,2023-02-24,5,16.41,3.282,5.54,1
32.5,73.75,2023-02-26,1,6.64,6.64,6.64,1
32.5,73.75,2023-02-27,3,33.08,11.026666666666666,27.42,1
32.5,73.75,2023-03-03,5,15.49,3.098,5.54,1
32.5,73.75,2023-03-04,1,5.07,5.07,5.07,1
32.5,73.75,2023-03-05,3,14.55,4.8500000000000005,8.51,1
32.5,73.75,2023-03-08,5,28.4,5.68,10.59,1
32.5,73.75,2023-03-09,1,9.69,9.69,9.69,1
32.5,73.75,2023-03-10,3,12.469999999999999,4.156666666666666,5.79,1
32.5,73.75,2023-03-12,1,13.37,13.37,13.37,1
32.5,73.75,2023-03-13,3,12.32,4.1066666666666665,4.98,1
32.5,73.75,2023-03-27,1,2.34,2.34,2.34,1
32.5,73.75,2023-04-06,1,4.01,4.01,4.01,1
32.5,73.75,2023-04-08,1,5.58,5.58,5.58,1
32.5,73.75,2023-04-15,1,2.29,2.29,2.29,1
32.5,73.75,2023-04-22,1,4.37,4.37,4.37,1
32.5,73.75,2023-04-23,1,8.15,8.15,8.15,1
32.5,73.75,2023-04-25,3,12.41,4.136666666666667,6.59,1
32.5,73.75,2023-04-29,5,20.330000000000002,4.066000000000001,5.53,1
32.5,73.75,2023-04-30,4,16.2,4.05,5.69,1
32.5,73.75,2023-05-04,12,55.34,4.611666666666667,6.54,1
32.5,73.75,2023-05-06,10,34.0,3.4,7.77,1
32.5,73.75,2023-05-07,4,11.74,2.935,3.45,1
32.5,73.75,2023-05-09,21,106.56,5.074285714285715,12.01,1
32.5,73.75,2023-05-10,25,178.91,7.1564,19.62,1
32.5,73.75,2023-05-11,6,34.94,5.823333333333333,7.94,1
32.5,73.75,2023-05-12,46,233.71,5.080652173913044,9.94,1
32.5,73.75,2023-05-13,54,317.53000000000003,5.880185185185185,14.88,1
32.5,73.75,2023-05-14,24,137.33,5.722083333333334,11.93,1
32.5,73.75,2023-05-15,60,342.72,5.712000000000001,18.25,1
32.5,73.75,2023-05-16,1,4.78,4.78,4.78,1
32.5,73.75,2023-05-17,57,362.76,6.364210526315789,25.3,1
32.5,73.75,2023-05-18,66,279.58,4.236060606060605,13.5,1
32.5,73.75,2023-05-19,31,213.67,6.89258064516129,30.73,1
32.5,73.75,2023-05-20,34,266.35,7.833823529411766,17.85,1
32.5,73.75,2023-05-21,58,255.16,4.399310344827586,17.3,1
32.5,73.75,2023-05-22,4,12.64,3.16,5.15,1
32.5,73.75,2023-05-24,4,9.66,2.415,2.95,1
32.5,73.75,2023-05-25,5,15.21,3.0420000000000003,4.91,1
32.5,73.75,2023-05-26,5,24.64,4.928,7.35,1
32.5,73.75,2023-05-27,3,10.69,3.563333333333333,4.3,1
32.5,73.75,2023-05-28,5,22.77,4.554,5.78,1
32.5,73.75,2023-05-29,3,10.3,3.4333333333333336,6.01,1
32.5,73.75,2023-06-03,4,29.79,7.4475,13.89,1
32.5,73.75,2023-06-04,3,23.119999999999997,7.706666666666666,10.85,1
32.5,73.75,2023-06-08,2,10.04,5.02,5.3,1
32.5,73.75,2023-06-09,1,4.89,4.89,4.89,1
32.5,73.75,2023-09-07,1,2.01,2.01,2.01,1
32.5,73.75,2023-09-08,1,2.74,2.74,2.74,1
32.5,73.75,2023-09-13,2,4.74,2.37,2.49,1
32.5,73.75,2023-09-20,3,14.09,4.696666666666666,5.22,1
32.5,73.75,2023-09-21,2,12.26,6.13,9.45,1
32.5,73.75,2023-09-27,1,2.17,2.17,2.17,1
32.5,73.75,2023-09-29,3,9.38,3.126666666666667,5.82,1
32.5,73.75,2023-09-30,2,6.220000000000001,3.1100000000000003,3.75,1
32.5,73.75,2023-10-01,4,47.32,11.83,22.54,1
32.5,73.75,2023-10-02,3,16.12,5.373333333333334,7.28,1
32.5,73.75,2023-10-03,4,12.370000000000001,3.0925000000000002,4.23,1
32.5,73.75,2023-10-04,5,24.91,4.982,9.46,1
32.5,73.75,2023-10-05,8,31.55,3.94375,10.02,1
32.5,73.75,2023-10-06,3,17.21,5.736666666666667,11.01,1
32.5,73.75,2023-10-07,1,3.91,3.91,3.91,1
32.5,73.75,2023-10-08,4,16.67,4.1675,6.5,1
32.5,73.75,2023-10-09,10,44.1,4.41,11.03,1
32.5,73.75,2023-10-12,2,26.130000000000003,13.065000000000001,14.14,1
32.5,73.75,2023-10-13,3,8.5,2.8333333333333335,4.61,1
32.5,73.75,2023-10-15,1,1.48,1.48,1.48,1
32.5,73.75,2023-10-19,4,12.53,3.1325,4.31,1
32.5,73.75,2023-10-20,1,2.04,2.04,2.04,1
32.5,73.75,2023-10-22,1,3.12,3.12,3.12,1
32.5,73.75,2023-10-23,2,13.59,6.795,7.04,1
32.5,73.75,2023-10-24,3,10.91,3.6366666666666667,4.33,1
32.5,73.75,2023-10-25,8,22.66,2.8325,4.02,1
32.5,73.75,2023-10-26,17,58.699999999999996,3.452941176470588,6.38,1
32.5,73.75,2023-10-27,6,27.089999999999996,4.515,8.7,1
32.5,73.75,2023-10-29,7,28.39,4.055714285714286,4.95,1
32.5,73.75,2023-10-30,1,4.93,4.93,4.93,1
32.5,73.75,2023-10-31,8,26.7,3.3375,6.5,1
32.5,73.75,2023-11-01,1,1.72,1.72,1.72,1
32.5,73.75,2023-11-03,5,10.57,2.114,3.56,1
32.5,73.75,2023-11-04,9,83.38,9.264444444444443,42.79,1
32.5,73.75,2023-11-05,16,85.05,5.315625,23.77,1
32.5,73.75,2023-11-06,9,36.5,4.055555555555555,7.19,1
32.5,73.75,2023-11-08,2,8.209999999999999,4.1049999999999995,4.77,1
32.5,73.75,2023-11-09,5,32.79,6.558,9.24,1
32.5,73.75,2023-11-13,2,4.23,2.115,2.38,1
32.5,73.75,2023-11-14,2,8.18,4.09,4.09,1
32.5,73.75,2023-11-15,6,25.2,4.2,6.39,1
32.5,73.75,2023-11-16,13,44.03,3.386923076923077,5.63,1
32.5,73.75,2023-11-17,9,46.629999999999995,5.181111111111111,11.85,1
32.5,73.75,2023-11-19,7,20.12,2.8742857142857146,7.99,1
32.5,73.75,2023-11-20,9,45.17,5.018888888888889,11.04,1
32.5,73.75,2023-11-21,21,93.91,4.471904761904762,18.65,1
32.5,73.75,2023-11-22,12,40.89,3.4075,7.51,1
32.5,73.75,2023-11-23,2,5.4,2.7,2.97,1
32.5,73.75,2023-11-24,3,9.780000000000001,3.2600000000000002,5.83,1
32.5,73.75,2023-11-28,4,7.91,1.9775,3.02,1
32.5,73.75,2023-12-01,6,37.45,6.241666666666667,17.99,1
32.5,73.75,2023-12-02,3,6.17,2.0566666666666666,2.24,1
32.5,73.75,2023-12-03,1,2.94,2.94,2.94,1
32.5,73.75,2023-12-04,1,2.67,2.67,2.67,1
32.5,73.75,2023-12-05,3,5.26,1.7533333333333332,2.44,1
32.5,73.75,2023-12-06,5,15.17,3.034,3.39,1
32.5,73.75,2023-12-07,4,12.04,3.01,4.38,1
32.5,73.75,2023-12-08,3,10.89,3.6300000000000003,4.55,1
32.5,73.75,2023-12-09,4,15.65,3.9125,4.5,1
32.5,73.75,2023-12-10,1,3.08,3.08,3.08,1
32.5,73.75,2023-12-13,1,7.94,7.94,7.94,1
32.5,73.75,2023-12-14,2,7.93,3.965,5.02,1
32.5,73.75,2023-12-15,3,23.060000000000002,7.686666666666667,10.63,1
32.5,73.75,2023-12-17,1,7.57,7.57,7.57,1
32.5,73.75,2023-12-18,2,4.82,2.41,2.55,1
32.5,73.75,2023-12-19,5,37.62,7.523999999999999,13.82,1
32.5,73.75,2023-12-20,4,26.7,6.675,9.53,1
32.5,73.75,2023-12-21,1,2.67,2.67,2.67,1
32.5,73.75,2023-12-22,3,11.47,3.8233333333333337,4.66,1
32.5,73.75,2023-12-23,1,3.21,3.21,3.21,1
32.5,73.75,2024-01-17,3,7.35,2.4499999999999997,3.41,1
32.5,73.75,2024-01-18,1,5.23,5.23,5.23,1
32.5,73.75,2024-01-23,8,32.98,4.1225,8.53,1
32.5,73.75,2024-01-26,3,10.58,3.526666666666667,4.43,1
32.5,73.75,2024-01-27,6,53.96,8.993333333333334,21.95,1
32.5,73.75,2024-01-28,3,24.7,8.233333333333333,12.11,1
32.5,73.75,2024-01-29,6,62.92,10.486666666666666,31.6,1
32.5,73.75,2024-02-02,1,1.74,1.74,1.74,1
32.5,73.75,2024-02-05,1,7.0,7.0,7.0,1
32.5,73.75,2024-02-06,5,96.44,19.288,44.16,1
32.5,73.75,2024-02-07,3,9.47,3.1566666666666667,4.16,1
32.5,73.75,2024-02-08,6,72.83,12.138333333333334,46.93,1
32.5,73.75,2024-02-09,2,4.140000000000001,2.0700000000000003,2.58,1
32.5,73.75,2024-02-10,1,2.81,2.81,2.81,1
32.5,73.75,2024-02-11,9,28.14,3.126666666666667,4.86,1
32.5,73.75,2024-02-13,2,6.97,3.485,3.76,1
32.5,73.75,2024-02-14,7,56.0,8.0,20.01,1
32.5,73.75,2024-02-15,5,61.150000000000006,12.23,40.35,1
32.5,73.75,2024-02-16,4,27.669999999999998,6.9174999999999995,16.79,1
32.5,73.75,2024-02-17,1,3.6,3.6,3.6,1
32.5,73.75,2024-02-20,1,3.15,3.15,3.15,1
32.5,73.75,2024-02-21,6,84.71,14.118333333333332,31.46,1
32.5,73.75,2024-02-23,3,19.8,6.6000000000000005,8.64,1
32.5,73.75,2024-02-24,7,32.11,4.587142857142857,6.49,1
32.5,73.75,2024-02-25,6,30.25,5.041666666666667,5.91,1
32.5,73.75,2024-02-27,2,6.84,3.42,4.16,1
32.5,73.75,2024-03-04,2,7.01,3.505,3.75,1
32.5,73.75,2024-03-05,1,2.12,2.12,2.12,1
32.5,73.75,2024-03-09,1,10.5,10.5,10.5,1
32.5,73.75,2024-03-12,1,2.35,2.35,2.35,1
32.5,73.75,2024-03-20,2,5.78,2.89,2.89,1
32.5,73.75,2024-03-25,1,10.87,10.87,10.87,1
32.5,73.75,2024-04-08,2,10.25,5.125,5.45,1
32.5,73.75,2024-04-20,1,7.18,7.18,7.18,1
32.5,73.75,2024-04-29,3,10.12,3.373333333333333,4.56,1
32.5,73.75,2024-05-02,1,3.44,3.44,3.44,1
32.5,73.75,2024-05-04,7,38.81,5.5442857142857145,12.83,1
32.5,73.75,2024-05-05,6,16.119999999999997,2.686666666666666,3.59,1
32.5,73.75,2024-05-06,7,53.21,7.601428571428571,15.55,1
32.5,73.75,2024-05-07,24,202.78,8.449166666666667,31.0,1
32.5,73.75,2024-05-08,15,77.91,5.194,12.13,1
32.5,73.75,2024-05-09,7,21.34,3.0485714285714285,4.81,1
32.5,73.75,2024-05-10,3,13.27,4.423333333333333,5.46,1
32.5,73.75,2024-05-11,35,196.77,5.622,16.15,1
32.5,73.75,2024-05-12,9,55.63,6.181111111111111,12.91,1
32.5,73.75,2024-05-13,144,604.55,4.198263888888889,14.55,1
32.5,73.75,2024-05-14,80,738.9399999999999,9.236749999999999,31.73,1
32.5,73.75,2024-05-15,111,830.68,7.483603603603603,24.16,1
32.5,73.75,2024-05-16,61,383.4,6.285245901639344,28.3,1
32.5,73.75,2024-05-17,121,658.1,5.438842975206612,13.53,1
32.5,73.75,2024-05-18,140,580.23,4.1445,10.88,1
32.5,73.75,2024-05-19,72,576.28,8.003888888888888,22.87,1
32.5,73.75,2024-05-20,32,352.33,11.0103125,29.01,1
32.5,73.75,2024-05-21,21,278.12,13.243809523809524,24.67,1
32.5,73.75,2024-05-22,25,267.73,10.709200000000001,36.6,1
32.5,73.75,2024-05-23,28,104.78,3.742142857142857,11.01,1
32.5,73.75,2024-05-24,13,38.879999999999995,2.9907692307692306,5.85,1
32.5,73.75,2024-05-25,12,217.45,18.120833333333334,25.45,1
32.5,73.75,2024-05-26,1,17.83,17.83,17.83,1
32.5,73.75,2024-05-27,1,12.49,12.49,12.49,1
32.5,73.75,2024-05-28,2,30.990000000000002,15.495000000000001,16.27,1
32.5,73.75,2024-05-29,12,81.9,6.825,14.11,1
32.5,73.75,2024-06-05,1,6.47,6.47,6.47,1
32.5,73.75,2024-06-08,1,7.09,7.09,7.09,1
32.5,73.75,2024-06-09,1,3.45,3.45,3.45,1
32.5,73.75,2024-06-11,1,12.93,12.93,12.93,1
32.5,73.75,2024-06-15,1,3.39,3.39,3.39,1
32.5,73.75,2024-06-19,1,6.58,6.58,6.58,1
32.5,73.75,2024-06-23,2,12.68,6.34,9.45,1
32.5,73.75,2024-06-28,1,6.63,6.63,6.63,1
32.5,73.75,2024-09-14,1,2.06,2.06,2.06,1
32.5,73.75,2024-09-15,1,2.95,2.95,2.95,1
32.5,73.75,2024-09-19,2,2.4299999999999997,1.2149999999999999,1.26,1
32.5,73.75,2024-09-20,2,5.57,2.785,3.48,1
32.5,73.75,2024-09-21,1,1.62,1.62,1.62,1
32.5,73.75,2024-09-22,1,2.91,2.91,2.91,1
32.5,73.75,2024-09-23,1,6.61,6.61,6.61,1
32.5,73.75,2024-09-25,2,7.77,3.885,4.45,1
32.5,73.75,2024-09-30,1,6.94,6.94,6.94,1
32.5,73.75,2024-10-02,2,7.18,3.59,3.59,1
32.5,73.75,2024-10-10,3,11.5,3.8333333333333335,5.86,1
32.5,73.75,2024-10-11,5,15.129999999999999,3.026,4.39,1
32.5,73.75,2024-10-12,7,18.43,2.632857142857143,4.51,1
32.5,73.75,2024-10-13,6,19.759999999999998,3.293333333333333,5.04,1
32.5,73.75,2024-10-15,7,20.97,2.9957142857142856,5.89,1
32.5,73.75,2024-10-16,13,73.05,5.619230769230769,9.52,1
32.5,73.75,2024-10-17,18,56.269999999999996,3.126111111111111,5.29,1
32.5,73.75,2024-10-18,5,33.3,6.659999999999999,14.06,1
32.5,73.75,2024-10-19,3,12.79,4.263333333333333,6.03,1
32.5,73.75,2024-10-20,3,15.360000000000001,5.12,6.98,1
32.5,73.75,2024-10-21,10,71.34,7.134,26.1,1
32.5,73.75,2024-10-22,11,40.43,3.6754545454545453,8.24,1
32.5,73.75,2024-10-23,14,51.37,3.669285714285714,6.64,1
32.5,73.75,2024-10-24,9,37.54,4.171111111111111,6.0,1
32.5,73.75,2024-10-25,4,20.34,5.085,12.62,1
32.5,73.75,2024-10-26,4,19.7,4.925,6.45,1
32.5,73.75,2024-10-27,10,46.32,4.632,9.24,1
32.5,73.75,2024-10-28,7,19.3,2.757142857142857,3.63,1
32.5,73.75,2024-10-29,3,11.71,3.9033333333333338,5.0,1
32.5,73.75,2024-10-30,2,11.65,5.825,8.65,1
32.5,73.75,2024-10-31,10,39.85,3.9850000000000003,9.79,1
32.5,73.75,2024-11-01,11,68.35000000000001,6.213636363636365,11.8,1
32.5,73.75,2024-11-02,3,8.57,2.856666666666667,3.6,1
32.5,73.75,2024-11-07,2,6.949999999999999,3.4749999999999996,4.27,1
32.5,73.75,2024-11-08,4,16.14,4.035,5.46,1
32.5,73.75,2024-11-09,2,11.76,5.88,7.67,1
32.5,73.75,2024-11-12,3,16.009999999999998,5.336666666666666,8.74,1
32.5,73.75,2024-11-13,3,8.88,2.9600000000000004,3.47,1
32.5,73.75,2024-11-17,6,34.019999999999996,5.669999999999999,9.01,1
32.5,73.75,2024-11-18,2,3.98,1.99,2.29,1
32.5,73.75,2024-11-19,5,19.95,3.9899999999999998,6.46,1
32.5,73.75,2024-11-22,1,5.66,5.66,5.66,1
32.5,73.75,2024-11-24,1,3.49,3.49,3.49,1
32.5,73.75,2024-11-27,2,7.16,3.58,4.08,1
32.5,73.75,2024-11-29,1,1.85,1.85,1.85,1
32.5,73.75,2024-12-04,2,4.87,2.435,2.96,1
32.5,73.75,2024-12-06,2,19.759999999999998,9.879999999999999,10.28,1
32.5,73.75,2024-12-07,3,6.369999999999999,2.123333333333333,2.55,1
32.5,73.75,2024-12-08,1,4.95,4.95,4.95,1
32.5,73.75,2024-12-09,2,9.11,4.555,4.73,1
32.5,73.75,2024-12-10,5,33.28,6.656000000000001,11.39,1
32.5,73.75,2024-12-12,2,6.49,3.245,3.98,1
32.5,73.75,2024-12-13,1,4.38,4.38,4.38,1
32.5,73.75,2024-12-17,3,21.51,7.170000000000001,10.96,1
32.5,73.75,2024-12-19,2,6.109999999999999,3.0549999999999997,4.1,1
32.5,73.75,2024-12-20,1,2.11,2.11,2.11,1
32.5,73.75,2024-12-21,2,6.75,3.375,4.25,1
32.5,73.75,2024-12-25,2,4.26,2.13,2.37,1
32.5,73.75,2024-12-26,1,6.97,6.97,6.97,1
32.5,73.75,2024-12-28,1,2.07,2.07,2.07,1
32.5,73.75,2025-01-05,1,2.09,2.09,2.09,1
32.5,73.75,2025-01-08,2,5.93,2.965,3.49,1
32.5,73.75,2025-01-09,3,14.379999999999999,4.793333333333333,6.34,1
32.5,73.75,2025-01-13,1,3.51,3.51,3.51,1
32.5,73.75,2025-01-15,1,3.17,3.17,3.17,1
32.5,73.75,2025-01-20,4,12.08,3.02,4.4,1
32.5,73.75,2025-01-21,3,18.06,6.02,10.29,1
32.5,73.75,2025-01-22,6,37.93,6.321666666666666,9.6,1
32.5,73.75,2025-01-23,3,18.04,6.013333333333333,7.47,1
32.5,73.75,2025-01-24,2,8.15,4.075,4.24,1
32.5,73.75,2025-01-25,4,29.93,7.4825,9.3,1
32.5,73.75,2025-01-26,2,17.04,8.52,15.34,1
32.5,73.75,2025-01-27,3,11.23,3.7433333333333336,7.19,1
32.5,73.75,2025-01-30,2,12.11,6.055,6.24,1
32.5,73.75,2025-01-31,2,10.26,5.13,9.39,1
32.5,73.75,2025-02-01,2,12.33,6.165,10.48,1
32.5,73.75,2025-02-02,6,30.65,5.108333333333333,6.07,1
32.5,73.75,2025-02-03,1,2.79,2.79,2.79,1
32.5,73.75,2025-02-04,7,32.730000000000004,4.675714285714286,8.0,1
32.5,73.75,2025-02-05,3,41.269999999999996,13.756666666666666,18.32,1
32.5,73.75,2025-02-06,5,14.030000000000001,2.806,4.86,1
32.5,73.75,2025-02-07,3,9.4,3.1333333333333333,3.99,1
32.5,73.75,2025-02-09,4,25.92,6.48,13.7,1
32.5,73.75,2025-02-10,1,2.56,2.56,2.56,1
32.5,73.75,2025-02-11,1,3.89,3.89,3.89,1
32.5,73.75,2025-02-12,6,61.65,10.275,18.47,1
32.5,73.75,2025-02-13,3,27.23,9.076666666666666,12.57,1
32.5,73.75,2025-02-14,1,2.12,2.12,2.12,1
32.5,73.75,2025-02-15,2,8.09,4.045,4.41,1
32.5,73.75,2025-02-16,1,1.71,1.71,1.71,1
32.5,73.75,2025-02-17,3,16.43,5.476666666666667,6.35,1
32.5,73.75,2025-02-18,3,13.83,4.61,9.83,1
32.5,73.75,2025-02-19,1,5.26,5.26,5.26,1
32.5,73.75,2025-02-24,3,14.46,4.82,6.96,1
32.5,73.75,2025-03-05,1,1.54,1.54,1.54,1
32.5,73.75,2025-03-06,1,2.15,2.15,2.15,1
32.5,73.75,2025-03-08,2,17.1,8.55,10.5,1
32.5,73.75,2025-03-16,1,3.14,3.14,3.14,1
32.5,73.75,2025-03-21,1,4.49,4.49,4.49,1
32.5,73.75,2025-03-22,2,5.68,2.84,3.38,1
32.5,73.75,2025-03-23,2,3.94,1.97,2.11,1
32.5,73.75,2025-03-24,5,17.84,3.568,6.23,1
32.5,73.75,2025-03-28,1,5.67,5.67,5.67,1
32.5,73.75,2025-03-29,3,38.870000000000005,12.956666666666669,19.71,1
32.5,73.75,2025-04-01,1,3.22,3.22,3.22,1
32.5,73.75,2025-04-02,2,11.18,5.59,6.36,1
32.5,73.75,2025-04-04,1,3.53,3.53,3.53,1
32.5,73.75,2025-04-10,2,6.779999999999999,3.3899999999999997,3.46,1
32.5,73.75,2025-04-18,1,3.9,3.9,3.9,1
32.5,73.75,2025-04-22,1,3.73,3.73,3.73,1
32.5,73.75,2025-04-24,9,181.29000000000002,20.143333333333334,48.03,1
32.5,73.75,2025-04-25,2,4.25,2.125,3.15,1
32.5,73.75,2025-04-28,1,41.36,41.36,41.36,1
32.5,73.75,2025-04-29,4,25.4,6.35,9.4,1
32.5,73.75,2025-04-30,6,23.87,3.9783333333333335,4.56,1
32.5,73.75,2025-05-01,3,9.12,3.0399999999999996,4.51,1
32.5,73.75,2025-05-05,3,14.51,4.836666666666667,6.49,1
32.5,73.75,2025-05-06,5,29.5,5.9,9.25,1
32.5,73.75,2025-05-07,30,128.42000000000002,4.280666666666667,13.39,1
32.5,73.75,2025-05-10,55,180.72,3.2858181818181817,7.76,1
32.5,73.75,2025-05-11,57,219.14,3.844561403508772,10.65,1
32.5,73.75,2025-05-12,47,296.9,6.317021276595744,35.75,1
32.5,73.75,2025-05-13,70,444.89,6.355571428571428,18.28,1
32.5,73.75,2025-05-14,70,502.59,7.179857142857142,24.58,1
32.5,73.75,2025-05-15,82,485.41,5.919634146341464,22.55,1
32.5,73.75,2025-05-16,79,418.27,5.294556962025316,24.49,1
32.5,73.75,2025-05-17,50,346.62,6.9324,16.01,1
32.5,73.75,2025-05-18,59,410.47,6.957118644067797,27.86,1
32.5,73.75,2025-05-19,20,114.44,5.7219999999999995,15.28,1
32.5,73.75,2025-05-20,36,297.09,8.2525,17.46,1
32.5,73.75,2025-05-21,34,131.85999999999999,3.878235294117647,6.88,1
32.5,73.75,2025-05-22,19,100.02,5.2642105263157895,10.73,1
32.5,73.75,2025-05-23,24,190.96,7.956666666666667,24.19,1
32.5,73.75,2025-05-24,4,23.240000000000002,5.8100000000000005,8.05,1
32.5,73.75,2025-05-25,1,5.52,5.52,5.52,1
32.5,73.75,2025-05-26,21,64.81,3.086190476190476,5.49,1
32.5,73.75,2025-05-27,14,43.39,3.099285714285714,7.71,1
32.5,73.75,2025-05-28,6,59.19,9.865,17.92,1
32.5,73.75,2025-05-29,3,14.690000000000001,4.896666666666667,6.4,1
32.5,73.75,2025-05-30,3,7.88,2.6266666666666665,3.19,1
32.5,73.75,2025-06-01,5,16.92,3.3840000000000003,6.39,1
32.5,73.75,2025-06-02,2,21.16,10.58,11.17,1
32.5,73.75,2025-06-10,4,28.64,7.16,13.24,1
32.5,73.75,2025-06-12,2,13.36,6.68,6.68,1
32.5,73.75,2025-06-15,1,17.24,17.24,17.24,1
32.5,73.75,2025-06-24,4,15.280000000000001,3.8200000000000003,4.86,1
32.5,73.75,2025-09-29,1,2.72,2.72,2.72,1
32.5,73.75,2025-10-03,1,4.86,4.86,4.86,1
32.5,73.75,2025-10-04,3,39.190000000000005,13.063333333333334,17.94,1
32.5,73.75,2025-10-05,1,4.97,4.97,4.97,1
32.5,73.75,2025-10-11,3,19.64,6.546666666666667,8.26,1
32.5,73.75,2025-10-12,3,12.190000000000001,4.0633333333333335,5.08,1
32.5,73.75,2025-10-13,5,19.759999999999998,3.9519999999999995,5.31,1
32.5,73.75,2025-10-14,6,33.6,5.6000000000000005,9.57,1
32.5,73.75,2025-10-15,6,23.22,3.8699999999999997,4.33,1
32.5,73.75,2025-10-16,11,68.09,6.19,18.77,1
32.5,73.75,2025-10-17,6,15.15,2.525,3.34,1
32.5,73.75,2025-10-18,6,23.49,3.9149999999999996,5.71,1
32.5,73.75,2025-10-19,7,39.78,5.682857142857143,8.0,1
32.5,73.75,2025-10-20,24,73.7,3.0708333333333333,11.21,1
32.5,73.75,2025-10-21,13,70.31,5.408461538461538,19.13,1
32.5,73.75,2025-10-22,2,27.509999999999998,13.754999999999999,14.62,1
32.5,73.75,2025-10-23,2,4.82,2.41,2.54,1
32.5,73.75,2025-10-24,11,55.41,5.037272727272727,12.67,1
32.5,73.75,2025-10-25,19,90.02,4.737894736842105,14.58,1
32.5,73.75,2025-10-26,14,49.29,3.5207142857142855,6.89,1
32.5,73.75,2025-10-27,9,29.5,3.2777777777777777,6.06,1
32.5,73.75,2025-10-28,10,45.22,4.522,12.74,1
32.5,73.75,2025-10-29,3,11.26,3.7533333333333334,4.34,1
32.5,73.75,2025-10-30,19,79.63000000000001,4.191052631578948,18.89,1
32.5,73.75,2025-10-31,17,64.21000000000001,3.777058823529412,17.16,1
32.5,73.75,2025-11-01,12,66.97,5.5808333333333335,16.88,1
32.5,73.75,2025-11-02,14,137.31,9.807857142857143,27.57,1
32.5,73.75,2025-11-03,3,8.04,2.6799999999999997,4.51,1
32.5,73.75,2025-11-04,5,17.92,3.5840000000000005,4.51,1
32.5,73.75,2025-11-05,23,90.4,3.930434782608696,9.01,1
32.5,73.75,2025-11-06,12,49.93,4.160833333333334,10.94,1
32.5,73.75,2025-11-07,3,17.71,5.903333333333333,9.32,1
32.5,73.75,2025-11-08,9,26.58,2.953333333333333,4.55,1
32.5,73.75,2025-11-09,14,60.57,4.326428571428571,11.91,1
32.5,73.75,2025-11-10,11,27.02,2.4563636363636365,3.5,1
32.5,73.75,2025-11-11,9,24.439999999999998,2.7155555555555555,4.77,1
32.5,73.75,2025-11-13,3,8.1,2.6999999999999997,3.9,1
32.5,73.75,2025-11-14,2,5.44,2.72,3.66,1
32.5,73.75,2025-11-15,4,11.57,2.8925,4.23,1
32.5,73.75,2025-11-16,5,7.94,1.588,2.44,1
32.5,73.75,2025-11-17,2,3.71,1.855,2.38,1
32.5,73.75,2025-11-20,1,3.85,3.85,3.85,1
32.5,73.75,2025-11-21,1,1.89,1.89,1.89,1
32.5,73.75,2025-11-26,1,2.46,2.46,2.46,1
32.5,73.75,2025-11-27,2,11.83,5.915,7.91,1
32.5,73.75,2025-12-01,1,2.56,2.56,2.56,1
32.5,73.75,2025-12-04,1,1.67,1.67,1.67,1
32.5,73.75,2025-12-07,2,7.800000000000001,3.9000000000000004,4.98,1
32.5,73.75,2025-12-08,1,2.65,2.65,2.65,1
32.5,73.75,2025-12-09,1,4.71,4.71,4.71,1
32.5,73.75,2025-12-10,2,5.05,2.525,3.3,1
32.5,73.75,2025-12-22,1,2.92,2.92,2.92,1
32.5,73.75,2025-12-23,1,4.76,4.76,4.76,1
32.5,73.75,2025-12-25,1,3.82,3.82,3.82,1
32.5,73.75,2025-12-26,2,7.1899999999999995,3.5949999999999998,3.73,1
32.5,74.375,2023-01-04,1,3.78,3.78,3.78,1
32.5,74.375,2023-01-15,1,4.19,4.19,4.19,1
32.5,74.375,2023-01-16,2,5.46,2.73,2.73,1
32.5,74.375,2023-01-19,1,4.98,4.98,4.98,1
32.5,74.375,2023-02-04,1,0.69,0.69,0.69,1
32.5,74.375,2023-02-06,2,6.6,3.3,3.3,1
32.5,74.375,2023-02-07,1,4.14,4.14,4.14,1
32.5,74.375,2023-02-11,3,8.58,2.86,3.39,1
32.5,74.375,2023-02-12,3,7.03,2.3433333333333333,3.52,1
32.5,74.375,2023-02-14,2,9.059999999999999,4.529999999999999,5.3,1
32.5,74.375,2023-02-20,3,19.63,6.543333333333333,9.77,1
32.5,74.375,2023-02-22,1,0.93,0.93,0.93,1
32.5,74.375,2023-02-24,2,2.2,1.1,1.14,1
32.5,74.375,2023-02-25,4,30.25,7.5625,10.63,1
32.5,74.375,2023-02-27,4,14.41,3.6025,4.07,1
32.5,74.375,2023-03-02,1,1.04,1.04,1.04,1
32.5,74.375,2023-03-05,1,2.58,2.58,2.58,1
32.5,74.375,2023-03-07,1,10.78,10.78,10.78,1
32.5,74.375,2023-03-09,1,3.47,3.47,3.47,1
32.5,74.375,2023-03-26,2,1.26,0.63,0.65,1
32.5,74.375,2023-04-05,1,0.38,0.38,0.38,1
32.5,74.375,2023-04-17,1,5.31,5.31,5.31,1
32.5,74.375,2023-04-30,3,14.75,4.916666666666667,7.4,1
32.5,74.375,2023-05-05,2,7.16,3.58,4.05,1
32.5,74.375,2023-05-06,6,28.5,4.75,8.95,1
32.5,74.375,2023-05-09,4,19.9,4.975,11.06,1
32.5,74.375,2023-05-10,15,96.88,6.458666666666667,20.91,1
32.5,74.375,2023-05-11,3,29.089999999999996,9.696666666666665,17.38,1
32.5,74.375,2023-05-12,48,425.08,8.855833333333333,41.45,1
32.5,74.375,2023-05-13,85,502.8,5.915294117647059,44.01,1
32.5,74.375,2023-05-14,29,182.38,6.288965517241379,12.55,1
32.5,74.375,2023-05-15,61,328.72,5.388852459016394,17.76,1
32.5,74.375,2023-05-16,24,109.33,4.555416666666667,10.41,1
32.5,74.375,2023-05-17,86,569.67,6.62406976744186,15.53,1
32.5,74.375,2023-05-18,55,253.89,4.6161818181818175,12.49,1
32.5,74.375,2023-05-19,54,323.01,5.9816666666666665,20.7,1
32.5,74.375,2023-05-20,24,249.94,10.414166666666667,23.41,1
32.5,74.375,2023-05-21,70,454.85,6.497857142857143,18.45,1
32.5,74.375,2023-05-22,30,143.42000000000002,4.780666666666667,11.51,1
32.5,74.375,2023-05-23,3,18.82,6.273333333333333,8.34,1
32.5,74.375,2023-05-24,2,4.08,2.04,2.22,1
32.5,74.375,2023-05-26,3,10.97,3.6566666666666667,5.41,1
32.5,74.375,2023-05-27,4,9.77,2.4425,4.43,1
32.5,74.375,2023-05-28,1,5.71,5.71,5.71,1
32.5,74.375,2023-06-03,4,23.060000000000002,5.765000000000001,11.22,1
32.5,74.375,2023-06-04,1,1.11,1.11,1.11,1
32.5,74.375,2023-06-05,1,0.89,0.89,0.89,1
32.5,74.375,2023-06-06,2,5.45,2.725,3.22,1
32.5,74.375,2023-06-07,1,3.02,3.02,3.02,1
32.5,74.375,2023-06-08,4,14.73,3.6825,10.21,1
32.5,74.375,2023-06-12,2,9.06,4.53,4.69,1
32.5,74.375,2023-06-13,1,3.42,3.42,3.42,1
32.5,74.375,2023-06-20,1,4.35,4.35,4.35,1
32.5,74.375,2023-06-23,1,4.09,4.09,4.09,1
32.5,74.375,2023-07-11,1,4.59,4.59,4.59,1
32.5,74.375,2023-07-12,3,12.31,4.1033333333333335,4.59,1
32.5,74.375,2023-09-05,1,1.08,1.08,1.08,1
32.5,74.375,2023-09-06,1,1.65,1.65,1.65,1
32.5,74.375,2023-09-08,1,1.5,1.5,1.5,1
32.5,74.375,2023-09-16,2,2.01,1.005,1.17,1
32.5,74.375,2023-09-24,1,0.62,0.62,0.62,1
32.5,74.375,2023-09-25,1,0.62,0.62,0.62,1
32.5,74.375,2023-09-28,2,4.35,2.175,3.56,1
32.5,74.375,2023-09-29,2,4.7700000000000005,2.3850000000000002,2.99,1
32.5,74.375,2023-09-30,1,6.45,6.45,6.45,1
32.5,74.375,2023-10-01,1,4.35,4.35,4.35,1
32.5,74.375,2023-10-02,4,8.47,2.1175,3.28,1
32.5,74.375,2023-10-03,4,13.709999999999999,3.4274999999999998,4.68,1
32.5,74.375,2023-10-04,3,6.37,2.1233333333333335,2.99,1
32.5,74.375,2023-10-05,8,26.51,3.31375,5.33,1
32.5,74.375,2023-10-06,4,18.82,4.705,6.27,1
32.5,74.375,2023-10-08,1,3.31,3.31,3.31,1
32.5,74.375,2023-10-09,2,6.470000000000001,3.2350000000000003,3.58,1
32.5,74.375,2023-10-12,1,2.71,2.71,2.71,1
32.5,74.375,2023-10-13,3,8.7,2.9,4.56,1
32.5,74.375,2023-10-23,1,2.19,2.19,2.19,1
32.5,74.375,2023-10-24,1,5.64,5.64,5.64,1
32.5,74.375,2023-10-25,3,8.83,2.9433333333333334,3.72,1
32.5,74.375,2023-10-26,7,12.95,1.8499999999999999,2.62,1
32.5,74.375,2023-10-29,2,4.8,2.4,3.64,1
32.5,74.375,2023-10-30,1,2.92,2.92,2.92,1
32.5,74.375,2023-10-31,3,6.67,2.223333333333333,2.78,1
32.5,74.375,2023-11-01,3,9.35,3.1166666666666667,5.45,1
32.5,74.375,2023-11-03,1,2.72,2.72,2.72,1
32.5,74.375,2023-11-04,4,8.92,2.23,3.5,1
32.5,74.375,2023-11-05,4,15.21,3.8025,6.69,1
32.5,74.375,2023-11-06,11,32.66,2.969090909090909,4.06,1
32.5,74.375,2023-11-10,1,0.81,0.81,0.81,1
32.5,74.375,2023-11-11,1,0.57,0.57,0.57,1
32.5,74.375,2023-11-12,1,2.19,2.19,2.19,1
32.5,74.375,2023-11-13,3,4.65,1.55,2.49,1
32.5,74.375,2023-11-14,4,9.54,2.385,4.0,1
32.5,74.375,2023-11-15,10,34.22,3.4219999999999997,5.93,1
32.5,74.375,2023-11-16,13,42.91,3.3007692307692307,6.72,1
32.5,74.375,2023-11-17,19,57.1,3.005263157894737,6.37,1
32.5,74.375,2023-11-18,5,19.38,3.876,7.12,1
32.5,74.375,2023-11-19,5,8.36,1.672,3.64,1
32.5,74.375,2023-11-20,5,12.77,2.554,3.16,1
32.5,74.375,2023-11-21,16,50.6,3.1625,7.14,1
32.5,74.375,2023-11-22,18,58.06,3.2255555555555557,6.94,1
32.5,74.375,2023-11-23,7,22.439999999999998,3.2057142857142855,4.88,1
32.5,74.375,2023-11-24,7,25.99,3.7128571428571426,4.42,1
32.5,74.375,2023-11-28,5,16.06,3.2119999999999997,6.24,1
32.5,74.375,2023-11-30,1,0.78,0.78,0.78,1
32.5,74.375,2023-12-01,5,12.11,2.4219999999999997,4.09,1
32.5,74.375,2023-12-02,4,11.77,2.9425,5.61,1
32.5,74.375,2023-12-03,2,4.2299999999999995,2.1149999999999998,2.57,1
32.5,74.375,2023-12-04,1,4.26,4.26,4.26,1
32.5,74.375,2023-12-05,1,1.04,1.04,1.04,1
32.5,74.375,2023-12-07,3,4.18,1.3933333333333333,1.79,1
32.5,74.375,2023-12-08,2,5.7,2.85,3.66,1
32.5,74.375,2023-12-10,1,2.73,2.73,2.73,1
32.5,74.375,2023-12-12,2,22.189999999999998,11.094999999999999,11.32,1
32.5,74.375,2023-12-13,5,10.6,2.12,3.5,1
32.5,74.375,2023-12-18,2,13.48,6.74,11.64,1
32.5,74.375,2023-12-19,1,2.14,2.14,2.14,1
32.5,74.375,2023-12-21,1,4.23,4.23,4.23,1
32.5,74.375,2023-12-22,2,6.49,3.245,4.06,1
32.5,74.375,2023-12-23,1,4.72,4.72,4.72,1
32.5,74.375,2023-12-27,3,40.98,13.659999999999998,19.36,1
32.5,74.375,2023-12-29,1,2.21,2.21,2.21,1
32.5,74.375,2024-01-16,1,4.63,4.63,4.63,1
32.5,74.375,2024-01-17,1,2.86,2.86,2.86,1
32.5,74.375,2024-01-18,1,4.68,4.68,4.68,1
32.5,74.375,2024-01-27,2,5.14,2.57,2.61,1
32.5,74.375,2024-01-29,1,2.74,2.74,2.74,1
32.5,74.375,2024-02-04,2,1.1,0.55,0.72,1
32.5,74.375,2024-02-07,1,2.64,2.64,2.64,1
32.5,74.375,2024-02-08,5,36.05,7.209999999999999,10.63,1
32.5,74.375,2024-02-13,2,18.34,9.17,9.17,1
32.5,74.375,2024-02-14,3,11.92,3.973333333333333,10.27,1
32.5,74.375,2024-02-15,2,4.22,2.11,2.71,1
32.5,74.375,2024-02-16,1,8.36,8.36,8.36,1
32.5,74.375,2024-02-19,1,0.44,0.44,0.44,1
32.5,74.375,2024-02-22,1,3.13,3.13,3.13,1
32.5,74.375,2024-02-25,1,1.73,1.73,1.73,1
32.5,74.375,2024-02-27,1,3.9,3.9,3.9,1
32.5,74.375,2024-03-08,2,3.34,1.67,2.02,1
32.5,74.375,2024-03-17,1,0.31,0.31,0.31,1
32.5,74.375,2024-03-18,1,9.78,9.78,9.78,1
32.5,74.375,2024-04-06,1,0.72,0.72,0.72,1
32.5,74.375,2024-04-11,1,0.73,0.73,0.73,1
32.5,74.375,2024-04-23,1,0.87,0.87,0.87,1
32.5,74.375,2024-04-25,1,2.98,2.98,2.98,1
32.5,74.375,2024-04-29,1,0.58,0.58,0.58,1
32.5,74.375,2024-05-01,2,6.49,3.245,4.26,1
32.5,74.375,2024-05-04,2,8.45,4.225,4.83,1
32.5,74.375,2024-05-05,1,2.77,2.77,2.77,1
32.5,74.375,2024-05-06,1,3.35,3.35,3.35,1
32.5,74.375,2024-05-07,5,14.74,2.948,6.94,1
32.5,74.375,2024-05-08,6,19.61,3.268333333333333,4.28,1
32.5,74.375,2024-05-09,16,51.35,3.209375,5.24,1
32.5,74.375,2024-05-11,7,44.129999999999995,6.304285714285713,12.13,1
32.5,74.375,2024-05-12,1,6.97,6.97,6.97,1
32.5,74.375,2024-05-13,86,363.03000000000003,4.2212790697674425,12.27,1
32.5,74.375,2024-05-14,80,673.1,8.41375,24.03,1
32.5,74.375,2024-05-15,125,1068.48,8.54784,38.43,1
32.5,74.375,2024-05-16,97,625.79,6.451443298969072,39.95,1
32.5,74.375,2024-05-17,106,658.69,6.214056603773585,20.86,1
32.5,74.375,2024-05-18,223,1200.82,5.384843049327354,31.66,1
32.5,74.375,2024-05-19,122,909.87,7.457950819672131,21.02,1
32.5,74.375,2024-05-20,57,710.91,12.472105263157895,41.82,1
32.5,74.375,2024-05-21,28,214.22,7.650714285714286,12.72,1
32.5,74.375,2024-05-22,35,311.55,8.901428571428571,19.77,1
32.5,74.375,2024-05-23,43,151.25,3.5174418604651163,6.61,1
32.5,74.375,2024-05-24,16,62.85,3.928125,7.95,1
32.5,74.375,2024-05-25,14,140.21,10.015,19.58,1
32.5,74.375,2024-05-26,5,37.41,7.481999999999999,15.58,1
32.5,74.375,2024-05-27,9,128.64,14.293333333333331,22.06,1
32.5,74.375,2024-05-28,5,65.56,13.112,24.09,1
32.5,74.375,2024-05-29,20,110.8,5.54,14.48,1
32.5,74.375,2024-06-07,2,7.64,3.82,5.06,1
32.5,74.375,2024-06-08,2,13.24,6.62,9.3,1
32.5,74.375,2024-06-10,4,24.12,6.03,11.13,1
32.5,74.375,2024-06-12,1,1.44,1.44,1.44,1
32.5,74.375,2024-06-16,1,10.07,10.07,10.07,1
32.5,74.375,2024-06-24,3,32.3,10.766666666666666,14.98,1
32.5,74.375,2024-06-25,1,2.34,2.34,2.34,1
32.5,74.375,2024-07-01,1,0.83,0.83,0.83,1
32.5,74.375,2024-09-04,1,0.61,0.61,0.61,1
32.5,74.375,2024-09-05,1,0.73,0.73,0.73,1
32.5,74.375,2024-09-12,2,6.46,3.23,3.84,1
32.5,74.375,2024-09-15,1,2.01,2.01,2.01,1
32.5,74.375,2024-09-16,2,7.550000000000001,3.7750000000000004,3.99,1
32.5,74.375,2024-09-20,3,10.85,3.6166666666666667,3.89,1
32.5,74.375,2024-09-21,2,4.53,2.265,3.02,1
32.5,74.375,2024-09-23,2,5.949999999999999,2.9749999999999996,3.76,1
32.5,74.375,2024-09-24,1,7.83,7.83,7.83,1
32.5,74.375,2024-09-25,4,17.15,4.2875,7.04,1
32.5,74.375,2024-10-01,2,7.73,3.865,5.24,1
32.5,74.375,2024-10-02,1,3.63,3.63,3.63,1
32.5,74.375,2024-10-03,1,4.42,4.42,4.42,1
32.5,74.375,2024-10-04,2,6.85,3.425,3.56,1
32.5,74.375,2024-10-05,1,3.98,3.98,3.98,1
32.5,74.375,2024-10-11,10,32.49,3.249,6.9,1
32.5,74.375,2024-10-12,9,24.07,2.6744444444444446,5.21,1
32.5,74.375,2024-10-13,7,40.86,5.837142857142857,9.86,1
32.5,74.375,2024-10-14,3,9.53,3.1766666666666663,4.27,1
32.5,74.375,2024-10-15,5,12.06,2.412,3.61,1
32.5,74.375,2024-10-16,7,33.839999999999996,4.834285714285714,10.19,1
32.5,74.375,2024-10-17,18,48.53,2.696111111111111,4.11,1
32.5,74.375,2024-10-18,14,51.75,3.6964285714285716,5.38,1
32.5,74.375,2024-10-19,6,25.55,4.258333333333334,6.43,1
32.5,74.375,2024-10-21,3,8.07,2.69,3.77,1
32.5,74.375,2024-10-22,2,4.53,2.265,2.72,1
32.5,74.375,2024-10-23,13,56.14,4.318461538461539,8.73,1
32.5,74.375,2024-10-24,6,18.15,3.025,4.01,1
32.5,74.375,2024-10-27,4,12.129999999999999,3.0324999999999998,4.99,1
32.5,74.375,2024-10-28,1,2.03,2.03,2.03,1
32.5,74.375,2024-10-29,1,2.51,2.51,2.51,1
32.5,74.375,2024-10-31,5,26.310000000000002,5.2620000000000005,10.39,1
32.5,74.375,2024-11-01,5,15.540000000000001,3.108,5.0,1
32.5,74.375,2024-11-02,6,18.7,3.1166666666666667,3.68,1
32.5,74.375,2024-11-07,15,53.089999999999996,3.539333333333333,8.3,1
32.5,74.375,2024-11-08,11,43.940000000000005,3.994545454545455,6.2,1
32.5,74.375,2024-11-09,5,17.54,3.508,4.68,1
32.5,74.375,2024-11-12,7,26.89,3.8414285714285716,5.71,1
32.5,74.375,2024-11-13,4,8.59,2.1475,3.15,1
32.5,74.375,2024-11-17,7,22.58,3.2257142857142855,5.02,1
32.5,74.375,2024-11-18,5,12.13,2.426,3.12,1
32.5,74.375,2024-11-19,3,7.92,2.64,4.32,1
32.5,74.375,2024-11-20,3,5.42,1.8066666666666666,2.93,1
32.5,74.375,2024-11-22,1,2.5,2.5,2.5,1
32.5,74.375,2024-11-24,2,4.33,2.165,2.75,1
32.5,74.375,2024-11-25,2,3.29,1.645,1.68,1
32.5,74.375,2024-11-28,2,4.99,2.495,2.74,1
32.5,74.375,2024-11-29,1,1.98,1.98,1.98,1
32.5,74.375,2024-11-30,1,2.01,2.01,2.01,1
32.5,74.375,2024-12-01,1,1.75,1.75,1.75,1
32.5,74.375,2024-12-03,1,6.47,6.47,6.47,1
32.5,74.375,2024-12-04,5,8.33,1.666,3.45,1
32.5,74.375,2024-12-05,1,2.76,2.76,2.76,1
32.5,74.375,2024-12-10,1,2.32,2.32,2.32,1
32.5,74.375,2024-12-11,4,7.48,1.87,2.9,1
32.5,74.375,2024-12-13,2,13.639999999999999,6.819999999999999,9.87,1
32.5,74.375,2024-12-15,1,0.73,0.73,0.73,1
32.5,74.375,2024-12-20,1,2.83,2.83,2.83,1
32.5,74.375,2024-12-25,5,13.14,2.628,3.82,1
32.5,74.375,2025-01-12,1,5.3,5.3,5.3,1
32.5,74.375,2025-01-13,1,8.32,8.32,8.32,1
32.5,74.375,2025-01-14,2,11.43,5.715,6.66,1
32.5,74.375,2025-01-15,2,4.01,2.005,2.02,1
32.5,74.375,2025-01-20,6,15.93,2.655,3.04,1
32.5,74.375,2025-01-22,4,16.64,4.16,8.0,1
32.5,74.375,2025-01-24,1,5.13,5.13,5.13,1
32.5,74.375,2025-01-25,6,14.57,2.4283333333333332,5.15,1
32.5,74.375,2025-01-26,6,21.009999999999998,3.5016666666666665,6.18,1
32.5,74.375,2025-01-27,1,1.36,1.36,1.36,1
32.5,74.375,2025-02-03,4,18.81,4.7025,5.09,1
32.5,74.375,2025-02-06,2,8.02,4.01,6.41,1
32.5,74.375,2025-02-07,1,2.47,2.47,2.47,1
32.5,74.375,2025-02-11,1,0.82,0.82,0.82,1
32.5,74.375,2025-02-12,3,8.53,2.8433333333333333,2.94,1
32.5,74.375,2025-02-13,2,10.25,5.125,6.98,1
32.5,74.375,2025-02-15,1,2.7,2.7,2.7,1
32.5,74.375,2025-02-16,1,2.65,2.65,2.65,1
32.5,74.375,2025-02-17,2,8.5,4.25,5.27,1
32.5,74.375,2025-03-07,2,8.95,4.475,4.83,1
32.5,74.375,2025-03-15,1,3.23,3.23,3.23,1
32.5,74.375,2025-03-18,1,3.65,3.65,3.65,1
32.5,74.375,2025-03-20,1,5.71,5.71,5.71,1
32.5,74.375,2025-03-21,1,0.8,0.8,0.8,1
32.5,74.375,2025-03-26,1,1.89,1.89,1.89,1
32.5,74.375,2025-04-05,1,3.83,3.83,3.83,1
32.5,74.375,2025-04-14,1,0.92,0.92,0.92,1
32.5,74.375,2025-04-15,3,10.19,3.3966666666666665,4.51,1
32.5,74.375,2025-04-22,2,1.1800000000000002,0.5900000000000001,0.66,1
32.5,74.375,2025-04-25,2,4.51,2.255,2.31,1
32.5,74.375,2025-04-26,3,6.449999999999999,2.15,2.51,1
32.5,74.375,2025-04-28,1,4.41,4.41,4.41,1
32.5,74.375,2025-04-29,1,5.19,5.19,5.19,1
32.5,74.375,2025-04-30,1,4.18,4.18,4.18,1
32.5,74.375,2025-05-01,2,8.32,4.16,6.0,1
32.5,74.375,2025-05-06,15,97.42,6.494666666666666,12.4,1
32.5,74.375,2025-05-07,36,130.52,3.6255555555555556,10.16,1
32.5,74.375,2025-05-09,7,19.51,2.7871428571428574,3.92,1
32.5,74.375,2025-05-10,69,442.04,6.406376811594203,32.56,1
32.5,74.375,2025-05-11,106,460.87,4.347830188679246,15.02,1
32.5,74.375,2025-05-12,59,289.40999999999997,4.905254237288135,14.62,1
32.5,74.375,2025-05-13,76,564.86,7.432368421052632,49.67,1
32.5,74.375,2025-05-14,72,590.58,8.2025,28.63,1
32.5,74.375,2025-05-15,78,284.87,3.6521794871794873,9.05,1
32.5,74.375,2025-05-16,85,334.0,3.929411764705882,12.87,1
32.5,74.375,2025-05-17,58,372.4,6.4206896551724135,13.12,1
32.5,74.375,2025-05-18,61,334.06,5.476393442622951,14.65,1
32.5,74.375,2025-05-19,28,181.15,6.4696428571428575,22.24,1
32.5,74.375,2025-05-20,44,350.36,7.962727272727273,38.57,1
32.5,74.375,2025-05-21,21,88.05,4.192857142857143,20.24,1
32.5,74.375,2025-05-22,20,144.83,7.2415,21.87,1
32.5,74.375,2025-05-23,16,106.88,6.68,9.7,1
32.5,74.375,2025-05-24,14,104.86,7.49,22.52,1
32.5,74.375,2025-05-25,1,4.72,4.72,4.72,1
32.5,74.375,2025-05-26,15,83.22,5.548,13.12,1
32.5,74.375,2025-05-27,19,67.21,3.5373684210526313,6.77,1
32.5,74.375,2025-05-28,14,136.66,9.76142857142857,18.98,1
32.5,74.375,2025-05-29,12,101.61,8.4675,11.45,1
32.5,74.375,2025-05-30,2,20.689999999999998,10.344999999999999,13.76,1
32.5,74.375,2025-06-01,4,17.080000000000002,4.2700000000000005,8.71,1
32.5,74.375,2025-06-02,5,42.63,8.526,14.56,1
32.5,74.375,2025-06-05,5,19.65,3.9299999999999997,5.19,1
32.5,74.375,2025-06-06,1,7.12,7.12,7.12,1
32.5,74.375,2025-06-08,1,6.24,6.24,6.24,1
32.5,74.375,2025-06-11,3,27.740000000000002,9.246666666666668,11.01,1
32.5,74.375,2025-06-12,3,13.48,4.493333333333333,4.52,1
32.5,74.375,2025-06-17,3,40.84,13.613333333333335,20.16,1
32.5,74.375,2025-06-18,2,13.09,6.545,7.07,1
32.5,74.375,2025-06-24,6,35.85,5.9750000000000005,11.58,1
32.5,74.375,2025-06-29,1,1.92,1.92,1.92,1
32.5,74.375,2025-07-10,1,1.56,1.56,1.56,1
32.5,74.375,2025-07-20,1,3.12,3.12,3.12,1
32.5,74.375,2025-07-31,1,1.92,1.92,1.92,1
32.5,74.375,2025-08-21,1,2.19,2.19,2.19,1
32.5,74.375,2025-09-04,1,0.74,0.74,0.74,1
32.5,74.375,2025-10-04,1,2.65,2.65,2.65,1
32.5,74.375,2025-10-09,2,6.14,3.07,3.82,1
32.5,74.375,2025-10-10,1,2.11,2.11,2.11,1
32.5,74.375,2025-10-14,2,9.73,4.865,7.86,1
32.5,74.375,2025-10-15,3,11.870000000000001,3.956666666666667,4.11,1
32.5,74.375,2025-10-16,5,16.53,3.306,5.27,1
32.5,74.375,2025-10-18,2,5.62,2.81,3.35,1
32.5,74.375,2025-10-19,4,11.05,2.7625,4.23,1
32.5,74.375,2025-10-20,4,10.899999999999999,2.7249999999999996,3.61,1
32.5,74.375,2025-10-21,2,6.67,3.335,4.7,1
32.5,74.375,2025-10-22,3,12.39,4.13,4.77,1
32.5,74.375,2025-10-23,2,6.02,3.01,3.78,1
32.5,74.375,2025-10-25,3,11.67,3.89,4.96,1
32.5,74.375,2025-10-26,7,20.0,2.857142857142857,3.66,1
32.5,74.375,2025-10-27,1,2.48,2.48,2.48,1
32.5,74.375,2025-10-28,2,3.41,1.705,1.87,1
32.5,74.375,2025-10-30,2,6.5,3.25,3.79,1
32.5,74.375,2025-10-31,4,14.28,3.57,5.5,1
32.5,74.375,2025-11-01,1,8.15,8.15,8.15,1
32.5,74.375,2025-11-02,2,3.65,1.825,1.9,1
32.5,74.375,2025-11-05,4,8.01,2.0025,2.83,1
32.5,74.375,2025-11-06,3,7.710000000000001,2.5700000000000003,4.28,1
32.5,74.375,2025-11-07,3,11.19,3.73,6.84,1
32.5,74.375,2025-11-08,3,3.27,1.09,1.95,1
32.5,74.375,2025-11-09,4,15.98,3.995,10.41,1
32.5,74.375,2025-11-10,7,19.96,2.8514285714285714,3.68,1
32.5,74.375,2025-11-11,10,38.46,3.846,7.62,1
32.5,74.375,2025-11-14,1,3.16,3.16,3.16,1
32.5,74.375,2025-11-15,5,16.23,3.246,6.01,1
32.5,74.375,2025-11-16,1,1.58,1.58,1.58,1
32.5,74.375,2025-11-17,2,5.4,2.7,3.56,1
32.5,74.375,2025-11-18,4,15.83,3.9575,5.91,1
32.5,74.375,2025-11-20,3,5.19,1.7300000000000002,2.47,1
32.5,74.375,2025-11-21,5,12.649999999999999,2.53,3.9,1
32.5,74.375,2025-11-23,1,3.14,3.14,3.14,1
32.5,74.375,2025-11-24,1,0.55,0.55,0.55,1
32.5,74.375,2025-11-28,1,1.28,1.28,1.28,1
32.5,74.375,2025-11-29,3,13.34,4.446666666666666,5.16,1
32.5,74.375,2025-11-30,1,0.7,0.7,0.7,1
32.5,74.375,2025-12-01,1,0.67,0.67,0.67,1
32.5,74.375,2025-12-07,1,2.1,2.1,2.1,1
32.5,74.375,2025-12-08,2,5.5600000000000005,2.7800000000000002,3.99,1
32.5,74.375,2025-12-16,1,4.0,4.0,4.0,1
32.5,74.375,2025-12-23,4,5.1,1.275,1.81,1
32.5,75.0,2023-01-27,1,1.51,1.51,1.51,1
32.5,75.0,2023-02-10,1,7.47,7.47,7.47,1
32.5,75.0,2023-02-11,2,7.14,3.57,3.78,1
32.5,75.0,2023-02-14,1,7.65,7.65,7.65,1
32.5,75.0,2023-02-15,5,61.89,12.378,16.5,1
32.5,75.0,2023-02-21,1,3.28,3.28,3.28,1
32.5,75.0,2023-02-24,2,7.32,3.66,3.66,1
32.5,75.0,2023-03-04,1,4.67,4.67,4.67,1
32.5,75.0,2023-03-06,2,6.09,3.045,3.3,1
32.5,75.0,2023-03-07,2,6.07,3.035,3.25,1
32.5,75.0,2023-03-11,3,7.1,2.3666666666666667,2.63,1
32.5,75.0,2023-04-26,3,17.36,5.786666666666666,14.76,1
32.5,75.0,2023-04-29,4,21.91,5.4775,7.93,1
32.5,75.0,2023-04-30,2,5.85,2.925,3.17,1
32.5,75.0,2023-05-05,8,44.21,5.52625,7.5,1
32.5,75.0,2023-05-06,21,97.56,4.645714285714286,11.04,1
32.5,75.0,2023-05-07,7,32.5,4.642857142857143,8.17,1
32.5,75.0,2023-05-08,12,86.42999999999999,7.2025,17.24,1
32.5,75.0,2023-05-09,34,250.7,7.373529411764705,15.14,1
32.5,75.0,2023-05-10,51,420.0,8.235294117647058,18.63,1
32.5,75.0,2023-05-11,24,92.18,3.8408333333333338,7.37,1
32.5,75.0,2023-05-12,25,164.5,6.58,15.8,1
32.5,75.0,2023-05-13,39,276.23,7.082820512820513,16.33,1
32.5,75.0,2023-05-14,14,87.82,6.272857142857142,14.42,1
32.5,75.0,2023-05-15,33,169.66,5.141212121212121,9.83,1
32.5,75.0,2023-05-16,7,23.7,3.3857142857142857,5.83,1
32.5,75.0,2023-05-17,41,227.36,5.545365853658537,16.48,1
32.5,75.0,2023-05-18,38,139.82,3.6794736842105262,7.55,1
32.5,75.0,2023-05-19,23,143.34,6.232173913043479,19.69,1
32.5,75.0,2023-05-20,9,106.92,11.88,18.38,1
32.5,75.0,2023-05-21,17,174.34,10.25529411764706,23.33,1
32.5,75.0,2023-05-22,15,69.32,4.621333333333333,8.03,1
32.5,75.0,2023-05-24,1,1.06,1.06,1.06,1
32.5,75.0,2023-05-26,1,1.91,1.91,1.91,1
32.5,75.0,2023-06-09,1,4.92,4.92,4.92,1
32.5,75.0,2023-06-13,6,7.61,1.2683333333333333,2.25,1
32.5,75.0,2023-06-14,5,26.72,5.343999999999999,6.01,1
32.5,75.0,2023-06-17,11,295.47,26.860909090909093,57.28,1
32.5,75.0,2023-09-29,1,2.75,2.75,2.75,1
32.5,75.0,2023-10-05,3,16.11,5.37,6.22,1
32.5,75.0,2023-10-08,1,9.66,9.66,9.66,1
32.5,75.0,2023-10-20,1,3.07,3.07,3.07,1
32.5,75.0,2023-10-21,1,11.59,11.59,11.59,1
32.5,75.0,2023-10-26,2,11.42,5.71,8.68,1
32.5,75.0,2023-10-29,1,2.03,2.03,2.03,1
32.5,75.0,2023-10-30,1,1.99,1.99,1.99,1
32.5,75.0,2023-10-31,3,11.36,3.7866666666666666,4.02,1
32.5,75.0,2023-11-01,3,7.58,2.526666666666667,3.35,1
32.5,75.0,2023-11-05,1,3.14,3.14,3.14,1
32.5,75.0,2023-11-06,1,2.26,2.26,2.26,1
32.5,75.0,2023-11-14,2,9.16,4.58,5.3,1
32.5,75.0,2023-11-15,3,7.45,2.4833333333333334,3.5,1
32.5,75.0,2023-11-16,7,19.83,2.8328571428571427,3.48,1
32.5,75.0,2023-11-17,14,51.64,3.6885714285714286,8.47,1
32.5,75.0,2023-11-18,2,5.6,2.8,3.31,1
32.5,75.0,2023-11-19,5,14.49,2.898,4.49,1
32.5,75.0,2023-11-20,8,26.21,3.27625,4.31,1
32.5,75.0,2023-11-21,26,91.0,3.5,8.07,1
32.5,75.0,2023-11-22,21,58.15,2.769047619047619,6.84,1
32.5,75.0,2023-11-23,15,40.38,2.692,5.22,1
32.5,75.0,2023-11-24,16,47.19,2.949375,6.16,1
32.5,75.0,2023-11-28,9,21.04,2.3377777777777777,4.15,1
32.5,75.0,2023-12-03,1,2.37,2.37,2.37,1
32.5,75.0,2023-12-07,4,19.099999999999998,4.7749999999999995,8.33,1
32.5,75.0,2023-12-08,3,7.28,2.4266666666666667,2.77,1
32.5,75.0,2023-12-09,2,6.2,3.1,4.4,1
32.5,75.0,2023-12-13,2,5.04,2.52,2.88,1
32.5,75.0,2023-12-17,1,2.37,2.37,2.37,1
32.5,75.0,2024-01-26,2,6.07,3.035,3.85,1
32.5,75.0,2024-02-09,3,20.64,6.88,11.45,1
32.5,75.0,2024-02-13,2,3.17,1.585,1.74,1
32.5,75.0,2024-02-14,1,7.3,7.3,7.3,1
32.5,75.0,2024-02-17,1,12.96,12.96,12.96,1
32.5,75.0,2024-02-23,3,18.32,6.1066666666666665,9.77,1
32.5,75.0,2024-02-24,3,10.48,3.4933333333333336,5.93,1
32.5,75.0,2024-02-25,1,6.35,6.35,6.35,1
32.5,75.0,2024-02-27,1,4.19,4.19,4.19,1
32.5,75.0,2024-03-05,2,8.72,4.36,4.82,1
32.5,75.0,2024-03-07,1,3.05,3.05,3.05,1
32.5,75.0,2024-03-12,1,4.8,4.8,4.8,1
32.5,75.0,2024-03-16,1,3.1,3.1,3.1,1
32.5,75.0,2024-03-22,1,2.39,2.39,2.39,1
32.5,75.0,2024-03-31,4,111.47,27.8675,34.73,1
32.5,75.0,2024-04-04,4,22.94,5.735,7.53,1
32.5,75.0,2024-04-06,1,1.58,1.58,1.58,1
32.5,75.0,2024-04-09,1,5.6,5.6,5.6,1
32.5,75.0,2024-05-01,1,1.77,1.77,1.77,1
32.5,75.0,2024-05-02,7,41.46,5.922857142857143,11.27,1
32.5,75.0,2024-05-04,16,79.44,4.965,11.29,1
32.5,75.0,2024-05-05,24,135.46,5.644166666666667,12.96,1
32.5,75.0,2024-05-06,41,453.12,11.051707317073172,27.96,1
32.5,75.0,2024-05-07,61,526.67,8.633934426229507,30.03,1
32.5,75.0,2024-05-08,76,372.07,4.895657894736842,21.47,1
32.5,75.0,2024-05-09,63,234.28,3.7187301587301587,12.15,1
32.5,75.0,2024-05-10,9,49.05,5.449999999999999,18.5,1
32.5,75.0,2024-05-11,44,207.28,4.710909090909091,17.36,1
32.5,75.0,2024-05-13,179,1302.84,7.278435754189943,31.15,1
32.5,75.0,2024-05-14,63,569.66,9.042222222222222,40.03,1
32.5,75.0,2024-05-15,45,411.08,9.135111111111112,25.89,1
32.5,75.0,2024-05-16,52,429.68,8.263076923076923,27.59,1
32.5,75.0,2024-05-17,77,490.05,6.364285714285715,23.05,1
32.5,75.0,2024-05-18,62,305.56,4.928387096774194,13.69,1
32.5,75.0,2024-05-19,47,266.6,5.672340425531916,12.24,1
32.5,75.0,2024-05-20,25,285.45,11.418,110.59,1
32.5,75.0,2024-05-21,24,175.41,7.30875,23.18,1
32.5,75.0,2024-05-22,25,159.83,6.3932,22.45,1
32.5,75.0,2024-05-23,15,52.06,3.470666666666667,6.65,1
32.5,75.0,2024-05-24,5,15.329999999999998,3.066,4.85,1
32.5,75.0,2024-05-25,6,42.98,7.163333333333333,14.39,1
32.5,75.0,2024-05-26,17,103.05,6.061764705882353,16.19,1
32.5,75.0,2024-05-27,4,43.07,10.7675,13.97,1
32.5,75.0,2024-05-28,39,240.25,6.160256410256411,28.48,1
32.5,75.0,2024-05-29,43,301.95,7.022093023255814,23.83,1
32.5,75.0,2024-06-04,8,37.66,4.7075,6.22,1
32.5,75.0,2024-06-06,1,4.17,4.17,4.17,1
32.5,75.0,2024-06-07,3,13.379999999999999,4.46,8.52,1
32.5,75.0,2024-06-08,1,2.32,2.32,2.32,1
32.5,75.0,2024-06-09,7,31.87,4.552857142857143,9.5,1
32.5,75.0,2024-06-10,7,55.64,7.948571428571428,17.14,1
32.5,75.0,2024-06-11,10,30.6,3.06,7.83,1
32.5,75.0,2024-06-12,5,28.52,5.704,6.45,1
32.5,75.0,2024-06-13,12,125.47,10.455833333333333,19.86,1
32.5,75.0,2024-06-14,3,9.629999999999999,3.2099999999999995,3.21,1
32.5,75.0,2024-06-15,5,28.64,5.728,10.58,1
32.5,75.0,2024-06-16,5,50.57,10.114,16.55,1
32.5,75.0,2024-06-17,1,9.65,9.65,9.65,1
32.5,75.0,2024-06-18,4,28.279999999999998,7.069999999999999,9.62,1
32.5,75.0,2024-06-19,5,37.33,7.465999999999999,23.62,1
32.5,75.0,2024-06-21,1,1.59,1.59,1.59,1
32.5,75.0,2024-06-23,2,4.3,2.15,2.51,1
32.5,75.0,2024-06-24,2,5.869999999999999,2.9349999999999996,3.82,1
32.5,75.0,2024-06-25,3,18.47,6.156666666666666,7.07,1
32.5,75.0,2024-07-08,1,5.38,5.38,5.38,1
32.5,75.0,2024-08-05,1,3.7,3.7,3.7,1
32.5,75.0,2024-08-25,1,1.79,1.79,1.79,1
32.5,75.0,2024-10-01,1,1.08,1.08,1.08,1
32.5,75.0,2024-10-11,2,4.87,2.435,3.43,1
32.5,75.0,2024-10-12,1,5.87,5.87,5.87,1
32.5,75.0,2024-10-13,2,6.35,3.175,3.43,1
32.5,75.0,2024-10-15,5,10.559999999999999,2.1119999999999997,2.94,1
32.5,75.0,2024-10-16,6,27.36,4.56,7.23,1
32.5,75.0,2024-10-17,8,22.23,2.77875,3.4,1
32.5,75.0,2024-10-18,6,17.26,2.876666666666667,4.58,1
32.5,75.0,2024-10-19,1,2.49,2.49,2.49,1
32.5,75.0,2024-10-21,1,2.53,2.53,2.53,1
32.5,75.0,2024-10-23,3,7.21,2.4033333333333333,3.29,1
32.5,75.0,2024-10-24,3,14.76,4.92,7.27,1
32.5,75.0,2024-10-25,2,2.3,1.15,1.53,1
32.5,75.0,2024-10-27,8,171.53,21.44125,47.43,1
32.5,75.0,2024-10-28,2,5.42,2.71,3.08,1
32.5,75.0,2024-10-31,4,13.600000000000001,3.4000000000000004,3.97,1
32.5,75.0,2024-11-01,12,37.26,3.105,4.68,1
32.5,75.0,2024-11-02,8,20.38,2.5475,6.46,1
32.5,75.0,2024-11-06,1,0.48,0.48,0.48,1
32.5,75.0,2024-11-07,1,4.07,4.07,4.07,1
32.5,75.0,2024-11-08,4,11.91,2.9775,4.47,1
32.5,75.0,2024-11-09,4,13.39,3.3475,3.64,1
32.5,75.0,2024-11-10,1,3.45,3.45,3.45,1
32.5,75.0,2024-11-11,1,5.96,5.96,5.96,1
32.5,75.0,2024-11-12,2,7.73,3.865,5.32,1
32.5,75.0,2024-11-13,4,8.36,2.09,2.93,1
32.5,75.0,2024-11-17,4,10.01,2.5025,3.31,1
32.5,75.0,2024-11-18,7,16.26,2.322857142857143,3.05,1
32.5,75.0,2024-11-19,12,35.28,2.94,5.84,1
32.5,75.0,2024-11-20,4,15.1,3.775,5.34,1
32.5,75.0,2024-11-21,2,7.140000000000001,3.5700000000000003,4.65,1
32.5,75.0,2024-11-22,2,8.36,4.18,6.4,1
32.5,75.0,2024-11-24,14,34.51,2.465,4.5,1
32.5,75.0,2024-11-25,7,19.32,2.7600000000000002,4.38,1
32.5,75.0,2024-11-26,3,13.46,4.486666666666667,7.08,1
32.5,75.0,2024-11-28,6,12.96,2.16,2.87,1
32.5,75.0,2024-11-29,9,22.02,2.4466666666666668,4.54,1
32.5,75.0,2024-12-02,2,3.01,1.505,1.84,1
32.5,75.0,2024-12-03,1,3.55,3.55,3.55,1
32.5,75.0,2024-12-04,1,3.77,3.77,3.77,1
32.5,75.0,2024-12-05,1,1.43,1.43,1.43,1
32.5,75.0,2024-12-08,1,5.14,5.14,5.14,1
32.5,75.0,2024-12-09,1,4.2,4.2,4.2,1
32.5,75.0,2024-12-13,1,1.64,1.64,1.64,1
32.5,75.0,2024-12-17,1,2.22,2.22,2.22,1
32.5,75.0,2024-12-20,3,12.57,4.19,5.61,1
32.5,75.0,2024-12-21,2,8.86,4.43,4.43,1
32.5,75.0,2024-12-26,1,2.24,2.24,2.24,1
32.5,75.0,2025-01-16,2,14.219999999999999,7.109999999999999,11.53,1
32.5,75.0,2025-01-25,1,1.95,1.95,1.95,1
32.5,75.0,2025-01-28,1,9.22,9.22,9.22,1
32.5,75.0,2025-01-29,1,3.46,3.46,3.46,1
32.5,75.0,2025-01-30,2,14.12,7.06,11.04,1
32.5,75.0,2025-02-02,2,5.720000000000001,2.8600000000000003,2.87,1
32.5,75.0,2025-02-04,2,7.42,3.71,4.31,1
32.5,75.0,2025-02-09,1,4.67,4.67,4.67,1
32.5,75.0,2025-03-07,2,15.81,7.905,11.63,1
32.5,75.0,2025-03-08,2,5.03,2.515,2.64,1
32.5,75.0,2025-03-10,1,2.92,2.92,2.92,1
32.5,75.0,2025-03-20,1,8.8,8.8,8.8,1
32.5,75.0,2025-03-26,2,8.16,4.08,5.36,1
32.5,75.0,2025-03-28,3,21.78,7.260000000000001,9.12,1
32.5,75.0,2025-04-02,1,10.28,10.28,10.28,1
32.5,75.0,2025-04-24,4,24.330000000000002,6.0825000000000005,11.33,1
32.5,75.0,2025-04-25,4,17.5,4.375,10.67,1
32.5,75.0,2025-04-26,35,473.7,13.534285714285714,111.06,1
32.5,75.0,2025-04-27,29,200.57,6.916206896551724,26.59,1
32.5,75.0,2025-04-28,40,246.78,6.1695,35.04,1
32.5,75.0,2025-04-29,86,440.88,5.126511627906977,22.82,1
32.5,75.0,2025-04-30,105,515.75,4.911904761904762,30.36,1
32.5,75.0,2025-05-01,55,343.23,6.240545454545455,19.93,1
32.5,75.0,2025-05-03,1,7.49,7.49,7.49,1
32.5,75.0,2025-05-04,5,28.36,5.672,6.39,1
32.5,75.0,2025-05-06,17,63.150000000000006,3.7147058823529413,7.73,1
32.5,75.0,2025-05-07,20,97.3,4.865,10.36,1
32.5,75.0,2025-05-09,2,8.99,4.495,6.21,1
32.5,75.0,2025-05-10,11,77.61,7.055454545454546,15.18,1
32.5,75.0,2025-05-11,60,299.67,4.9945,16.88,1
32.5,75.0,2025-05-12,16,73.16,4.5725,10.67,1
32.5,75.0,2025-05-13,39,211.67,5.427435897435897,10.68,1
32.5,75.0,2025-05-14,13,115.78999999999999,8.906923076923077,25.48,1
32.5,75.0,2025-05-15,21,153.51,7.31,23.58,1
32.5,75.0,2025-05-16,25,84.88,3.3952,10.39,1
32.5,75.0,2025-05-17,9,52.95,5.883333333333334,10.6,1
32.5,75.0,2025-05-18,36,130.6,3.6277777777777778,13.4,1
32.5,75.0,2025-05-19,12,76.74,6.395,10.18,1
32.5,75.0,2025-05-20,24,133.8,5.575,11.69,1
32.5,75.0,2025-05-21,14,34.24,2.4457142857142857,4.99,1
32.5,75.0,2025-05-22,3,7.64,2.5466666666666664,3.92,1
32.5,75.0,2025-05-23,14,87.53,6.252142857142857,9.81,1
32.5,75.0,2025-05-24,5,24.900000000000002,4.98,7.23,1
32.5,75.0,2025-05-26,4,17.03,4.2575,5.82,1
32.5,75.0,2025-05-27,8,23.17,2.89625,5.63,1
32.5,75.0,2025-05-28,5,64.21000000000001,12.842000000000002,21.19,1
32.5,75.0,2025-05-29,6,32.35,5.391666666666667,7.94,1
32.5,75.0,2025-06-01,4,17.9,4.475,6.21,1
32.5,75.0,2025-06-02,1,5.28,5.28,5.28,1
32.5,75.0,2025-06-03,1,3.7,3.7,3.7,1
32.5,75.0,2025-06-04,1,1.74,1.74,1.74,1
32.5,75.0,2025-06-05,2,4.13,2.065,2.52,1
32.5,75.0,2025-06-06,1,1.41,1.41,1.41,1
32.5,75.0,2025-06-07,3,15.3,5.1000000000000005,7.17,1
32.5,75.0,2025-06-08,1,2.49,2.49,2.49,1
32.5,75.0,2025-06-09,8,74.77,9.34625,24.21,1
32.5,75.0,2025-06-10,1,4.57,4.57,4.57,1
32.5,75.0,2025-06-11,1,11.82,11.82,11.82,1
32.5,75.0,2025-06-12,3,26.95,8.983333333333333,11.5,1
32.5,75.0,2025-06-13,8,54.06,6.7575,9.49,1
32.5,75.0,2025-06-14,7,29.54,4.22,5.95,1
32.5,75.0,2025-09-23,1,2.88,2.88,2.88,1
32.5,75.0,2025-09-24,1,2.61,2.61,2.61,1
32.5,75.0,2025-09-29,1,2.91,2.91,2.91,1
32.5,75.0,2025-09-30,1,13.84,13.84,13.84,1
32.5,75.0,2025-10-15,5,16.38,3.276,4.0,1
32.5,75.0,2025-10-16,1,4.08,4.08,4.08,1
32.5,75.0,2025-10-19,1,2.94,2.94,2.94,1
32.5,75.0,2025-10-20,5,12.899999999999999,2.5799999999999996,3.56,1
32.5,75.0,2025-10-21,4,17.81,4.4525,6.76,1
32.5,75.0,2025-10-23,2,7.02,3.51,3.7,1
32.5,75.0,2025-10-25,3,7.199999999999999,2.4,3.05,1
32.5,75.0,2025-10-26,2,10.89,5.445,6.41,1
32.5,75.0,2025-10-27,1,2.96,2.96,2.96,1
32.5,75.0,2025-10-28,3,10.39,3.4633333333333334,5.32,1
32.5,75.0,2025-10-30,4,14.079999999999998,3.5199999999999996,5.85,1
32.5,75.0,2025-10-31,4,11.64,2.91,5.45,1
32.5,75.0,2025-11-01,2,8.0,4.0,4.03,1
32.5,75.0,2025-11-04,3,8.89,2.9633333333333334,3.02,1
32.5,75.0,2025-11-07,2,4.78,2.39,2.98,1
32.5,75.0,2025-11-08,1,3.5,3.5,3.5,1
32.5,75.0,2025-11-09,6,22.08,3.6799999999999997,5.7,1
32.5,75.0,2025-11-10,6,19.47,3.2449999999999997,6.79,1
32.5,75.0,2025-11-11,18,60.83,3.3794444444444443,6.61,1
32.5,75.0,2025-11-13,4,10.120000000000001,2.5300000000000002,3.19,1
32.5,75.0,2025-11-14,3,11.49,3.83,5.47,1
32.5,75.0,2025-11-15,11,35.9,3.2636363636363637,6.75,1
32.5,75.0,2025-11-16,18,51.81,2.8783333333333334,8.44,1
32.5,75.0,2025-11-17,8,19.82,2.4775,3.87,1
32.5,75.0,2025-11-18,3,1.33,0.44333333333333336,0.52,1
32.5,75.0,2025-11-19,2,4.859999999999999,2.4299999999999997,2.61,1
32.5,75.0,2025-11-20,11,30.330000000000002,2.7572727272727273,5.91,1
32.5,75.0,2025-11-21,12,37.09,3.0908333333333338,5.55,1
32.5,75.0,2025-11-22,8,17.83,2.22875,3.72,1
32.5,75.0,2025-11-23,2,5.33,2.665,3.36,1
32.5,75.0,2025-11-24,1,4.04,4.04,4.04,1
32.5,75.0,2025-11-26,3,9.23,3.0766666666666667,3.52,1
32.5,75.0,2025-11-27,3,5.16,1.72,2.07,1
32.5,75.0,2025-12-01,1,1.59,1.59,1.59,1
32.5,75.0,2025-12-02,1,1.03,1.03,1.03,1
32.5,75.0,2025-12-11,2,20.36,10.18,12.57,1
32.5,75.625,2023-01-05,2,3.16,1.58,1.58,1
32.5,75.625,2023-02-27,1,9.64,9.64,9.64,1
32.5,75.625,2023-03-05,1,1.43,1.43,1.43,1
32.5,75.625,2023-03-11,1,1.84,1.84,1.84,1
32.5,75.625,2023-04-29,1,3.31,3.31,3.31,1
32.5,75.625,2023-05-04,1,1.27,1.27,1.27,1
32.5,75.625,2023-05-05,1,4.89,4.89,4.89,1
32.5,75.625,2023-05-06,32,193.04,6.0325,12.94,1
32.5,75.625,2023-05-07,3,14.120000000000001,4.706666666666667,4.74,1
32.5,75.625,2023-05-08,13,58.97,4.536153846153846,15.58,1
32.5,75.625,2023-05-09,2,8.350000000000001,4.175000000000001,5.98,1
32.5,75.625,2023-05-10,8,98.65,12.33125,29.21,1
32.5,75.625,2023-05-11,17,75.04,4.4141176470588235,10.28,1
32.5,75.625,2023-05-12,14,96.69,6.906428571428571,13.32,1
32.5,75.625,2023-05-13,23,174.58,7.590434782608696,15.53,1
32.5,75.625,2023-05-14,12,99.79,8.315833333333334,23.69,1
32.5,75.625,2023-05-15,19,121.67,6.403684210526316,14.8,1
32.5,75.625,2023-05-16,9,48.37,5.374444444444444,15.94,1
32.5,75.625,2023-05-17,9,22.630000000000003,2.514444444444445,3.62,1
32.5,75.625,2023-05-18,3,9.7,3.233333333333333,4.88,1
32.5,75.625,2023-05-19,11,65.24,5.930909090909091,10.83,1
32.5,75.625,2023-05-20,6,36.11,6.0183333333333335,16.97,1
32.5,75.625,2023-05-21,20,166.86,8.343,36.1,1
32.5,75.625,2023-05-24,1,3.86,3.86,3.86,1
32.5,75.625,2023-05-29,1,2.19,2.19,2.19,1
32.5,75.625,2023-11-04,1,1.66,1.66,1.66,1
32.5,75.625,2023-11-05,3,10.629999999999999,3.543333333333333,4.72,1
32.5,75.625,2023-11-07,2,3.95,1.975,2.39,1
32.5,75.625,2023-11-16,2,5.93,2.965,4.34,1
32.5,75.625,2023-11-17,5,11.25,2.25,2.44,1
32.5,75.625,2023-11-19,1,2.37,2.37,2.37,1
32.5,75.625,2023-11-21,2,7.78,3.89,5.45,1
32.5,75.625,2023-12-29,1,1.93,1.93,1.93,1
32.5,75.625,2024-01-08,1,0.51,0.51,0.51,1
32.5,75.625,2024-03-15,2,13.61,6.805,8.41,1
32.5,75.625,2024-03-16,1,1.89,1.89,1.89,1
32.5,75.625,2024-03-20,1,5.1,5.1,5.1,1
32.5,75.625,2024-04-07,1,2.23,2.23,2.23,1
32.5,75.625,2024-04-20,2,11.64,5.82,6.3,1
32.5,75.625,2024-05-01,1,2.08,2.08,2.08,1
32.5,75.625,2024-05-02,3,11.96,3.986666666666667,6.56,1
32.5,75.625,2024-05-04,5,45.07,9.014,17.23,1
32.5,75.625,2024-05-05,13,113.98,8.767692307692307,43.21,1
32.5,75.625,2024-05-06,6,28.55,4.758333333333334,5.59,1
32.5,75.625,2024-05-07,26,172.96,6.6523076923076925,18.04,1
32.5,75.625,2024-05-08,45,331.37,7.363777777777778,30.99,1
32.5,75.625,2024-05-09,27,167.87,6.217407407407408,48.24,1
32.5,75.625,2024-05-10,11,51.919999999999995,4.72,12.28,1
32.5,75.625,2024-05-11,10,50.23,5.023,13.38,1
32.5,75.625,2024-05-12,1,3.88,3.88,3.88,1
32.5,75.625,2024-05-13,52,344.4,6.623076923076923,25.45,1
32.5,75.625,2024-05-14,41,385.38,9.39951219512195,25.7,1
32.5,75.625,2024-05-15,29,335.5,11.568965517241379,25.07,1
32.5,75.625,2024-05-16,28,258.15,9.219642857142857,29.95,1
32.5,75.625,2024-05-17,19,131.91,6.942631578947368,27.85,1
32.5,75.625,2024-05-18,22,110.14999999999999,5.006818181818182,10.28,1
32.5,75.625,2024-05-19,34,177.04,5.207058823529412,12.17,1
32.5,75.625,2024-05-20,12,170.64,14.219999999999999,40.73,1
32.5,75.625,2024-05-21,10,47.24,4.724,9.98,1
32.5,75.625,2024-05-22,14,102.42,7.315714285714286,17.5,1
32.5,75.625,2024-05-23,11,51.84,4.712727272727273,8.89,1
32.5,75.625,2024-05-24,4,17.31,4.3275,5.7,1
32.5,75.625,2024-05-25,2,3.95,1.975,2.17,1
32.5,75.625,2024-05-26,10,61.660000000000004,6.166,14.3,1
32.5,75.625,2024-05-27,8,60.79,7.59875,14.18,1
32.5,75.625,2024-05-28,15,49.05,3.27,5.08,1
32.5,75.625,2024-05-29,44,679.27,15.437954545454545,65.87,1
32.5,75.625,2024-06-04,33,158.31,4.797272727272727,13.34,1
32.5,75.625,2024-06-05,3,30.35,10.116666666666667,11.07,1
32.5,75.625,2024-06-06,2,1.96,0.98,1.15,1
32.5,75.625,2024-06-07,2,3.7800000000000002,1.8900000000000001,2.89,1
32.5,75.625,2024-06-08,11,15.47,1.4063636363636365,2.81,1
32.5,75.625,2024-06-09,41,148.21,3.614878048780488,9.91,1
32.5,75.625,2024-06-10,57,309.8,5.435087719298246,40.87,1
32.5,75.625,2024-06-11,38,171.16,4.50421052631579,23.22,1
32.5,75.625,2024-06-12,54,250.22,4.633703703703704,19.99,1
32.5,75.625,2024-06-13,38,151.35,3.982894736842105,14.76,1
32.5,75.625,2024-06-14,23,89.03999999999999,3.8713043478260865,18.33,1
32.5,75.625,2024-06-15,48,224.6,4.679166666666666,15.58,1
32.5,75.625,2024-06-16,61,346.25,5.676229508196721,37.24,1
32.5,75.625,2024-06-17,28,180.04,6.43,28.56,1
32.5,75.625,2024-06-18,8,17.78,2.2225,2.87,1
32.5,75.625,2024-06-19,7,113.23,16.175714285714285,37.27,1
32.5,75.625,2024-06-20,2,11.86,5.93,5.93,1
32.5,75.625,2024-06-21,5,4.81,0.962,1.89,1
32.5,75.625,2024-06-23,5,16.87,3.374,6.66,1
32.5,75.625,2024-06-24,1,1.29,1.29,1.29,1
32.5,75.625,2024-06-25,3,13.49,4.496666666666667,7.5,1
32.5,75.625,2024-09-21,1,4.21,4.21,4.21,1
32.5,75.625,2024-10-08,1,3.71,3.71,3.71,1
32.5,75.625,2024-10-28,1,1.11,1.11,1.11,1
32.5,75.625,2024-11-07,11,66.1,6.009090909090909,13.26,1
32.5,75.625,2024-11-08,2,4.300000000000001,2.1500000000000004,2.2,1
32.5,75.625,2024-11-09,2,5.640000000000001,2.8200000000000003,2.96,1
32.5,75.625,2024-11-11,1,1.61,1.61,1.61,1
32.5,75.625,2024-11-12,1,3.65,3.65,3.65,1
32.5,75.625,2024-11-19,2,11.46,5.73,8.48,1
32.5,75.625,2024-12-25,2,6.5,3.25,4.1,1
32.5,75.625,2025-01-26,1,0.64,0.64,0.64,1
32.5,75.625,2025-01-27,2,4.05,2.025,2.26,1
32.5,75.625,2025-02-02,1,3.26,3.26,3.26,1
32.5,75.625,2025-02-15,1,1.7,1.7,1.7,1
32.5,75.625,2025-03-06,1,4.03,4.03,4.03,1
32.5,75.625,2025-03-10,1,2.82,2.82,2.82,1
32.5,75.625,2025-03-18,2,2.17,1.085,1.36,1
32.5,75.625,2025-03-19,1,2.08,2.08,2.08,1
32.5,75.625,2025-04-01,1,2.6,2.6,2.6,1
32.5,75.625,2025-04-02,1,1.75,1.75,1.75,1
32.5,75.625,2025-04-03,1,0.8,0.8,0.8,1
32.5,75.625,2025-04-04,1,3.14,3.14,3.14,1
32.5,75.625,2025-04-05,1,6.04,6.04,6.04,1
32.5,75.625,2025-04-17,1,3.38,3.38,3.38,1
32.5,75.625,2025-04-25,3,30.549999999999997,10.183333333333332,14.37,1
32.5,75.625,2025-04-27,4,19.91,4.9775,14.36,1
32.5,75.625,2025-04-28,2,25.21,12.605,22.26,1
32.5,75.625,2025-04-29,4,28.46,7.115,17.48,1
32.5,75.625,2025-04-30,7,33.51,4.7871428571428565,9.5,1
32.5,75.625,2025-05-01,21,196.62,9.362857142857143,17.19,1
32.5,75.625,2025-05-03,1,9.09,9.09,9.09,1
32.5,75.625,2025-05-06,19,68.83,3.6226315789473684,8.59,1
32.5,75.625,2025-05-07,23,136.86,5.9504347826086965,12.45,1
32.5,75.625,2025-05-10,2,17.04,8.52,11.05,1
32.5,75.625,2025-05-11,15,56.57,3.771333333333333,9.78,1
32.5,75.625,2025-05-12,25,129.39000000000001,5.1756,20.85,1
32.5,75.625,2025-05-13,33,139.6,4.2303030303030305,16.98,1
32.5,75.625,2025-05-14,28,210.49,7.5175,22.89,1
32.5,75.625,2025-05-15,23,93.28,4.055652173913043,9.41,1
32.5,75.625,2025-05-16,3,5.82,1.9400000000000002,2.29,1
32.5,75.625,2025-05-17,2,10.24,5.12,6.84,1
32.5,75.625,2025-05-18,22,61.44,2.7927272727272725,6.53,1
32.5,75.625,2025-05-20,6,30.060000000000002,5.010000000000001,9.22,1
32.5,75.625,2025-05-21,4,10.290000000000001,2.5725000000000002,4.19,1
32.5,75.625,2025-05-22,2,2.6799999999999997,1.3399999999999999,1.63,1
32.5,75.625,2025-05-23,7,44.82,6.402857142857143,6.93,1
32.5,75.625,2025-05-24,1,3.87,3.87,3.87,1
32.5,75.625,2025-05-26,3,19.24,6.413333333333333,7.93,1
32.5,75.625,2025-05-28,2,4.62,2.31,2.69,1
32.5,75.625,2025-05-29,8,39.84,4.98,8.6,1
32.5,75.625,2025-05-30,1,5.06,5.06,5.06,1
32.5,75.625,2025-06-02,3,19.42,6.473333333333334,7.7,1
32.5,75.625,2025-06-04,1,4.94,4.94,4.94,1
32.5,75.625,2025-06-05,1,2.4,2.4,2.4,1
32.5,75.625,2025-06-08,2,2.56,1.28,1.28,1
32.5,75.625,2025-06-09,3,16.72,5.573333333333333,9.49,1
32.5,75.625,2025-06-10,1,7.49,7.49,7.49,1
32.5,75.625,2025-06-12,2,4.36,2.18,2.41,1
32.5,75.625,2025-10-14,1,5.16,5.16,5.16,1
32.5,75.625,2025-10-15,1,1.28,1.28,1.28,1
32.5,75.625,2025-11-04,2,5.140000000000001,2.5700000000000003,2.83,1
32.5,75.625,2025-11-05,1,1.86,1.86,1.86,1
32.5,75.625,2025-11-09,1,4.68,4.68,4.68,1
32.5,75.625,2025-11-10,1,1.71,1.71,1.71,1
32.5,75.625,2025-11-11,1,2.31,2.31,2.31,1
32.5,75.625,2025-11-15,1,4.1,4.1,4.1,1
32.5,75.625,2025-12-08,1,1.98,1.98,1.98,1
32.5,75.625,2025-12-23,1,2.29,2.29,2.29,1
32.5,76.25,2023-01-04,1,1.6,1.6,1.6,1
32.5,76.25,2023-01-22,1,2.57,2.57,2.57,1
32.5,76.25,2023-02-02,2,3.3200000000000003,1.6600000000000001,2.08,1
32.5,76.25,2023-02-13,5,15.5,3.1,6.2,1
32.5,76.25,2023-02-14,3,3.87,1.29,1.39,1
32.5,76.25,2023-02-15,1,3.99,3.99,3.99,1
32.5,76.25,2023-02-17,3,1.8599999999999999,0.62,0.89,1
32.5,76.25,2023-02-24,1,14.85,14.85,14.85,1
32.5,76.25,2023-02-25,2,17.240000000000002,8.620000000000001,10.51,1
32.5,76.25,2023-03-09,1,9.59,9.59,9.59,1
32.5,76.25,2023-03-12,1,5.76,5.76,5.76,1
32.5,76.25,2023-04-05,1,3.53,3.53,3.53,1
32.5,76.25,2023-04-07,1,1.97,1.97,1.97,1
32.5,76.25,2023-04-08,1,6.31,6.31,6.31,1
32.5,76.25,2023-04-12,1,1.64,1.64,1.64,1
32.5,76.25,2023-10-24,5,38.489999999999995,7.697999999999999,13.81,1
32.5,76.25,2023-11-05,2,1.92,0.96,1.24,1
32.5,76.25,2023-11-08,1,3.89,3.89,3.89,1
32.5,76.25,2023-11-09,1,4.17,4.17,4.17,1
32.5,76.25,2023-11-18,2,4.5200000000000005,2.2600000000000002,4.03,1
32.5,76.25,2023-11-21,5,15.89,3.178,6.13,1
32.5,76.25,2023-11-24,1,5.27,5.27,5.27,1
32.5,76.25,2023-11-25,2,2.42,1.21,1.39,1
32.5,76.25,2023-11-26,1,3.5,3.5,3.5,1
32.5,76.25,2023-12-07,1,4.19,4.19,4.19,1
32.5,76.25,2023-12-08,1,3.04,3.04,3.04,1
32.5,76.25,2023-12-09,1,1.66,1.66,1.66,1
32.5,76.25,2023-12-10,3,23.69,7.896666666666667,12.73,1
32.5,76.25,2023-12-12,4,3.31,0.8275,1.35,1
32.5,76.25,2023-12-18,11,31.549999999999997,2.8681818181818177,15.35,1
32.5,76.25,2023-12-19,2,11.4,5.7,6.94,1
32.5,76.25,2023-12-20,21,34.82,1.658095238095238,3.25,1
32.5,76.25,2023-12-21,12,74.8,6.233333333333333,18.5,1
32.5,76.25,2023-12-24,6,8.65,1.4416666666666667,2.27,1
32.5,76.25,2023-12-25,9,13.97,1.5522222222222224,2.16,1
32.5,76.25,2023-12-26,2,8.0,4.0,4.24,1
32.5,76.25,2023-12-27,3,12.33,4.11,4.33,1
32.5,76.25,2023-12-28,22,135.87,6.175909090909091,15.14,1
32.5,76.25,2023-12-29,8,18.21,2.27625,6.34,1
32.5,76.25,2023-12-30,2,2.55,1.275,1.35,1
32.5,76.25,2023-12-31,8,55.45,6.93125,12.46,1
32.5,76.25,2024-01-01,4,26.759999999999998,6.6899999999999995,10.18,1
32.5,76.25,2024-01-02,4,21.7,5.425,8.02,1
32.5,76.25,2024-01-03,3,6.13,2.0433333333333334,2.73,1
32.5,76.25,2024-01-04,1,1.13,1.13,1.13,1
32.5,76.25,2024-01-05,1,0.7,0.7,0.7,1
32.5,76.25,2024-01-07,1,3.08,3.08,3.08,1
32.5,76.25,2024-01-08,5,41.44,8.288,31.69,1
32.5,76.25,2024-01-09,3,28.599999999999998,9.533333333333333,19.31,1
32.5,76.25,2024-01-10,1,1.25,1.25,1.25,1
32.5,76.25,2024-01-11,8,12.67,1.58375,5.53,1
32.5,76.25,2024-01-12,17,51.42,3.0247058823529414,6.98,1
32.5,76.25,2024-01-13,10,59.099999999999994,5.909999999999999,22.2,1
32.5,76.25,2024-01-14,21,79.05,3.7642857142857142,11.99,1
32.5,76.25,2024-01-15,19,67.52,3.5536842105263156,6.86,1
32.5,76.25,2024-01-16,3,9.120000000000001,3.0400000000000005,3.04,1
32.5,76.25,2024-01-19,2,11.36,5.68,6.27,1
32.5,76.25,2024-01-20,3,3.77,1.2566666666666666,1.53,1
32.5,76.25,2024-01-21,2,7.25,3.625,6.32,1
32.5,76.25,2024-01-22,1,2.36,2.36,2.36,1
32.5,76.25,2024-01-24,4,3.82,0.955,1.08,1
32.5,76.25,2024-01-25,1,2.68,2.68,2.68,1
32.5,76.25,2024-02-08,3,3.3899999999999997,1.13,1.13,1
32.5,76.25,2024-02-13,3,7.529999999999999,2.51,4.92,1
32.5,76.25,2024-02-14,1,0.79,0.79,0.79,1
32.5,76.25,2024-02-15,6,27.919999999999998,4.653333333333333,8.03,1
32.5,76.25,2024-02-28,1,0.76,0.76,0.76,1
32.5,76.25,2024-03-18,2,6.22,3.11,3.11,1
32.5,76.25,2024-04-03,1,3.4,3.4,3.4,1
32.5,76.25,2024-04-07,1,0.74,0.74,0.74,1
32.5,76.25,2024-04-08,1,0.31,0.31,0.31,1
32.5,76.25,2024-05-02,1,0.41,0.41,0.41,1
32.5,76.25,2024-05-14,3,5.76,1.92,2.45,1
32.5,76.25,2024-05-15,1,1.03,1.03,1.03,1
32.5,76.25,2024-05-16,1,4.24,4.24,4.24,1
32.5,76.25,2024-05-17,3,3.29,1.0966666666666667,1.35,1
32.5,76.25,2024-05-18,3,9.24,3.08,5.99,1
32.5,76.25,2024-05-19,5,17.51,3.5020000000000002,6.11,1
32.5,76.25,2024-05-20,4,8.2,2.05,2.94,1
32.5,76.25,2024-05-26,1,2.68,2.68,2.68,1
32.5,76.25,2024-05-27,2,2.8899999999999997,1.4449999999999998,1.75,1
32.5,76.25,2024-05-28,8,27.78,3.4725,7.01,1
32.5,76.25,2024-05-29,22,116.5,5.295454545454546,10.56,1
32.5,76.25,2024-06-04,6,14.82,2.47,4.79,1
32.5,76.25,2024-06-05,1,1.78,1.78,1.78,1
32.5,76.25,2024-06-07,12,57.87,4.8225,24.15,1
32.5,76.25,2024-06-08,27,49.19,1.8218518518518518,4.51,1
32.5,76.25,2024-06-09,16,37.56,2.3475,10.33,1
32.5,76.25,2024-06-10,49,96.96,1.9787755102040816,4.96,1
32.5,76.25,2024-06-11,18,88.85,4.936111111111111,28.87,1
32.5,76.25,2024-06-12,20,83.17,4.1585,10.57,1
32.5,76.25,2024-06-13,63,172.55,2.738888888888889,12.11,1
32.5,76.25,2024-06-14,43,242.74,5.645116279069768,66.29,1
32.5,76.25,2024-06-15,35,191.31,5.466,14.09,1
32.5,76.25,2024-06-16,28,101.69,3.6317857142857144,10.14,1
32.5,76.25,2024-06-17,8,42.93,5.36625,7.72,1
32.5,76.25,2024-06-18,8,18.54,2.3175,8.87,1
32.5,76.25,2024-06-19,1,1.29,1.29,1.29,1
32.5,76.25,2024-06-20,1,4.25,4.25,4.25,1
32.5,76.25,2024-06-24,2,15.82,7.91,8.84,1
32.5,76.25,2024-06-25,1,3.66,3.66,3.66,1
32.5,76.25,2024-06-30,2,33.03,16.515,17.26,1
32.5,76.25,2024-09-07,1,1.36,1.36,1.36,1
32.5,76.25,2024-10-23,3,11.459999999999999,3.82,3.82,1
32.5,76.25,2024-10-25,1,6.52,6.52,6.52,1
32.5,76.25,2024-10-27,6,12.920000000000002,2.1533333333333338,8.47,1
32.5,76.25,2024-10-28,1,1.04,1.04,1.04,1
32.5,76.25,2024-10-29,4,17.68,4.42,7.36,1
32.5,76.25,2024-10-30,4,27.310000000000002,6.827500000000001,9.48,1
32.5,76.25,2024-10-31,4,4.71,1.1775,2.12,1
32.5,76.25,2024-11-01,37,364.69,9.856486486486487,30.73,1
32.5,76.25,2024-11-02,10,62.51,6.2509999999999994,13.66,1
32.5,76.25,2024-11-07,1,9.69,9.69,9.69,1
32.5,76.25,2024-11-08,1,6.03,6.03,6.03,1
32.5,76.25,2024-11-10,8,278.88,34.86,86.17,1
32.5,76.25,2024-11-14,1,3.46,3.46,3.46,1
32.5,76.25,2024-11-15,4,21.71,5.4275,11.01,1
32.5,76.25,2024-11-17,5,39.2,7.840000000000001,10.37,1
32.5,76.25,2024-11-18,2,1.2799999999999998,0.6399999999999999,0.71,1
32.5,76.25,2024-11-19,1,4.76,4.76,4.76,1
32.5,76.25,2024-11-20,1,2.95,2.95,2.95,1
32.5,76.25,2024-11-21,2,33.33,16.665,20.06,1
32.5,76.25,2024-11-23,5,27.700000000000003,5.540000000000001,8.67,1
32.5,76.25,2024-11-28,1,1.08,1.08,1.08,1
32.5,76.25,2024-11-29,4,47.36,11.84,16.47,1
32.5,76.25,2024-12-03,1,0.43,0.43,0.43,1
32.5,76.25,2024-12-04,2,0.9099999999999999,0.45499999999999996,0.49,1
32.5,76.25,2024-12-05,1,20.71,20.71,20.71,1
32.5,76.25,2024-12-06,2,8.98,4.49,4.49,1
32.5,76.25,2024-12-07,2,37.88,18.94,18.94,1
32.5,76.25,2024-12-09,1,1.04,1.04,1.04,1
32.5,76.25,2024-12-12,1,1.21,1.21,1.21,1
32.5,76.25,2024-12-13,4,9.370000000000001,2.3425000000000002,4.45,1
32.5,76.25,2024-12-14,27,44.61,1.6522222222222223,7.14,1
32.5,76.25,2024-12-15,44,185.37,4.212954545454545,14.19,1
32.5,76.25,2024-12-16,58,577.3000000000001,9.95344827586207,56.7,1
32.5,76.25,2024-12-17,39,416.26,10.673333333333334,24.86,1
32.5,76.25,2024-12-18,1,1.53,1.53,1.53,1
32.5,76.25,2024-12-19,9,39.88,4.431111111111111,13.47,1
32.5,76.25,2024-12-20,9,40.42,4.4911111111111115,10.27,1
32.5,76.25,2024-12-21,3,12.71,4.236666666666667,5.11,1
32.5,76.25,2024-12-22,8,90.66000000000001,11.332500000000001,19.17,1
32.5,76.25,2024-12-25,3,12.23,4.076666666666667,8.09,1
32.5,76.25,2024-12-26,3,14.399999999999999,4.8,5.26,1
32.5,76.25,2025-01-08,2,5.21,2.605,3.14,1
32.5,76.25,2025-01-09,2,18.07,9.035,11.4,1
32.5,76.25,2025-01-10,10,50.06,5.006,9.5,1
32.5,76.25,2025-01-14,2,2.05,1.025,1.49,1
32.5,76.25,2025-01-20,1,0.87,0.87,0.87,1
32.5,76.25,2025-01-22,2,8.83,4.415,6.38,1
32.5,76.25,2025-01-24,3,9.040000000000001,3.0133333333333336,4.23,1
32.5,76.25,2025-01-25,4,27.18,6.795,11.4,1
32.5,76.25,2025-01-26,10,22.229999999999997,2.223,5.0,1
32.5,76.25,2025-01-27,5,15.459999999999999,3.0919999999999996,5.77,1
32.5,76.25,2025-01-28,3,13.35,4.45,8.74,1
32.5,76.25,2025-01-31,4,23.310000000000002,5.827500000000001,8.75,1
32.5,76.25,2025-02-02,1,4.4,4.4,4.4,1
32.5,76.25,2025-02-10,2,6.37,3.185,5.23,1
32.5,76.25,2025-02-16,1,4.97,4.97,4.97,1
32.5,76.25,2025-02-17,2,4.74,2.37,3.5,1
32.5,76.25,2025-02-19,1,3.46,3.46,3.46,1
32.5,76.25,2025-03-24,2,12.46,6.23,7.26,1
32.5,76.25,2025-03-26,1,0.86,0.86,0.86,1
32.5,76.25,2025-03-29,1,3.92,3.92,3.92,1
32.5,76.25,2025-03-31,1,7.48,7.48,7.48,1
32.5,76.25,2025-04-04,1,6.16,6.16,6.16,1
32.5,76.25,2025-04-05,1,2.25,2.25,2.25,1
32.5,76.25,2025-04-06,1,1.32,1.32,1.32,1
32.5,76.25,2025-04-07,1,2.11,2.11,2.11,1
32.5,76.25,2025-04-27,1,6.76,6.76,6.76,1
32.5,76.25,2025-05-12,1,1.35,1.35,1.35,1
32.5,76.25,2025-05-13,1,0.83,0.83,0.83,1
32.5,76.25,2025-05-14,1,1.6,1.6,1.6,1
32.5,76.25,2025-05-16,3,5.33,1.7766666666666666,2.79,1
32.5,76.25,2025-05-17,2,2.76,1.38,1.38,1
32.5,76.25,2025-05-29,3,6.61,2.2033333333333336,2.58,1
32.5,76.25,2025-06-08,1,1.34,1.34,1.34,1
32.5,76.25,2025-06-09,2,6.17,3.085,4.55,1
32.5,76.25,2025-06-11,1,3.89,3.89,3.89,1
32.5,76.25,2025-06-12,5,28.630000000000003,5.726000000000001,11.32,1
32.5,76.25,2025-12-02,1,8.44,8.44,8.44,1
32.5,76.25,2025-12-05,1,5.12,5.12,5.12,1
32.5,76.25,2025-12-12,1,6.15,6.15,6.15,1
32.5,76.25,2025-12-15,2,1.38,0.69,0.69,1
32.5,76.25,2025-12-16,2,11.54,5.77,5.77,1
32.5,76.25,2025-12-21,1,1.34,1.34,1.34,1
32.5,76.25,2025-12-24,1,3.85,3.85,3.85,1
32.5,76.25,2025-12-26,1,1.42,1.42,1.42,1
32.5,76.875,2023-02-25,1,7.85,7.85,7.85,1
32.5,76.875,2023-03-08,1,5.9,5.9,5.9,1
32.5,76.875,2023-03-09,1,12.36,12.36,12.36,1
32.5,76.875,2023-11-21,12,77.02,6.418333333333333,11.4,1
32.5,76.875,2023-11-22,5,18.47,3.694,6.81,1
32.5,76.875,2023-11-23,3,28.5,9.5,12.26,1
32.5,76.875,2023-12-24,2,3.52,1.76,1.95,1
32.5,76.875,2023-12-28,6,67.16,11.193333333333333,17.51,1
32.5,76.875,2023-12-29,4,57.45,14.3625,26.24,1
32.5,76.875,2024-01-02,1,0.69,0.69,0.69,1
32.5,76.875,2024-01-09,1,6.35,6.35,6.35,1
32.5,76.875,2024-01-10,2,9.42,4.71,4.71,1
32.5,76.875,2024-01-11,3,10.77,3.59,4.17,1
32.5,76.875,2024-01-12,3,9.36,3.1199999999999997,4.17,1
32.5,76.875,2024-01-16,2,109.53999999999999,54.769999999999996,103.97,1
32.5,76.875,2024-01-20,3,18.21,6.07,7.23,1
32.5,76.875,2024-01-21,8,22.189999999999998,2.7737499999999997,6.76,1
32.5,76.875,2024-01-29,3,7.739999999999999,2.5799999999999996,5.81,1
32.5,76.875,2024-02-10,1,2.42,2.42,2.42,1
32.5,76.875,2024-02-15,2,7.08,3.54,4.78,1
32.5,76.875,2024-02-23,2,8.56,4.28,5.12,1
32.5,76.875,2024-03-09,1,7.18,7.18,7.18,1
32.5,76.875,2024-03-15,1,5.34,5.34,5.34,1
32.5,76.875,2024-03-16,3,22.82,7.6066666666666665,15.5,1
32.5,76.875,2024-05-27,1,0.6,0.6,0.6,1
32.5,76.875,2024-07-31,1,9.57,9.57,9.57,1
32.5,76.875,2024-09-23,4,6.62,1.655,1.71,1
32.5,76.875,2024-10-11,4,62.69,15.6725,36.36,1
32.5,76.875,2024-10-12,5,9.690000000000001,1.9380000000000002,2.45,1
32.5,76.875,2024-10-13,10,97.71000000000001,9.771,21.54,1
32.5,76.875,2024-10-14,7,78.39,11.198571428571428,25.22,1
32.5,76.875,2024-10-15,4,14.64,3.66,8.84,1
32.5,76.875,2024-10-16,3,26.21,8.736666666666666,11.18,1
32.5,76.875,2024-10-29,2,17.06,8.53,9.86,1
32.5,76.875,2024-11-02,2,5.44,2.72,3.64,1
32.5,76.875,2024-11-11,1,1.11,1.11,1.11,1
32.5,76.875,2024-11-14,1,3.03,3.03,3.03,1
32.5,76.875,2024-11-20,4,21.36,5.34,6.38,1
32.5,76.875,2024-11-21,1,12.31,12.31,12.31,1
32.5,76.875,2024-11-30,3,8.8,2.9333333333333336,3.91,1
32.5,76.875,2024-12-01,4,28.46,7.115,8.21,1
32.5,76.875,2024-12-14,1,2.7,2.7,2.7,1
32.5,76.875,2024-12-22,8,26.119999999999997,3.2649999999999997,8.44,1
32.5,76.875,2025-01-08,2,13.57,6.785,11.26,1
32.5,76.875,2025-02-03,4,23.91,5.9775,7.61,1
32.5,76.875,2025-03-20,2,9.6,4.8,5.25,1
32.5,76.875,2025-03-30,1,6.14,6.14,6.14,1
32.5,76.875,2025-04-02,7,25.16,3.5942857142857143,9.48,1
32.5,76.875,2025-04-04,3,22.85,7.616666666666667,7.8,1
32.5,76.875,2025-04-30,1,12.51,12.51,12.51,1
32.5,76.875,2025-09-26,1,6.06,6.06,6.06,1
32.5,76.875,2025-10-30,2,16.08,8.04,10.18,1
32.5,76.875,2025-11-28,5,32.12,6.4239999999999995,6.96,1
32.5,76.875,2025-12-02,1,6.83,6.83,6.83,1
33.0,73.125,2023-01-15,1,2.61,2.61,2.61,1
33.0,73.125,2023-01-16,2,5.279999999999999,2.6399999999999997,3.28,1
33.0,73.125,2023-01-22,1,1.99,1.99,1.99,1
33.0,73.125,2023-01-25,1,5.47,5.47,5.47,1
33.0,73.125,2023-01-26,1,4.79,4.79,4.79,1
33.0,73.125,2023-01-27,1,4.91,4.91,4.91,1
33.0,73.125,2023-02-04,4,68.46000000000001,17.115000000000002,18.34,1
33.0,73.125,2023-02-07,1,2.34,2.34,2.34,1
33.0,73.125,2023-02-08,2,10.36,5.18,5.52,1
33.0,73.125,2023-02-13,1,2.77,2.77,2.77,1
33.0,73.125,2023-02-15,1,10.89,10.89,10.89,1
33.0,73.125,2023-02-22,2,4.609999999999999,2.3049999999999997,2.71,1
33.0,73.125,2023-02-25,2,7.1000000000000005,3.5500000000000003,4.19,1
33.0,73.125,2023-03-06,1,3.81,3.81,3.81,1
33.0,73.125,2023-03-07,1,4.69,4.69,4.69,1
33.0,73.125,2023-03-08,1,3.69,3.69,3.69,1
33.0,73.125,2023-03-09,3,20.11,6.703333333333333,9.52,1
33.0,73.125,2023-03-10,2,3.49,1.745,2.13,1
33.0,73.125,2023-03-11,2,3.5700000000000003,1.7850000000000001,2.41,1
33.0,73.125,2023-03-13,1,5.96,5.96,5.96,1
33.0,73.125,2023-05-13,1,7.54,7.54,7.54,1
33.0,73.125,2023-05-15,1,5.08,5.08,5.08,1
33.0,73.125,2023-05-22,1,15.65,15.65,15.65,1
33.0,73.125,2023-06-14,1,6.01,6.01,6.01,1
33.0,73.125,2023-10-01,1,5.22,5.22,5.22,1
33.0,73.125,2023-12-10,2,12.129999999999999,6.0649999999999995,8.42,1
33.0,73.125,2023-12-18,2,3.3899999999999997,1.6949999999999998,1.96,1
33.0,73.125,2023-12-19,2,7.5,3.75,5.47,1
33.0,73.125,2023-12-22,1,2.7,2.7,2.7,1
33.0,73.125,2023-12-27,3,13.7,4.566666666666666,4.88,1
33.0,73.125,2024-01-04,2,8.59,4.295,4.63,1
33.0,73.125,2024-01-11,1,2.38,2.38,2.38,1
33.0,73.125,2024-01-12,1,5.78,5.78,5.78,1
33.0,73.125,2024-01-18,1,7.19,7.19,7.19,1
33.0,73.125,2024-01-28,2,6.97,3.485,4.09,1
33.0,73.125,2024-02-05,1,2.51,2.51,2.51,1
33.0,73.125,2024-02-07,1,3.24,3.24,3.24,1
33.0,73.125,2024-02-08,2,9.370000000000001,4.6850000000000005,4.9,1
33.0,73.125,2024-02-10,4,30.310000000000002,7.577500000000001,17.19,1
33.0,73.125,2024-02-13,3,24.76,8.253333333333334,8.3,1
33.0,73.125,2024-02-14,1,2.75,2.75,2.75,1
33.0,73.125,2024-02-15,7,28.2,4.0285714285714285,9.99,1
33.0,73.125,2024-02-16,3,14.92,4.973333333333334,7.83,1
33.0,73.125,2024-02-21,1,2.72,2.72,2.72,1
33.0,73.125,2024-02-23,1,3.09,3.09,3.09,1
33.0,73.125,2024-02-28,3,17.93,5.976666666666667,8.43,1
33.0,73.125,2024-03-07,1,6.58,6.58,6.58,1
33.0,73.125,2024-03-08,1,1.72,1.72,1.72,1
33.0,73.125,2024-03-30,1,3.56,3.56,3.56,1
33.0,73.125,2024-05-14,1,3.8,3.8,3.8,1
33.0,73.125,2024-05-22,1,6.68,6.68,6.68,1
33.0,73.125,2024-05-28,1,16.39,16.39,16.39,1
33.0,73.125,2024-06-14,1,2.99,2.99,2.99,1
33.0,73.125,2024-06-17,1,9.99,9.99,9.99,1
33.0,73.125,2024-06-25,1,6.0,6.0,6.0,1
33.0,73.125,2024-07-02,3,53.519999999999996,17.84,31.66,1
33.0,73.125,2024-10-27,1,1.26,1.26,1.26,1
33.0,73.125,2024-10-30,3,16.22,5.406666666666666,7.46,1
33.0,73.125,2024-11-01,4,24.05,6.0125,19.88,1
33.0,73.125,2024-11-02,1,2.79,2.79,2.79,1
33.0,73.125,2024-11-17,1,2.51,2.51,2.51,1
33.0,73.125,2024-12-06,3,14.209999999999999,4.736666666666666,9.16,1
33.0,73.125,2024-12-07,2,7.960000000000001,3.9800000000000004,4.36,1
33.0,73.125,2024-12-09,4,10.94,2.735,3.52,1
33.0,73.125,2024-12-14,1,17.22,17.22,17.22,1
33.0,73.125,2024-12-17,2,7.0600000000000005,3.5300000000000002,3.99,1
33.0,73.125,2024-12-19,1,2.8,2.8,2.8,1
33.0,73.125,2024-12-20,3,7.470000000000001,2.49,2.49,1
33.0,73.125,2024-12-25,2,5.52,2.76,2.76,1
33.0,73.125,2024-12-26,2,7.9,3.95,3.95,1
33.0,73.125,2024-12-27,1,3.58,3.58,3.58,1
33.0,73.125,2024-12-30,2,6.32,3.16,4.42,1
33.0,73.125,2024-12-31,1,4.82,4.82,4.82,1
33.0,73.125,2025-01-01,1,2.56,2.56,2.56,1
33.0,73.125,2025-01-02,2,5.67,2.835,3.59,1
33.0,73.125,2025-01-03,1,1.33,1.33,1.33,1
33.0,73.125,2025-01-04,3,12.09,4.03,6.3,1
33.0,73.125,2025-01-05,2,10.5,5.25,5.25,1
33.0,73.125,2025-01-06,1,3.86,3.86,3.86,1
33.0,73.125,2025-01-07,2,20.2,10.1,10.1,1
33.0,73.125,2025-01-08,4,20.88,5.22,6.8,1
33.0,73.125,2025-01-09,3,16.08,5.359999999999999,8.81,1
33.0,73.125,2025-01-10,3,8.49,2.83,4.0,1
33.0,73.125,2025-01-22,2,12.719999999999999,6.359999999999999,9.43,1
33.0,73.125,2025-01-23,4,23.06,5.765,8.94,1
33.0,73.125,2025-01-24,2,3.15,1.575,1.63,1
33.0,73.125,2025-01-25,5,28.669999999999998,5.734,9.77,1
33.0,73.125,2025-01-26,7,12.94,1.8485714285714285,2.96,1
33.0,73.125,2025-01-27,9,33.32,3.7022222222222223,7.08,1
33.0,73.125,2025-02-02,2,2.44,1.22,1.46,1
33.0,73.125,2025-02-04,3,14.66,4.886666666666667,5.11,1
33.0,73.125,2025-02-09,2,27.6,13.8,13.8,1
33.0,73.125,2025-02-10,1,3.78,3.78,3.78,1
33.0,73.125,2025-02-12,3,9.78,3.26,5.35,1
33.0,73.125,2025-02-13,1,2.89,2.89,2.89,1
33.0,73.125,2025-02-14,7,53.73,7.675714285714285,15.61,1
33.0,73.125,2025-02-16,1,7.68,7.68,7.68,1
33.0,73.125,2025-02-17,1,1.59,1.59,1.59,1
33.0,73.125,2025-02-22,2,3.28,1.64,1.88,1
33.0,73.125,2025-03-04,2,10.95,5.475,8.6,1
33.0,73.125,2025-03-05,1,1.59,1.59,1.59,1
33.0,73.125,2025-03-06,1,1.61,1.61,1.61,1
33.0,73.125,2025-03-07,1,1.49,1.49,1.49,1
33.0,73.125,2025-03-21,1,19.7,19.7,19.7,1
33.0,73.125,2025-03-23,6,28.060000000000002,4.676666666666667,6.57,1
33.0,73.125,2025-04-05,3,47.09,15.696666666666667,29.39,1
33.0,73.125,2025-04-11,1,3.41,3.41,3.41,1
33.0,73.125,2025-04-27,2,14.32,7.16,7.16,1
33.0,73.125,2025-05-19,1,4.5,4.5,4.5,1
33.0,73.125,2025-06-02,1,3.16,3.16,3.16,1
33.0,73.125,2025-06-19,2,19.16,9.58,9.76,1
33.0,73.125,2025-11-04,1,0.35,0.35,0.35,1
33.0,73.125,2025-11-26,1,1.69,1.69,1.69,1
33.0,73.125,2025-11-29,1,1.17,1.17,1.17,1
33.0,73.125,2025-12-04,2,4.49,2.245,2.34,1
33.0,73.125,2025-12-10,2,9.370000000000001,4.6850000000000005,5.01,1
33.0,73.125,2025-12-25,1,9.06,9.06,9.06,1
33.0,73.75,2023-01-02,1,4.93,4.93,4.93,1
33.0,73.75,2023-01-03,1,2.66,2.66,2.66,1
33.0,73.75,2023-01-04,1,5.49,5.49,5.49,1
33.0,73.75,2023-01-15,3,11.38,3.7933333333333334,5.15,1
33.0,73.75,2023-01-16,3,10.959999999999999,3.653333333333333,7.52,1
33.0,73.75,2023-01-17,3,12.989999999999998,4.329999999999999,4.84,1
33.0,73.75,2023-01-19,5,19.99,3.9979999999999998,7.1,1
33.0,73.75,2023-01-20,2,24.04,12.02,18.77,1
33.0,73.75,2023-01-21,2,4.64,2.32,3.28,1
33.0,73.75,2023-01-22,1,2.61,2.61,2.61,1
33.0,73.75,2023-01-26,2,8.379999999999999,4.1899999999999995,4.8,1
33.0,73.75,2023-01-27,10,21.35,2.1350000000000002,3.32,1
33.0,73.75,2023-02-04,3,10.57,3.5233333333333334,5.57,1
33.0,73.75,2023-02-07,2,7.35,3.675,4.76,1
33.0,73.75,2023-02-11,3,12.34,4.113333333333333,6.5,1
33.0,73.75,2023-02-12,1,3.43,3.43,3.43,1
33.0,73.75,2023-02-13,1,2.39,2.39,2.39,1
33.0,73.75,2023-02-14,3,11.2,3.733333333333333,4.58,1
33.0,73.75,2023-02-15,5,20.88,4.176,5.82,1
33.0,73.75,2023-02-20,1,2.11,2.11,2.11,1
33.0,73.75,2023-02-23,4,13.93,3.4825,5.41,1
33.0,73.75,2023-02-25,1,2.8,2.8,2.8,1
33.0,73.75,2023-02-26,1,3.09,3.09,3.09,1
33.0,73.75,2023-02-27,1,2.69,2.69,2.69,1
33.0,73.75,2023-03-04,1,1.07,1.07,1.07,1
33.0,73.75,2023-03-05,5,25.47,5.093999999999999,10.4,1
33.0,73.75,2023-03-07,1,3.8,3.8,3.8,1
33.0,73.75,2023-03-08,3,10.399999999999999,3.4666666666666663,4.81,1
33.0,73.75,2023-03-10,2,3.88,1.94,2.01,1
33.0,73.75,2023-03-14,1,2.13,2.13,2.13,1
33.0,73.75,2023-03-30,1,4.04,4.04,4.04,1
33.0,73.75,2023-04-06,1,8.29,8.29,8.29,1
33.0,73.75,2023-04-24,1,5.49,5.49,5.49,1
33.0,73.75,2023-05-11,2,34.7,17.35,17.35,1
33.0,73.75,2023-05-12,3,110.92,36.973333333333336,52.08,1
33.0,73.75,2023-05-14,1,4.91,4.91,4.91,1
33.0,73.75,2023-05-17,8,68.44,8.555,16.69,1
33.0,73.75,2023-05-18,2,8.4,4.2,5.42,1
33.0,73.75,2023-05-20,1,5.98,5.98,5.98,1
33.0,73.75,2023-05-21,2,9.75,4.875,5.36,1
33.0,73.75,2023-05-22,3,9.17,3.0566666666666666,3.68,1
33.0,73.75,2023-05-25,2,9.66,4.83,6.12,1
33.0,73.75,2023-05-27,1,2.13,2.13,2.13,1
33.0,73.75,2023-06-16,1,4.93,4.93,4.93,1
33.0,73.75,2023-09-09,1,3.58,3.58,3.58,1
33.0,73.75,2023-09-13,1,2.61,2.61,2.61,1
33.0,73.75,2023-09-28,1,1.61,1.61,1.61,1
33.0,73.75,2023-10-04,1,2.7,2.7,2.7,1
33.0,73.75,2023-11-15,1,2.8,2.8,2.8,1
33.0,73.75,2023-11-16,1,1.45,1.45,1.45,1
33.0,73.75,2023-11-28,1,3.39,3.39,3.39,1
33.0,73.75,2023-12-13,1,1.9,1.9,1.9,1
33.0,73.75,2023-12-19,2,6.08,3.04,3.15,1
33.0,73.75,2023-12-23,1,3.31,3.31,3.31,1
33.0,73.75,2023-12-30,1,7.31,7.31,7.31,1
33.0,73.75,2024-01-17,5,20.05,4.01,6.86,1
33.0,73.75,2024-01-18,3,16.32,5.44,5.79,1
33.0,73.75,2024-01-19,1,2.74,2.74,2.74,1
33.0,73.75,2024-01-24,2,2.42,1.21,1.36,1
33.0,73.75,2024-01-28,1,3.0,3.0,3.0,1
33.0,73.75,2024-02-05,1,4.33,4.33,4.33,1
33.0,73.75,2024-02-07,4,13.42,3.355,4.39,1
33.0,73.75,2024-02-08,9,40.45,4.4944444444444445,9.9,1
33.0,73.75,2024-02-09,3,7.42,2.473333333333333,3.08,1
33.0,73.75,2024-02-10,2,11.68,5.84,8.73,1
33.0,73.75,2024-02-11,2,5.28,2.64,2.89,1
33.0,73.75,2024-02-13,3,17.810000000000002,5.936666666666667,7.32,1
33.0,73.75,2024-02-14,5,13.41,2.682,3.19,1
33.0,73.75,2024-02-15,1,5.38,5.38,5.38,1
33.0,73.75,2024-02-16,2,8.74,4.37,5.43,1
33.0,73.75,2024-02-21,2,3.26,1.63,2.11,1
33.0,73.75,2024-02-22,2,9.48,4.74,6.81,1
33.0,73.75,2024-02-23,2,12.09,6.045,6.71,1
33.0,73.75,2024-02-24,2,7.89,3.945,5.59,1
33.0,73.75,2024-02-25,1,1.66,1.66,1.66,1
33.0,73.75,2024-03-05,2,6.84,3.42,4.45,1
33.0,73.75,2024-03-07,2,3.88,1.94,2.09,1
33.0,73.75,2024-03-12,1,2.6,2.6,2.6,1
33.0,73.75,2024-03-15,1,2.52,2.52,2.52,1
33.0,73.75,2024-03-18,2,4.99,2.495,3.92,1
33.0,73.75,2024-03-19,1,2.38,2.38,2.38,1
33.0,73.75,2024-03-22,1,3.99,3.99,3.99,1
33.0,73.75,2024-03-24,1,3.61,3.61,3.61,1
33.0,73.75,2024-03-25,1,2.55,2.55,2.55,1
33.0,73.75,2024-04-01,1,3.32,3.32,3.32,1
33.0,73.75,2024-04-03,1,0.53,0.53,0.53,1
33.0,73.75,2024-05-08,2,14.77,7.385,12.23,1
33.0,73.75,2024-05-14,5,39.14,7.828,11.19,1
33.0,73.75,2024-05-15,5,43.19,8.638,11.36,1
33.0,73.75,2024-05-16,1,3.09,3.09,3.09,1
33.0,73.75,2024-05-17,1,5.89,5.89,5.89,1
33.0,73.75,2024-05-18,2,7.3,3.65,4.06,1
33.0,73.75,2024-05-20,11,45.53,4.13909090909091,13.95,1
33.0,73.75,2024-05-21,4,34.14,8.535,12.01,1
33.0,73.75,2024-05-22,2,18.490000000000002,9.245000000000001,12.13,1
33.0,73.75,2024-05-23,2,6.279999999999999,3.1399999999999997,4.35,1
33.0,73.75,2024-05-25,1,19.05,19.05,19.05,1
33.0,73.75,2024-05-26,2,9.24,4.62,8.42,1
33.0,73.75,2024-05-28,1,9.4,9.4,9.4,1
33.0,73.75,2024-05-29,15,91.5,6.1,11.97,1
33.0,73.75,2024-06-04,1,2.02,2.02,2.02,1
33.0,73.75,2024-06-07,1,4.02,4.02,4.02,1
33.0,73.75,2024-06-09,1,4.06,4.06,4.06,1
33.0,73.75,2024-06-10,2,11.979999999999999,5.989999999999999,10.62,1
33.0,73.75,2024-06-11,1,6.96,6.96,6.96,1
33.0,73.75,2024-06-12,2,41.14,20.57,33.64,1
33.0,73.75,2024-06-13,1,3.39,3.39,3.39,1
33.0,73.75,2024-06-14,3,10.35,3.4499999999999997,4.93,1
33.0,73.75,2024-06-15,1,6.13,6.13,6.13,1
33.0,73.75,2024-06-16,3,32.900000000000006,10.966666666666669,14.89,1
33.0,73.75,2024-06-18,2,10.1,5.05,5.05,1
33.0,73.75,2024-06-19,4,34.78,8.695,16.73,1
33.0,73.75,2024-06-27,1,8.51,8.51,8.51,1
33.0,73.75,2024-08-14,1,1.53,1.53,1.53,1
33.0,73.75,2024-09-25,1,1.75,1.75,1.75,1
33.0,73.75,2024-11-27,1,8.67,8.67,8.67,1
33.0,73.75,2024-12-03,1,9.33,9.33,9.33,1
33.0,73.75,2024-12-04,1,1.34,1.34,1.34,1
33.0,73.75,2024-12-06,1,7.84,7.84,7.84,1
33.0,73.75,2024-12-10,4,13.81,3.4525,6.8,1
33.0,73.75,2024-12-11,1,5.1,5.1,5.1,1
33.0,73.75,2024-12-13,1,17.82,17.82,17.82,1
33.0,73.75,2024-12-17,5,30.17,6.034000000000001,7.42,1
33.0,73.75,2024-12-20,1,1.63,1.63,1.63,1
33.0,73.75,2024-12-25,3,11.959999999999999,3.9866666666666664,6.89,1
33.0,73.75,2024-12-26,1,2.82,2.82,2.82,1
33.0,73.75,2025-01-07,2,10.36,5.18,7.25,1
33.0,73.75,2025-01-08,1,4.63,4.63,4.63,1
33.0,73.75,2025-01-10,3,10.01,3.3366666666666664,5.03,1
33.0,73.75,2025-01-13,2,5.109999999999999,2.5549999999999997,2.67,1
33.0,73.75,2025-01-14,1,4.45,4.45,4.45,1
33.0,73.75,2025-01-15,1,1.97,1.97,1.97,1
33.0,73.75,2025-01-16,3,24.32,8.106666666666667,16.7,1
33.0,73.75,2025-01-20,2,21.55,10.775,12.5,1
33.0,73.75,2025-01-21,4,8.0,2.0,2.46,1
33.0,73.75,2025-01-22,3,12.01,4.003333333333333,5.53,1
33.0,73.75,2025-01-23,5,46.51,9.302,17.71,1
33.0,73.75,2025-01-24,4,11.07,2.7675,3.67,1
33.0,73.75,2025-01-25,4,18.99,4.7475,9.79,1
33.0,73.75,2025-01-26,7,29.68,4.24,9.17,1
33.0,73.75,2025-01-27,3,10.120000000000001,3.3733333333333335,4.05,1
33.0,73.75,2025-01-28,3,10.24,3.4133333333333336,4.76,1
33.0,73.75,2025-02-03,2,7.09,3.545,4.36,1
33.0,73.75,2025-02-05,4,10.24,2.56,4.54,1
33.0,73.75,2025-02-06,1,2.39,2.39,2.39,1
33.0,73.75,2025-02-07,2,4.68,2.34,2.87,1
33.0,73.75,2025-02-09,4,14.87,3.7175,4.27,1
33.0,73.75,2025-02-11,3,10.780000000000001,3.5933333333333337,4.37,1
33.0,73.75,2025-02-12,3,15.32,5.1066666666666665,8.29,1
33.0,73.75,2025-02-13,2,11.280000000000001,5.640000000000001,6.84,1
33.0,73.75,2025-02-14,3,8.11,2.703333333333333,4.7,1
33.0,73.75,2025-02-15,2,9.73,4.865,4.95,1
33.0,73.75,2025-02-17,2,10.989999999999998,5.494999999999999,6.97,1
33.0,73.75,2025-02-18,3,13.8,4.6000000000000005,5.19,1
33.0,73.75,2025-02-23,1,2.48,2.48,2.48,1
33.0,73.75,2025-02-24,1,4.01,4.01,4.01,1
33.0,73.75,2025-03-01,1,1.53,1.53,1.53,1
33.0,73.75,2025-03-05,2,4.76,2.38,2.59,1
33.0,73.75,2025-03-06,1,5.01,5.01,5.01,1
33.0,73.75,2025-03-14,1,25.83,25.83,25.83,1
33.0,73.75,2025-03-20,1,4.25,4.25,4.25,1
33.0,73.75,2025-03-21,3,16.52,5.506666666666667,8.11,1
33.0,73.75,2025-03-28,1,3.37,3.37,3.37,1
33.0,73.75,2025-03-30,3,9.93,3.31,4.4,1
33.0,73.75,2025-04-06,1,1.48,1.48,1.48,1
33.0,73.75,2025-04-10,1,2.58,2.58,2.58,1
33.0,73.75,2025-04-22,2,2.5700000000000003,1.2850000000000001,1.82,1
33.0,73.75,2025-04-24,1,1.6,1.6,1.6,1
33.0,73.75,2025-04-25,1,1.38,1.38,1.38,1
33.0,73.75,2025-04-27,1,3.36,3.36,3.36,1
33.0,73.75,2025-04-30,2,5.72,2.86,4.63,1
33.0,73.75,2025-05-03,1,4.41,4.41,4.41,1
33.0,73.75,2025-05-07,2,4.3999999999999995,2.1999999999999997,2.51,1
33.0,73.75,2025-05-10,1,2.12,2.12,2.12,1
33.0,73.75,2025-05-12,1,4.83,4.83,4.83,1
33.0,73.75,2025-05-13,3,13.48,4.493333333333333,5.06,1
33.0,73.75,2025-05-14,1,6.44,6.44,6.44,1
33.0,73.75,2025-05-15,4,21.24,5.31,5.31,1
33.0,73.75,2025-05-16,3,9.07,3.0233333333333334,4.9,1
33.0,73.75,2025-05-17,1,7.84,7.84,7.84,1
33.0,73.75,2025-05-18,6,44.72,7.453333333333333,9.78,1
33.0,73.75,2025-05-20,3,24.189999999999998,8.063333333333333,12.34,1
33.0,73.75,2025-05-23,3,19.66,6.553333333333334,9.32,1
33.0,73.75,2025-05-27,1,1.38,1.38,1.38,1
33.0,73.75,2025-05-30,1,1.43,1.43,1.43,1
33.0,73.75,2025-06-02,1,4.52,4.52,4.52,1
33.0,73.75,2025-06-06,2,3.32,1.66,2.09,1
33.0,73.75,2025-06-10,1,9.62,9.62,9.62,1
33.0,73.75,2025-06-12,2,11.36,5.68,5.68,1
33.0,73.75,2025-06-13,3,21.85,7.283333333333334,8.65,1
33.0,73.75,2025-06-14,1,3.02,3.02,3.02,1
33.0,73.75,2025-11-15,1,3.53,3.53,3.53,1
33.0,73.75,2025-11-17,1,1.98,1.98,1.98,1
33.0,73.75,2025-12-04,4,18.59,4.6475,6.73,1
33.0,73.75,2025-12-11,3,33.39,11.13,18.89,1
33.0,73.75,2025-12-16,2,10.0,5.0,5.03,1
33.0,73.75,2025-12-17,3,71.86,23.953333333333333,36.54,1
33.0,73.75,2025-12-24,3,11.9,3.966666666666667,5.61,1
33.0,73.75,2025-12-25,3,21.68,7.226666666666667,10.21,1
33.0,73.75,2025-12-26,4,27.48,6.87,11.32,1
33.0,73.75,2025-12-28,2,5.33,2.665,3.34,1
33.0,74.375,2023-01-14,1,1.94,1.94,1.94,1
33.0,74.375,2023-01-16,7,16.83,2.404285714285714,3.07,1
33.0,74.375,2023-01-17,1,20.02,20.02,20.02,1
33.0,74.375,2023-01-18,1,4.19,4.19,4.19,1
33.0,74.375,2023-01-19,5,39.43,7.886,17.1,1
33.0,74.375,2023-01-22,1,2.32,2.32,2.32,1
33.0,74.375,2023-01-27,5,39.0,7.8,20.72,1
33.0,74.375,2023-02-04,3,6.98,2.3266666666666667,2.79,1
33.0,74.375,2023-02-07,3,5.8100000000000005,1.9366666666666668,2.61,1
33.0,74.375,2023-02-08,1,2.2,2.2,2.2,1
33.0,74.375,2023-02-10,4,23.54,5.885,6.27,1
33.0,74.375,2023-02-11,3,31.28,10.426666666666668,26.73,1
33.0,74.375,2023-02-12,8,22.06,2.7575,6.32,1
33.0,74.375,2023-02-13,3,11.96,3.986666666666667,6.31,1
33.0,74.375,2023-02-14,1,2.02,2.02,2.02,1
33.0,74.375,2023-02-23,2,12.280000000000001,6.140000000000001,10.99,1
33.0,74.375,2023-02-26,8,137.52,17.19,36.95,1
33.0,74.375,2023-02-27,3,6.49,2.1633333333333336,3.82,1
33.0,74.375,2023-03-03,1,2.12,2.12,2.12,1
33.0,74.375,2023-03-04,3,8.37,2.7899999999999996,3.84,1
33.0,74.375,2023-03-05,4,13.66,3.415,4.63,1
33.0,74.375,2023-03-06,2,7.83,3.915,4.09,1
33.0,74.375,2023-03-07,1,2.57,2.57,2.57,1
33.0,74.375,2023-03-09,2,6.62,3.31,3.31,1
33.0,74.375,2023-03-11,2,8.89,4.445,4.86,1
33.0,74.375,2023-03-12,3,4.48,1.4933333333333334,3.18,1
33.0,74.375,2023-03-13,3,7.17,2.39,5.69,1
33.0,74.375,2023-03-14,1,6.95,6.95,6.95,1
33.0,74.375,2023-04-06,1,3.45,3.45,3.45,1
33.0,74.375,2023-04-09,1,7.29,7.29,7.29,1
33.0,74.375,2023-04-11,2,6.88,3.44,5.63,1
33.0,74.375,2023-04-12,1,2.9,2.9,2.9,1
33.0,74.375,2023-04-14,2,9.43,4.715,5.02,1
33.0,74.375,2023-04-21,1,13.1,13.1,13.1,1
33.0,74.375,2023-04-26,3,23.549999999999997,7.849999999999999,7.85,1
33.0,74.375,2023-04-29,1,3.98,3.98,3.98,1
33.0,74.375,2023-05-06,1,5.79,5.79,5.79,1
33.0,74.375,2023-05-10,1,3.1,3.1,3.1,1
33.0,74.375,2023-05-11,1,3.78,3.78,3.78,1
33.0,74.375,2023-05-12,1,3.82,3.82,3.82,1
33.0,74.375,2023-05-13,2,7.02,3.51,4.75,1
33.0,74.375,2023-05-14,1,8.48,8.48,8.48,1
33.0,74.375,2023-05-15,12,62.92,5.243333333333333,8.8,1
33.0,74.375,2023-05-16,1,6.07,6.07,6.07,1
33.0,74.375,2023-05-17,8,75.56,9.445,18.27,1
33.0,74.375,2023-05-18,9,33.21,3.69,7.58,1
33.0,74.375,2023-05-19,15,112.92,7.5280000000000005,21.42,1
33.0,74.375,2023-05-20,8,333.02,41.6275,185.0,1
33.0,74.375,2023-05-21,4,22.77,5.6925,8.59,1
33.0,74.375,2023-05-22,1,2.42,2.42,2.42,1
33.0,74.375,2023-05-27,1,1.49,1.49,1.49,1
33.0,74.375,2023-06-04,2,4.82,2.41,2.55,1
33.0,74.375,2023-06-06,5,20.1,4.0200000000000005,6.82,1
33.0,74.375,2023-06-09,2,4.79,2.395,2.7,1
33.0,74.375,2023-06-10,1,2.94,2.94,2.94,1
33.0,74.375,2023-06-11,1,5.11,5.11,5.11,1
33.0,74.375,2023-06-17,1,4.47,4.47,4.47,1
33.0,74.375,2023-06-25,1,15.59,15.59,15.59,1
33.0,74.375,2023-10-06,1,4.51,4.51,4.51,1
33.0,74.375,2023-10-13,1,3.28,3.28,3.28,1
33.0,74.375,2023-10-25,1,4.39,4.39,4.39,1
33.0,74.375,2023-10-31,1,2.59,2.59,2.59,1
33.0,74.375,2023-11-01,1,1.56,1.56,1.56,1
33.0,74.375,2023-11-05,2,9.73,4.865,6.74,1
33.0,74.375,2023-11-06,4,16.04,4.01,5.59,1
33.0,74.375,2023-11-08,1,3.27,3.27,3.27,1
33.0,74.375,2023-11-09,2,8.18,4.09,5.56,1
33.0,74.375,2023-11-11,2,40.32,20.16,33.88,1
33.0,74.375,2023-11-14,3,9.95,3.3166666666666664,4.2,1
33.0,74.375,2023-11-15,3,10.98,3.66,4.44,1
33.0,74.375,2023-11-17,3,13.21,4.403333333333333,5.17,1
33.0,74.375,2023-11-18,3,10.38,3.4600000000000004,4.78,1
33.0,74.375,2023-11-20,3,10.99,3.6633333333333336,5.55,1
33.0,74.375,2023-11-21,5,11.780000000000001,2.3560000000000003,3.96,1
33.0,74.375,2023-11-22,1,2.34,2.34,2.34,1
33.0,74.375,2023-11-24,2,16.61,8.305,9.45,1
33.0,74.375,2023-12-01,2,12.66,6.33,7.66,1
33.0,74.375,2023-12-02,1,1.61,1.61,1.61,1
33.0,74.375,2023-12-06,1,3.09,3.09,3.09,1
33.0,74.375,2023-12-07,1,5.67,5.67,5.67,1
33.0,74.375,2023-12-08,6,18.28,3.046666666666667,4.86,1
33.0,74.375,2023-12-10,2,3.7300000000000004,1.8650000000000002,1.87,1
33.0,74.375,2023-12-11,2,11.32,5.66,6.46,1
33.0,74.375,2023-12-12,6,17.83,2.9716666666666662,6.37,1
33.0,74.375,2023-12-13,2,6.2,3.1,4.24,1
33.0,74.375,2023-12-18,4,13.530000000000001,3.3825000000000003,4.99,1
33.0,74.375,2023-12-22,2,24.25,12.125,16.91,1
33.0,74.375,2023-12-23,2,9.57,4.785,5.46,1
33.0,74.375,2023-12-27,1,7.8,7.8,7.8,1
33.0,74.375,2023-12-29,2,9.2,4.6,5.8,1
33.0,74.375,2024-01-03,1,12.46,12.46,12.46,1
33.0,74.375,2024-01-04,1,3.1,3.1,3.1,1
33.0,74.375,2024-01-10,1,4.91,4.91,4.91,1
33.0,74.375,2024-01-14,1,4.36,4.36,4.36,1
33.0,74.375,2024-01-17,8,52.53,6.56625,9.06,1
33.0,74.375,2024-01-18,2,8.2,4.1,5.32,1
33.0,74.375,2024-01-26,5,23.66,4.732,6.3,1
33.0,74.375,2024-01-27,6,75.43,12.571666666666667,24.37,1
33.0,74.375,2024-02-02,5,25.0,5.0,14.68,1
33.0,74.375,2024-02-05,4,20.95,5.2375,9.68,1
33.0,74.375,2024-02-06,6,52.97,8.828333333333333,11.51,1
33.0,74.375,2024-02-08,3,6.43,2.143333333333333,2.32,1
33.0,74.375,2024-02-09,4,11.239999999999998,2.8099999999999996,6.14,1
33.0,74.375,2024-02-10,3,8.07,2.69,3.16,1
33.0,74.375,2024-02-11,5,43.120000000000005,8.624,9.59,1
33.0,74.375,2024-02-13,8,49.67,6.20875,11.74,1
33.0,74.375,2024-02-14,23,831.49,36.151739130434784,58.08,1
33.0,74.375,2024-02-15,1,3.06,3.06,3.06,1
33.0,74.375,2024-02-16,4,22.82,5.705,7.91,1
33.0,74.375,2024-02-17,3,18.8,6.266666666666667,8.1,1
33.0,74.375,2024-02-22,1,6.39,6.39,6.39,1
33.0,74.375,2024-02-23,7,38.32,5.474285714285714,7.94,1
33.0,74.375,2024-02-24,6,13.07,2.1783333333333332,5.67,1
33.0,74.375,2024-02-25,2,8.22,4.11,4.11,1
33.0,74.375,2024-02-26,2,5.43,2.715,3.29,1
33.0,74.375,2024-02-27,2,4.14,2.07,2.15,1
33.0,74.375,2024-02-28,2,4.68,2.34,3.05,1
33.0,74.375,2024-03-07,1,3.58,3.58,3.58,1
33.0,74.375,2024-03-09,2,5.88,2.94,4.49,1
33.0,74.375,2024-03-18,4,9.82,2.455,2.93,1
33.0,74.375,2024-03-24,5,6.65,1.33,1.89,1
33.0,74.375,2024-03-25,12,168.68,14.056666666666667,22.42,1
33.0,74.375,2024-03-31,1,3.07,3.07,3.07,1
33.0,74.375,2024-04-03,3,1.92,0.64,0.76,1
33.0,74.375,2024-04-07,4,13.549999999999999,3.3874999999999997,3.8,1
33.0,74.375,2024-04-08,1,1.24,1.24,1.24,1
33.0,74.375,2024-04-09,1,3.71,3.71,3.71,1
33.0,74.375,2024-04-10,2,15.629999999999999,7.8149999999999995,9.08,1
33.0,74.375,2024-04-11,1,7.33,7.33,7.33,1
33.0,74.375,2024-04-24,1,4.32,4.32,4.32,1
33.0,74.375,2024-04-25,1,2.47,2.47,2.47,1
33.0,74.375,2024-05-04,2,7.81,3.905,4.64,1
33.0,74.375,2024-05-05,1,4.25,4.25,4.25,1
33.0,74.375,2024-05-06,19,241.14,12.69157894736842,18.28,1
33.0,74.375,2024-05-07,15,263.76,17.584,70.63,1
33.0,74.375,2024-05-08,10,37.44,3.7439999999999998,6.82,1
33.0,74.375,2024-05-09,7,27.240000000000002,3.891428571428572,7.7,1
33.0,74.375,2024-05-12,2,2.34,1.17,1.36,1
33.0,74.375,2024-05-13,56,315.82,5.639642857142857,19.05,1
33.0,74.375,2024-05-14,20,272.08,13.604,29.9,1
33.0,74.375,2024-05-15,13,167.38,12.875384615384615,25.21,1
33.0,74.375,2024-05-16,22,169.69,7.713181818181818,13.08,1
33.0,74.375,2024-05-17,30,165.69,5.523,14.64,1
33.0,74.375,2024-05-18,10,42.4,4.24,6.59,1
33.0,74.375,2024-05-19,20,83.92,4.196,13.85,1
33.0,74.375,2024-05-20,33,182.98999999999998,5.545151515151515,13.54,1
33.0,74.375,2024-05-21,10,53.72,5.372,17.56,1
33.0,74.375,2024-05-22,20,110.71000000000001,5.535500000000001,11.97,1
33.0,74.375,2024-05-23,5,19.83,3.9659999999999997,5.78,1
33.0,74.375,2024-05-24,10,41.48,4.148,7.29,1
33.0,74.375,2024-05-25,1,6.35,6.35,6.35,1
33.0,74.375,2024-05-26,3,29.82,9.94,14.07,1
33.0,74.375,2024-05-27,3,17.65,5.883333333333333,6.53,1
33.0,74.375,2024-05-28,28,79.74000000000001,2.8478571428571433,6.72,1
33.0,74.375,2024-05-29,45,285.04,6.334222222222222,22.73,1
33.0,74.375,2024-06-04,7,43.74,6.248571428571429,17.42,1
33.0,74.375,2024-06-06,1,0.4,0.4,0.4,1
33.0,74.375,2024-06-07,1,6.19,6.19,6.19,1
33.0,74.375,2024-06-09,7,29.22,4.174285714285714,13.78,1
33.0,74.375,2024-06-10,7,25.580000000000002,3.6542857142857144,6.98,1
33.0,74.375,2024-06-11,6,46.05,7.675,20.93,1
33.0,74.375,2024-06-12,23,291.84999999999997,12.689130434782607,36.55,1
33.0,74.375,2024-06-13,14,84.3,6.021428571428571,11.56,1
33.0,74.375,2024-06-16,9,60.93,6.77,12.57,1
33.0,74.375,2024-06-17,1,1.94,1.94,1.94,1
33.0,74.375,2024-06-18,2,13.83,6.915,10.02,1
33.0,74.375,2024-06-19,4,32.230000000000004,8.057500000000001,9.8,1
33.0,74.375,2024-06-21,6,11.81,1.9683333333333335,3.1,1
33.0,74.375,2024-06-22,14,40.660000000000004,2.9042857142857144,6.74,1
33.0,74.375,2024-06-23,14,43.62,3.1157142857142857,10.42,1
33.0,74.375,2024-06-24,4,11.98,2.995,5.07,1
33.0,74.375,2024-06-26,3,10.02,3.34,3.34,1
33.0,74.375,2024-10-12,2,4.48,2.24,3.06,1
33.0,74.375,2024-10-17,1,2.95,2.95,2.95,1
33.0,74.375,2024-10-26,1,3.65,3.65,3.65,1
33.0,74.375,2024-11-02,2,4.9,2.45,3.22,1
33.0,74.375,2024-11-07,1,2.69,2.69,2.69,1
33.0,74.375,2024-11-08,1,1.88,1.88,1.88,1
33.0,74.375,2024-11-12,4,13.940000000000001,3.4850000000000003,4.75,1
33.0,74.375,2024-11-13,1,2.85,2.85,2.85,1
33.0,74.375,2024-11-15,1,1.63,1.63,1.63,1
33.0,74.375,2024-11-17,1,4.2,4.2,4.2,1
33.0,74.375,2024-11-18,7,12.11,1.73,2.37,1
33.0,74.375,2024-11-19,1,2.5,2.5,2.5,1
33.0,74.375,2024-11-26,1,9.04,9.04,9.04,1
33.0,74.375,2024-12-05,2,6.800000000000001,3.4000000000000004,4.7,1
33.0,74.375,2024-12-07,4,56.35,14.0875,27.21,1
33.0,74.375,2024-12-09,1,2.39,2.39,2.39,1
33.0,74.375,2024-12-10,3,8.16,2.72,3.41,1
33.0,74.375,2024-12-13,8,45.82,5.7275,7.08,1
33.0,74.375,2024-12-16,1,2.58,2.58,2.58,1
33.0,74.375,2024-12-19,3,8.2,2.733333333333333,3.27,1
33.0,74.375,2024-12-20,3,13.719999999999999,4.573333333333333,10.11,1
33.0,74.375,2024-12-21,1,4.72,4.72,4.72,1
33.0,74.375,2024-12-24,3,7.49,2.4966666666666666,2.96,1
33.0,74.375,2024-12-25,1,3.7,3.7,3.7,1
33.0,74.375,2024-12-26,5,12.239999999999998,2.4479999999999995,3.76,1
33.0,74.375,2025-01-04,2,4.359999999999999,2.1799999999999997,2.38,1
33.0,74.375,2025-01-08,2,6.58,3.29,4.0,1
33.0,74.375,2025-01-09,1,3.51,3.51,3.51,1
33.0,74.375,2025-01-13,2,7.83,3.915,5.22,1
33.0,74.375,2025-01-14,2,9.46,4.73,5.06,1
33.0,74.375,2025-01-15,3,25.24,8.413333333333332,9.59,1
33.0,74.375,2025-01-16,1,2.22,2.22,2.22,1
33.0,74.375,2025-01-19,5,12.06,2.412,4.17,1
33.0,74.375,2025-01-20,7,68.09,9.727142857142857,17.23,1
33.0,74.375,2025-01-21,17,108.0,6.352941176470588,15.85,1
33.0,74.375,2025-01-22,11,120.89999999999999,10.99090909090909,35.7,1
33.0,74.375,2025-01-23,6,35.85,5.9750000000000005,11.79,1
33.0,74.375,2025-01-24,2,5.48,2.74,3.12,1
33.0,74.375,2025-01-25,6,24.67,4.111666666666667,6.66,1
33.0,74.375,2025-01-26,11,32.65,2.9681818181818183,4.59,1
33.0,74.375,2025-01-27,4,9.58,2.395,3.49,1
33.0,74.375,2025-01-28,2,6.01,3.005,3.63,1
33.0,74.375,2025-01-30,2,9.82,4.91,5.7,1
33.0,74.375,2025-02-01,1,2.8,2.8,2.8,1
33.0,74.375,2025-02-02,2,11.52,5.76,8.14,1
33.0,74.375,2025-02-03,2,4.2,2.1,2.23,1
33.0,74.375,2025-02-04,2,8.0,4.0,4.34,1
33.0,74.375,2025-02-05,1,1.45,1.45,1.45,1
33.0,74.375,2025-02-06,12,90.78,7.565,16.54,1
33.0,74.375,2025-02-07,2,7.78,3.89,5.37,1
33.0,74.375,2025-02-09,12,227.35,18.945833333333333,69.59,1
33.0,74.375,2025-02-10,1,2.5,2.5,2.5,1
33.0,74.375,2025-02-11,4,27.11,6.7775,14.37,1
33.0,74.375,2025-02-12,3,14.75,4.916666666666667,7.44,1
33.0,74.375,2025-02-13,7,20.44,2.9200000000000004,5.99,1
33.0,74.375,2025-02-14,4,13.26,3.315,4.61,1
33.0,74.375,2025-02-15,3,7.04,2.3466666666666667,3.81,1
33.0,74.375,2025-02-16,1,5.62,5.62,5.62,1
33.0,74.375,2025-02-17,3,7.390000000000001,2.4633333333333334,3.39,1
33.0,74.375,2025-02-18,6,22.88,3.813333333333333,6.33,1
33.0,74.375,2025-02-19,2,8.34,4.17,6.62,1
33.0,74.375,2025-02-23,3,6.82,2.2733333333333334,2.81,1
33.0,74.375,2025-03-20,2,19.38,9.69,11.29,1
33.0,74.375,2025-03-21,1,0.41,0.41,0.41,1
33.0,74.375,2025-03-22,1,3.04,3.04,3.04,1
33.0,74.375,2025-03-23,1,2.31,2.31,2.31,1
33.0,74.375,2025-03-26,1,3.62,3.62,3.62,1
33.0,74.375,2025-03-29,2,1.56,0.78,0.78,1
33.0,74.375,2025-03-30,3,2.74,0.9133333333333334,1.3,1
33.0,74.375,2025-03-31,1,5.24,5.24,5.24,1
33.0,74.375,2025-04-02,1,2.38,2.38,2.38,1
33.0,74.375,2025-04-07,9,234.74,26.082222222222224,46.49,1
33.0,74.375,2025-04-12,2,9.6,4.8,4.8,1
33.0,74.375,2025-04-16,2,8.79,4.395,5.85,1
33.0,74.375,2025-04-18,1,1.65,1.65,1.65,1
33.0,74.375,2025-04-22,1,3.82,3.82,3.82,1
33.0,74.375,2025-04-24,1,2.33,2.33,2.33,1
33.0,74.375,2025-04-26,2,4.6,2.3,3.79,1
33.0,74.375,2025-05-01,1,4.69,4.69,4.69,1
33.0,74.375,2025-05-06,8,54.53,6.81625,15.78,1
33.0,74.375,2025-05-07,6,31.4,5.233333333333333,6.13,1
33.0,74.375,2025-05-10,26,109.11,4.196538461538461,14.73,1
33.0,74.375,2025-05-11,44,250.34,5.6895454545454545,14.84,1
33.0,74.375,2025-05-12,8,47.54,5.9425,20.34,1
33.0,74.375,2025-05-13,19,197.77,10.408947368421053,17.68,1
33.0,74.375,2025-05-14,19,299.57,15.766842105263157,43.98,1
33.0,74.375,2025-05-15,4,18.950000000000003,4.737500000000001,6.62,1
33.0,74.375,2025-05-16,11,54.68,4.970909090909091,9.49,1
33.0,74.375,2025-05-17,6,39.14,6.523333333333333,19.31,1
33.0,74.375,2025-05-18,6,32.160000000000004,5.36,10.57,1
33.0,74.375,2025-05-19,5,11.190000000000001,2.2380000000000004,2.35,1
33.0,74.375,2025-05-20,8,29.57,3.69625,5.12,1
33.0,74.375,2025-05-21,4,13.09,3.2725,5.47,1
33.0,74.375,2025-05-22,4,33.25,8.3125,11.94,1
33.0,74.375,2025-05-23,6,53.56,8.926666666666668,12.23,1
33.0,74.375,2025-05-24,4,24.27,6.0675,6.85,1
33.0,74.375,2025-05-25,3,24.36,8.12,11.29,1
33.0,74.375,2025-05-26,2,6.66,3.33,5.66,1
33.0,74.375,2025-05-27,6,21.95,3.658333333333333,7.53,1
33.0,74.375,2025-05-28,3,15.889999999999999,5.296666666666666,9.86,1
33.0,74.375,2025-05-30,1,11.29,11.29,11.29,1
33.0,74.375,2025-06-01,2,4.89,2.445,4.06,1
33.0,74.375,2025-06-04,1,5.64,5.64,5.64,1
33.0,74.375,2025-06-05,3,11.190000000000001,3.7300000000000004,4.82,1
33.0,74.375,2025-06-06,1,3.44,3.44,3.44,1
33.0,74.375,2025-06-07,3,10.4,3.466666666666667,3.83,1
33.0,74.375,2025-06-08,5,15.35,3.07,6.26,1
33.0,74.375,2025-06-09,5,24.59,4.918,9.19,1
33.0,74.375,2025-06-10,6,28.81,4.801666666666667,8.54,1
33.0,74.375,2025-06-11,7,73.57,10.51,18.77,1
33.0,74.375,2025-06-12,14,51.65,3.689285714285714,7.69,1
33.0,74.375,2025-06-13,6,31.39,5.2316666666666665,9.57,1
33.0,74.375,2025-06-14,6,21.22,3.5366666666666666,4.44,1
33.0,74.375,2025-06-15,3,21.61,7.203333333333333,14.07,1
33.0,74.375,2025-10-23,1,2.74,2.74,2.74,1
33.0,74.375,2025-10-27,1,3.2,3.2,3.2,1
33.0,74.375,2025-10-31,1,2.77,2.77,2.77,1
33.0,74.375,2025-11-01,2,6.58,3.29,3.59,1
33.0,74.375,2025-11-03,1,2.39,2.39,2.39,1
33.0,74.375,2025-11-06,1,2.79,2.79,2.79,1
33.0,74.375,2025-11-08,1,3.33,3.33,3.33,1
33.0,74.375,2025-11-09,1,4.57,4.57,4.57,1
33.0,74.375,2025-11-10,2,5.83,2.915,3.23,1
33.0,74.375,2025-11-11,3,11.780000000000001,3.926666666666667,5.62,1
33.0,74.375,2025-11-14,5,32.92,6.5840000000000005,8.08,1
33.0,74.375,2025-11-15,2,6.16,3.08,3.79,1
33.0,74.375,2025-11-16,3,4.38,1.46,1.53,1
33.0,74.375,2025-11-17,2,7.640000000000001,3.8200000000000003,4.9,1
33.0,74.375,2025-11-20,1,1.93,1.93,1.93,1
33.0,74.375,2025-11-28,4,12.92,3.23,3.82,1
33.0,74.375,2025-11-30,2,12.79,6.395,8.32,1
33.0,74.375,2025-12-01,3,7.78,2.5933333333333333,3.87,1
33.0,74.375,2025-12-07,2,7.41,3.705,4.17,1
33.0,74.375,2025-12-08,3,21.28,7.093333333333334,15.49,1
33.0,74.375,2025-12-10,2,7.029999999999999,3.5149999999999997,4.05,1
33.0,74.375,2025-12-11,1,4.29,4.29,4.29,1
33.0,74.375,2025-12-14,1,4.03,4.03,4.03,1
33.0,74.375,2025-12-15,1,2.49,2.49,2.49,1
33.0,74.375,2025-12-16,1,3.97,3.97,3.97,1
33.0,74.375,2025-12-17,2,5.68,2.84,3.0,1
33.0,74.375,2025-12-23,3,19.169999999999998,6.39,8.85,1
33.0,74.375,2025-12-24,5,27.380000000000003,5.476000000000001,11.81,1
33.0,74.375,2025-12-30,1,3.84,3.84,3.84,1
33.0,75.0,2023-02-27,1,6.7,6.7,6.7,1
33.0,75.0,2023-03-13,1,1.15,1.15,1.15,1
33.0,75.0,2023-03-16,1,2.23,2.23,2.23,1
33.0,75.0,2023-04-12,1,2.46,2.46,2.46,1
33.0,75.0,2023-05-07,1,10.14,10.14,10.14,1
33.0,75.0,2023-05-17,2,7.370000000000001,3.6850000000000005,4.15,1
33.0,75.0,2023-05-19,1,2.61,2.61,2.61,1
33.0,75.0,2023-06-16,1,3.33,3.33,3.33,1
33.0,75.0,2023-10-04,1,1.86,1.86,1.86,1
33.0,75.0,2023-11-15,1,2.97,2.97,2.97,1
33.0,75.0,2023-11-23,1,4.01,4.01,4.01,1
33.0,75.0,2023-12-07,1,7.14,7.14,7.14,1
33.0,75.0,2023-12-24,2,2.3499999999999996,1.1749999999999998,1.38,1
33.0,75.0,2024-01-19,1,2.28,2.28,2.28,1
33.0,75.0,2024-02-09,1,1.94,1.94,1.94,1
33.0,75.0,2024-02-15,1,1.35,1.35,1.35,1
33.0,75.0,2024-02-24,1,0.36,0.36,0.36,1
33.0,75.0,2024-04-08,2,10.43,5.215,5.36,1
33.0,75.0,2024-05-07,1,4.35,4.35,4.35,1
33.0,75.0,2024-05-09,1,3.85,3.85,3.85,1
33.0,75.0,2024-05-13,2,6.16,3.08,3.59,1
33.0,75.0,2024-05-14,3,15.95,5.316666666666666,7.85,1
33.0,75.0,2024-05-15,1,5.74,5.74,5.74,1
33.0,75.0,2024-05-16,2,8.0,4.0,4.07,1
33.0,75.0,2024-05-18,2,6.78,3.39,4.65,1
33.0,75.0,2024-05-19,1,3.69,3.69,3.69,1
33.0,75.0,2024-05-20,3,30.95,10.316666666666666,19.29,1
33.0,75.0,2024-05-21,7,35.83,5.118571428571428,10.07,1
33.0,75.0,2024-05-22,4,10.4,2.6,3.96,1
33.0,75.0,2024-05-24,1,1.64,1.64,1.64,1
33.0,75.0,2024-05-25,5,13.28,2.6559999999999997,6.27,1
33.0,75.0,2024-05-26,19,91.33,4.806842105263158,16.93,1
33.0,75.0,2024-05-27,10,89.09,8.909,37.39,1
33.0,75.0,2024-05-28,15,51.84,3.4560000000000004,4.82,1
33.0,75.0,2024-05-29,18,117.98,6.554444444444445,10.53,1
33.0,75.0,2024-06-04,39,141.21,3.620769230769231,12.99,1
33.0,75.0,2024-06-06,1,1.65,1.65,1.65,1
33.0,75.0,2024-06-07,1,5.67,5.67,5.67,1
33.0,75.0,2024-06-08,8,12.72,1.59,1.71,1
33.0,75.0,2024-06-09,6,12.69,2.1149999999999998,2.59,1
33.0,75.0,2024-06-10,33,82.55,2.5015151515151515,10.03,1
33.0,75.0,2024-06-11,39,155.71,3.9925641025641028,11.1,1
33.0,75.0,2024-06-12,59,265.85,4.505932203389831,11.05,1
33.0,75.0,2024-06-13,18,36.41,2.022777777777778,4.05,1
33.0,75.0,2024-06-14,11,16.88,1.5345454545454544,3.88,1
33.0,75.0,2024-06-15,19,36.13,1.9015789473684213,3.09,1
33.0,75.0,2024-06-16,30,149.27,4.975666666666667,26.16,1
33.0,75.0,2024-06-17,25,100.61,4.0244,9.86,1
33.0,75.0,2024-06-18,9,20.22,2.2466666666666666,3.29,1
33.0,75.0,2024-06-19,19,165.53,8.712105263157895,27.82,1
33.0,75.0,2024-06-20,3,7.3999999999999995,2.4666666666666663,3.01,1
33.0,75.0,2024-06-21,1,1.3,1.3,1.3,1
33.0,75.0,2024-06-23,6,15.15,2.525,4.03,1
33.0,75.0,2024-06-24,2,14.57,7.285,10.07,1
33.0,75.0,2024-06-25,2,6.98,3.49,5.21,1
33.0,75.0,2024-06-26,4,17.19,4.2975,7.37,1
33.0,75.0,2024-09-11,1,3.71,3.71,3.71,1
33.0,75.0,2024-12-02,2,13.5,6.75,7.27,1
33.0,75.0,2024-12-05,2,3.02,1.51,1.68,1
33.0,75.0,2024-12-10,1,3.22,3.22,3.22,1
33.0,75.0,2024-12-17,1,4.15,4.15,4.15,1
33.0,75.0,2024-12-20,1,2.22,2.22,2.22,1
33.0,75.0,2025-01-30,1,3.15,3.15,3.15,1
33.0,75.0,2025-02-06,1,4.75,4.75,4.75,1
33.0,75.0,2025-02-11,1,0.48,0.48,0.48,1
33.0,75.0,2025-02-13,2,4.83,2.415,2.44,1
33.0,75.0,2025-02-17,2,2.73,1.365,1.68,1
33.0,75.0,2025-02-18,1,4.12,4.12,4.12,1
33.0,75.0,2025-03-07,3,18.54,6.18,8.84,1
33.0,75.0,2025-03-17,1,3.81,3.81,3.81,1
33.0,75.0,2025-03-24,2,5.6,2.8,3.21,1
33.0,75.0,2025-03-29,1,0.52,0.52,0.52,1
33.0,75.0,2025-04-08,1,7.04,7.04,7.04,1
33.0,75.0,2025-04-14,2,9.45,4.725,5.19,1
33.0,75.0,2025-04-21,1,3.55,3.55,3.55,1
33.0,75.0,2025-04-24,2,9.07,4.535,4.63,1
33.0,75.0,2025-04-28,1,4.29,4.29,4.29,1
33.0,75.0,2025-05-06,2,14.39,7.195,10.33,1
33.0,75.0,2025-05-07,4,17.32,4.33,4.9,1
33.0,75.0,2025-05-11,3,10.99,3.6633333333333336,6.11,1
33.0,75.0,2025-05-13,2,10.829999999999998,5.414999999999999,5.81,1
33.0,75.0,2025-05-14,6,34.27,5.711666666666667,8.65,1
33.0,75.0,2025-05-15,6,42.57,7.095,11.37,1
33.0,75.0,2025-05-19,2,5.5,2.75,3.53,1
33.0,75.0,2025-05-20,3,5.01,1.67,2.13,1
33.0,75.0,2025-05-21,2,4.24,2.12,2.27,1
33.0,75.0,2025-05-22,1,8.77,8.77,8.77,1
33.0,75.0,2025-05-24,2,5.9399999999999995,2.9699999999999998,3.4,1
33.0,75.0,2025-05-25,2,13.07,6.535,8.99,1
33.0,75.0,2025-05-29,2,21.79,10.895,18.49,1
33.0,75.0,2025-06-01,2,9.54,4.77,5.45,1
33.0,75.0,2025-06-02,2,17.48,8.74,11.28,1
33.0,75.0,2025-06-04,1,0.51,0.51,0.51,1
33.0,75.0,2025-06-05,2,7.87,3.935,5.42,1
33.0,75.0,2025-06-07,3,8.43,2.81,3.02,1
33.0,75.0,2025-06-08,8,12.309999999999999,1.5387499999999998,1.93,1
33.0,75.0,2025-06-09,17,99.33,5.842941176470588,20.95,1
33.0,75.0,2025-06-10,7,15.33,2.19,4.83,1
33.0,75.0,2025-06-11,9,28.28,3.1422222222222222,9.73,1
33.0,75.0,2025-06-13,1,2.65,2.65,2.65,1
33.0,75.0,2025-06-14,7,34.77,4.967142857142858,9.75,1
33.0,75.0,2025-06-15,2,17.99,8.995,10.52,1
33.0,75.0,2025-10-31,1,2.87,2.87,2.87,1
33.0,75.0,2025-11-17,1,2.07,2.07,2.07,1
33.0,75.0,2025-12-08,1,2.48,2.48,2.48,1
33.0,75.625,2023-03-13,1,1.29,1.29,1.29,1
33.0,75.625,2023-09-27,1,2.08,2.08,2.08,1
33.0,75.625,2023-12-09,1,6.97,6.97,6.97,1
33.0,75.625,2023-12-16,1,3.45,3.45,3.45,1
33.0,75.625,2023-12-20,4,23.619999999999997,5.904999999999999,7.52,1
33.0,75.625,2024-01-09,1,1.98,1.98,1.98,1
33.0,75.625,2024-01-11,1,2.2,2.2,2.2,1
33.0,75.625,2024-01-13,1,0.76,0.76,0.76,1
33.0,75.625,2024-01-14,2,2.45,1.225,1.76,1
33.0,75.625,2024-01-21,3,12.89,4.296666666666667,6.31,1
33.0,75.625,2024-01-22,1,0.83,0.83,0.83,1
33.0,75.625,2024-01-23,1,1.2,1.2,1.2,1
33.0,75.625,2024-02-15,4,16.35,4.0875,6.18,1
33.0,75.625,2024-03-17,1,0.37,0.37,0.37,1
33.0,75.625,2024-03-27,1,7.49,7.49,7.49,1
33.0,75.625,2024-04-02,2,10.3,5.15,5.15,1
33.0,75.625,2024-06-04,5,17.78,3.556,6.56,1
33.0,75.625,2024-06-05,1,3.28,3.28,3.28,1
33.0,75.625,2024-06-07,1,0.54,0.54,0.54,1
33.0,75.625,2024-06-09,1,2.16,2.16,2.16,1
33.0,75.625,2024-06-11,5,21.32,4.264,4.85,1
33.0,75.625,2024-06-12,13,63.95,4.9192307692307695,9.14,1
33.0,75.625,2024-06-13,21,66.63,3.1728571428571426,10.72,1
33.0,75.625,2024-06-14,1,1.58,1.58,1.58,1
33.0,75.625,2024-06-15,8,18.2,2.275,6.44,1
33.0,75.625,2024-06-16,2,13.79,6.895,9.93,1
33.0,75.625,2024-06-17,1,1.94,1.94,1.94,1
33.0,75.625,2024-06-18,7,24.36,3.48,10.38,1
33.0,75.625,2024-10-26,1,0.76,0.76,0.76,1
33.0,75.625,2024-10-27,2,5.95,2.975,4.98,1
33.0,75.625,2024-10-29,1,1.43,1.43,1.43,1
33.0,75.625,2024-10-31,2,14.04,7.02,7.02,1
33.0,75.625,2024-11-02,2,5.2299999999999995,2.6149999999999998,4.01,1
33.0,75.625,2024-11-07,1,2.7,2.7,2.7,1
33.0,75.625,2024-11-08,1,4.08,4.08,4.08,1
33.0,75.625,2024-11-09,1,4.16,4.16,4.16,1
33.0,75.625,2024-11-16,1,2.01,2.01,2.01,1
33.0,75.625,2024-11-17,1,3.18,3.18,3.18,1
33.0,75.625,2024-11-21,2,8.46,4.23,6.73,1
33.0,75.625,2024-12-04,3,6.51,2.17,3.33,1
33.0,75.625,2024-12-13,3,14.69,4.8966666666666665,5.93,1
33.0,75.625,2024-12-14,1,1.01,1.01,1.01,1
33.0,75.625,2024-12-15,8,16.03,2.00375,3.45,1
33.0,75.625,2024-12-16,27,112.12,4.152592592592593,21.11,1
33.0,75.625,2024-12-17,23,143.09,6.221304347826087,13.04,1
33.0,75.625,2024-12-18,6,11.01,1.835,3.72,1
33.0,75.625,2024-12-19,23,162.1,7.047826086956522,22.71,1
33.0,75.625,2024-12-20,3,9.61,3.203333333333333,4.35,1
33.0,75.625,2024-12-21,2,9.809999999999999,4.904999999999999,6.77,1
33.0,75.625,2024-12-22,3,15.719999999999999,5.239999999999999,8.78,1
33.0,75.625,2024-12-26,4,19.66,4.915,6.05,1
33.0,75.625,2025-01-14,2,3.6,1.8,1.8,1
33.0,75.625,2025-01-25,1,27.68,27.68,27.68,1
33.0,75.625,2025-01-26,2,7.9,3.95,7.0,1
33.0,75.625,2025-01-29,1,1.71,1.71,1.71,1
33.0,75.625,2025-02-02,1,1.13,1.13,1.13,1
33.0,75.625,2025-03-23,1,11.67,11.67,11.67,1
33.0,75.625,2025-04-01,1,0.99,0.99,0.99,1
33.0,75.625,2025-04-07,3,3.98,1.3266666666666667,1.46,1
33.0,75.625,2025-04-28,1,0.42,0.42,0.42,1
33.0,75.625,2025-05-22,1,2.24,2.24,2.24,1
33.0,75.625,2025-05-23,1,0.67,0.67,0.67,1
33.0,75.625,2025-06-07,1,0.84,0.84,0.84,1
33.0,75.625,2025-11-21,1,1.86,1.86,1.86,1
33.0,75.625,2025-12-19,1,5.46,5.46,5.46,1
33.0,76.25,2023-02-24,2,16.669999999999998,8.334999999999999,9.62,1
33.0,76.25,2023-12-10,1,8.06,8.06,8.06,1
33.0,76.25,2023-12-11,1,7.83,7.83,7.83,1
33.0,76.25,2023-12-13,1,6.08,6.08,6.08,1
33.0,76.25,2023-12-19,9,98.32,10.924444444444443,20.64,1
33.0,76.25,2023-12-20,6,28.060000000000002,4.676666666666667,6.17,1
33.0,76.25,2023-12-21,8,31.990000000000002,3.9987500000000002,12.89,1
33.0,76.25,2023-12-28,4,37.4,9.35,10.8,1
33.0,76.25,2023-12-29,7,25.8,3.685714285714286,5.92,1
33.0,76.25,2024-01-02,3,18.32,6.1066666666666665,8.32,1
33.0,76.25,2024-01-04,1,1.59,1.59,1.59,1
33.0,76.25,2024-01-07,1,35.84,35.84,35.84,1
33.0,76.25,2024-01-08,1,2.13,2.13,2.13,1
33.0,76.25,2024-01-11,6,23.03,3.8383333333333334,10.57,1
33.0,76.25,2024-01-12,3,3.3899999999999997,1.13,1.23,1
33.0,76.25,2024-01-13,5,5.45,1.09,1.59,1
33.0,76.25,2024-01-15,1,3.47,3.47,3.47,1
33.0,76.25,2024-01-16,2,24.740000000000002,12.370000000000001,16.39,1
33.0,76.25,2024-01-18,1,66.27,66.27,66.27,1
33.0,76.25,2024-01-19,3,18.55,6.183333333333334,8.16,1
33.0,76.25,2024-01-21,2,7.260000000000001,3.6300000000000003,6.23,1
33.0,76.25,2024-02-10,1,2.83,2.83,2.83,1
33.0,76.25,2024-02-14,1,3.55,3.55,3.55,1
33.0,76.25,2024-02-15,1,3.25,3.25,3.25,1
33.0,76.25,2024-05-16,1,0.68,0.68,0.68,1
33.0,76.25,2024-05-26,1,1.91,1.91,1.91,1
33.0,76.25,2024-05-27,1,9.74,9.74,9.74,1
33.0,76.25,2024-06-16,1,2.25,2.25,2.25,1
33.0,76.25,2024-06-18,1,1.16,1.16,1.16,1
33.0,76.25,2024-07-20,1,4.06,4.06,4.06,1
33.0,76.25,2024-07-31,2,16.25,8.125,9.37,1
33.0,76.25,2024-10-27,1,0.89,0.89,0.89,1
33.0,76.25,2024-10-28,3,7.72,2.5733333333333333,2.96,1
33.0,76.25,2024-10-29,1,3.98,3.98,3.98,1
33.0,76.25,2024-11-02,1,0.82,0.82,0.82,1
33.0,76.25,2024-11-17,2,3.71,1.855,2.61,1
33.0,76.25,2024-11-18,2,7.12,3.56,5.42,1
33.0,76.25,2024-11-19,1,3.82,3.82,3.82,1
33.0,76.25,2024-11-25,2,1.22,0.61,0.86,1
33.0,76.25,2024-12-01,1,4.76,4.76,4.76,1
33.0,76.25,2024-12-05,3,6.76,2.2533333333333334,3.42,1
33.0,76.25,2024-12-06,2,7.09,3.545,4.71,1
33.0,76.25,2024-12-14,2,7.369999999999999,3.6849999999999996,6.27,1
33.0,76.25,2024-12-16,2,8.99,4.495,4.51,1
33.0,76.25,2024-12-17,5,63.989999999999995,12.797999999999998,26.15,1
33.0,76.25,2024-12-19,1,0.61,0.61,0.61,1
33.0,76.25,2024-12-21,2,15.96,7.98,9.68,1
33.0,76.25,2024-12-25,3,17.65,5.883333333333333,8.66,1
33.0,76.25,2024-12-26,2,6.59,3.295,3.85,1
33.0,76.25,2025-01-08,1,4.86,4.86,4.86,1
33.0,76.25,2025-01-09,4,26.46,6.615,8.32,1
33.0,76.25,2025-01-10,1,5.87,5.87,5.87,1
33.0,76.25,2025-01-23,3,21.39,7.13,7.13,1
33.0,76.25,2025-01-26,1,10.16,10.16,10.16,1
33.0,76.25,2025-01-28,1,12.16,12.16,12.16,1
33.0,76.25,2025-02-15,1,3.0,3.0,3.0,1
33.0,76.25,2025-03-30,2,4.47,2.235,2.98,1
33.0,76.25,2025-03-31,1,6.46,6.46,6.46,1
33.0,76.25,2025-11-11,2,34.0,17.0,17.0,1
33.0,76.25,2025-11-14,3,155.81,51.93666666666667,56.66,1
33.0,76.25,2025-12-11,3,3.75,1.25,1.25,1
33.0,76.25,2025-12-19,1,19.02,19.02,19.02,1
33.0,76.875,2023-11-19,4,67.71000000000001,16.927500000000002,27.3,1
